open,high,low,close,volume,spread,real_volume
7290.539,7293.224,7204.626,7235.501,247465,1,711623
7236.172,7284.499,7235.501,7260.336,196933,1,578437
7260.336,7316.045,7257.651,7305.306,154054,1,487813
7304.635,7329.469,7285.841,7290.539,121478,1,391042
7291.211,7293.224,7249.596,7252.281,110821,1,353473
7252.952,7309.333,7251.61,7287.855,109677,1,347707
7288.526,7314.031,7267.047,7302.621,119332,1,377880
7301.95,7308.662,7290.539,7305.306,67966,1,220410
7305.306,7314.031,7290.539,7293.224,47083,1,150559
7292.553,7296.58,7267.047,7277.115,13402,1,46647
7238.186,7272.417,7225.433,7254.295,220903,1,600928
7254.295,7283.156,7243.556,7258.322,214315,1,622908
7258.993,7269.061,7238.186,7240.2,135040,1,470216
7240.2,7256.308,7189.86,7197.243,153287,1,553057
7197.243,7200.599,7171.066,7173.751,99620,1,341906
7173.751,7184.49,7149.588,7167.71,141724,1,482598
7168.382,7208.653,7167.039,7200.599,88551,1,283474
7200.599,7201.27,7156.971,7162.341,93214,1,308424
7161.67,7176.436,7149.588,7152.944,64547,1,231160
7152.944,7167.039,7148.246,7162.341,12486,1,49374
7158.985,7174.422,7103.275,7126.767,286463,1,812331
7126.767,7150.93,7105.289,7120.727,175869,1,528592
7120.727,7140.191,7089.852,7092.536,158232,1,511070
7092.536,7126.096,7083.811,7103.275,134931,1,454078
7103.275,7152.944,7101.933,7126.096,113253,1,385563
7126.096,7138.849,7116.028,7129.452,76898,1,242763
7129.452,7151.602,7126.767,7142.205,73247,1,239403
7142.876,7181.805,7132.137,7165.026,103757,1,348290
7165.026,7205.969,7161.67,7201.941,64192,1,229982
7201.27,7215.365,7197.914,7201.941,14623,1,56433
7226.104,7230.132,7172.409,7207.311,210548,1,580981
7207.311,7220.735,7163.683,7168.382,177108,1,526394
7169.053,7185.161,7142.205,7142.876,162781,1,513104
7142.205,7148.246,7118.713,7130.795,123809,1,440059
7130.795,7146.903,7115.357,7138.178,92904,1,309749
7138.849,7158.314,7130.123,7146.903,72626,1,241785
7147.574,7149.588,7120.727,7140.191,87750,1,307266
7140.191,7143.547,7116.028,7134.151,76775,1,257210
7134.151,7146.232,7126.767,7128.781,49406,1,163959
7129.452,7132.137,7116.699,7125.425,11569,1,43683
7101.262,7165.697,7099.919,7161.67,195351,1,583222
7160.998,7182.477,7149.588,7179.121,143578,1,416281
7179.121,7198.585,7166.368,7195.901,121514,1,374544
7195.901,7218.05,7195.229,7214.694,97172,1,319098
7214.694,7239.528,7197.243,7207.311,102234,1,367748
7207.311,7232.816,7191.873,7220.735,87588,1,312142
7221.406,7232.145,7207.982,7228.789,67021,1,231073
7228.789,7234.159,7212.009,7232.145,49931,1,162680
7232.145,7244.898,7222.749,7236.172,44543,1,158210
7236.172,7245.569,7222.077,7224.091,15289,1,60693
7189.86,7216.037,7173.751,7207.982,205931,1,590343
7207.311,7212.009,7168.382,7178.45,162056,1,524251
7177.778,7243.556,7173.751,7239.528,168116,1,617704
7239.528,7300.607,7238.857,7279.129,149040,1,620939
7279.8,7314.702,7277.115,7299.265,110893,1,439491
7299.265,7310.004,7284.499,7289.868,82067,1,380810
7289.197,7314.702,7286.512,7313.36,69585,1,219319
7313.36,7318.058,7296.58,7296.58,74564,1,271784
7296.58,7304.635,7281.143,7295.909,57095,1,262143
7295.909,7310.675,7295.238,7305.306,12355,1,47945
7274.431,7287.855,7256.308,7269.732,202313,1,572919
7269.732,7275.773,7221.406,7248.925,174921,1,553591
7248.925,7257.651,7224.762,7239.528,138943,1,444710
7239.528,7258.322,7214.023,7232.145,115880,1,412921
7231.474,7246.912,7218.721,7238.857,83646,1,290869
7238.857,7254.966,7232.145,7233.488,67018,1,217166
7233.488,7234.159,7212.009,7224.762,82757,1,315098
7224.091,7234.159,7215.365,7216.037,48338,1,174634
7216.037,7224.762,7209.996,7216.037,36554,1,125674
7216.708,7220.064,7209.996,7214.694,7988,1,34993
7238.186,7246.912,7185.833,7206.64,187760,1,554921
7207.311,7209.996,7177.778,7189.86,139710,1,425982
7189.86,7198.585,7133.479,7144.218,162469,1,577671
7144.218,7173.751,7140.191,7171.738,103452,1,398033
7171.066,7181.805,7138.178,7148.917,103138,1,345305
7149.588,7156.3,7138.849,7140.862,55028,1,187298
7140.862,7149.588,7121.398,7146.903,86676,1,288648
7146.903,7152.944,7132.808,7140.862,55834,1,190103
7141.534,7145.561,7130.795,7138.178,32748,1,119870
7138.178,7158.314,7133.479,7144.218,9164,1,39275
7175.765,7193.216,7169.053,7182.477,114122,1,318765
7182.477,7183.148,7154.958,7160.327,118291,1,370240
7160.327,7160.998,7130.795,7144.218,103009,1,327850
7144.89,7150.93,7131.466,7136.164,59597,1,203072
7136.835,7138.178,7122.069,7130.123,61917,1,195838
7130.123,7134.822,7109.316,7118.042,64207,1,224641
7118.042,7141.534,7112.001,7138.849,56329,1,179209
7139.52,7169.053,7138.849,7162.341,46631,1,157866
7161.67,7163.012,7153.615,7158.314,19443,1,63515
7158.985,7167.71,7155.629,7164.354,7855,1,32686
7156.3,7181.805,7146.232,7181.134,149791,1,429299
7180.463,7222.077,7180.463,7213.352,139475,1,450870
7214.023,7214.694,7170.395,7175.094,98795,1,316387
7175.094,7182.477,7141.534,7151.602,85743,1,302782
7151.602,7190.531,7149.588,7179.792,70020,1,246357
7179.792,7195.229,7165.026,7181.134,73831,1,242416
7180.463,7188.517,7144.89,7151.602,61122,1,200609
7151.602,7156.971,7143.547,7148.917,33517,1,114502
7148.917,7165.697,7146.903,7163.683,25331,1,85323
7164.354,7185.161,7154.286,7179.121,10946,1,42567
7121.355,7181.136,7087.098,7177.777,149796,1,478777
7177.777,7181.136,7106.577,7142.849,136803,1,460341
7142.177,7145.536,7112.622,7131.43,109437,1,396338
7132.102,7241.589,7128.743,7236.215,151079,1,607623
7236.215,7251.664,7204.645,7228.155,86690,1,340263
7228.155,7244.947,7216.064,7225.468,66626,1,222382
7225.468,7230.842,7190.54,7199.272,70323,1,222370
7199.272,7208.675,7181.807,7183.151,47225,1,151526
7183.823,7203.974,7173.747,7203.974,45369,1,160134
7203.974,7206.66,7165.687,7167.03,14263,1,70731
7142.849,7160.985,7115.309,7121.355,241296,1,673249
7121.355,7144.864,7091.128,7098.517,193824,1,606886
7097.845,7110.607,7067.619,7077.022,174533,1,588972
7077.694,7081.053,7053.513,7055.528,104122,1,364417
7055.528,7080.381,7044.781,7070.977,100029,1,330331
7071.649,7072.992,7048.811,7062.245,75291,1,255933
7061.573,7072.992,7009.853,7021.271,101373,1,376680
7021.271,7038.064,7017.241,7024.63,63970,1,255024
7025.302,7032.69,7004.479,7011.868,45530,1,195188
7011.868,7012.539,6990.373,6997.09,14738,1,65575
7020.6,7060.23,7009.853,7038.064,220224,1,642662
7038.064,7041.422,6994.403,7020.6,201859,1,672371
7020.6,7049.483,7012.539,7030.675,141288,1,473652
7031.347,7042.094,7015.898,7021.943,95215,1,345576
7021.271,7039.407,7016.569,7037.392,66529,1,239845
7037.392,7044.109,7023.958,7033.362,54827,1,198106
7033.362,7055.528,7032.019,7054.185,63956,1,259958
7054.185,7059.558,7039.407,7042.094,54509,1,207158
7041.422,7044.109,7020.6,7028.66,42284,1,149273
7028.66,7030.675,7011.196,7012.539,9398,1,41316
7015.226,7027.988,6990.373,6997.762,223184,1,627234
6997.762,7003.807,6942.011,6952.758,196749,1,663282
6952.758,6962.162,6910.441,6913.128,138368,1,480330
6912.456,6913.128,6887.603,6888.275,123681,1,491110
6888.275,6900.366,6880.886,6884.916,81411,1,297414
6884.916,6913.8,6884.916,6902.381,74139,1,268997
6902.381,6910.441,6888.947,6907.083,76488,1,291048
6906.411,6916.486,6897.679,6902.381,51059,1,199195
6903.052,6960.818,6889.618,6928.577,82873,1,318454
6928.577,6939.996,6917.158,6923.203,12837,1,47834
6917.158,6936.637,6884.245,6932.607,202228,1,582388
6932.607,6958.132,6907.754,6949.4,187636,1,603530
6949.4,6953.43,6921.188,6940.667,128301,1,415406
6941.339,6964.849,6935.966,6948.056,108603,1,382495
6948.728,6957.46,6923.203,6933.95,78217,1,274248
6934.622,6948.728,6926.562,6945.369,57125,1,202696
6946.041,6946.041,6880.886,6886.26,98094,1,352967
6886.26,6896.335,6873.498,6884.245,61819,1,215092
6884.245,6909.098,6883.573,6890.962,51487,1,182871
6890.962,6937.309,6888.947,6930.592,13363,1,53109
6945.369,6945.369,6889.618,6891.633,179392,1,536989
6891.633,6899.022,6834.539,6853.347,192401,1,642211
6853.347,6868.796,6842.599,6864.094,109815,1,378472
6864.094,6870.811,6804.313,6813.716,131070,1,466193
6814.388,6817.747,6794.237,6814.388,92778,1,377496
6813.716,6820.433,6797.596,6809.686,78948,1,293277
6809.686,6843.943,6808.343,6824.464,89721,1,326830
6825.135,6884.245,6811.03,6882.23,97868,1,373856
6882.23,6902.381,6848.645,6860.064,119476,1,502719
6860.735,6876.856,6841.928,6850.66,15364,1,58239
6880.215,6890.29,6832.524,6849.988,257724,1,716833
6850.66,6874.841,6844.615,6866.109,157895,1,502042
6864.765,6866.109,6827.822,6847.301,153153,1,491599
6846.63,6849.988,6801.626,6801.626,128450,1,436917
6801.626,6838.569,6801.626,6827.15,88375,1,299417
6826.479,6878.871,6825.807,6876.184,107423,1,372311
6876.184,6883.573,6855.362,6877.528,90937,1,323513
6877.528,6904.396,6875.513,6888.947,83803,1,303573
6888.947,6890.29,6873.498,6878.199,38767,1,137682
6877.528,6880.886,6870.139,6878.199,8721,1,32704
6852.003,6899.694,6833.867,6882.23,235571,1,668959
6882.23,6895.664,6848.645,6848.645,149193,1,440648
6848.645,6872.826,6843.271,6843.271,127776,1,411121
6843.271,6894.32,6840.584,6882.901,116581,1,418138
6883.573,6937.309,6878.199,6921.188,110499,1,412647
6921.86,6946.041,6917.83,6932.607,89871,1,333187
6933.279,6974.252,6924.547,6972.909,100235,1,354947
6973.581,6982.985,6945.369,6948.056,88075,1,331514
6948.056,6963.505,6938.652,6944.698,51318,1,177715
6944.698,6949.4,6933.279,6948.728,10227,1,40672
6867.452,6895.664,6847.973,6855.362,224113,1,644604
6854.69,6870.811,6825.135,6864.765,185139,1,609734
6864.765,6895.664,6820.433,6829.165,178072,1,624932
6829.837,6831.181,6792.894,6794.909,113436,1,452146
6794.237,6814.388,6778.116,6811.701,106743,1,438751
6812.373,6813.045,6780.803,6800.282,84395,1,311346
6800.282,6804.984,6774.086,6774.758,68125,1,265562
6774.758,6778.116,6759.98,6773.414,67504,1,244525
6772.743,6773.414,6738.486,6743.86,67933,1,264220
6743.86,6769.384,6741.173,6753.935,20039,1,82485
6790.879,6810.358,6770.056,6794.909,194755,1,573033
6794.237,6833.867,6794.237,6833.196,156156,1,456658
6833.196,6836.554,6811.701,6822.448,124950,1,406445
6822.448,6829.165,6772.071,6801.626,121598,1,409701
6801.626,6805.656,6756.622,6792.222,104365,1,343832
6792.222,6802.969,6775.429,6800.282,64295,1,225677
6799.611,6820.433,6784.162,6795.58,77874,1,286007
6795.58,6811.701,6776.101,6781.475,57605,1,184714
6780.803,6806.999,6776.101,6797.596,41576,1,140715
6797.596,6819.762,6792.222,6811.701,14343,1,53335
6769.384,6778.788,6731.097,6735.128,197576,1,568080
6735.128,6773.414,6732.441,6747.89,162867,1,508105
6747.218,6827.822,6738.486,6821.777,168289,1,559408
6821.777,6876.856,6819.762,6872.826,168626,1,615610
6872.826,6892.977,6846.63,6866.781,107076,1,396882
6867.452,6880.886,6849.988,6876.184,78704,1,262127
6875.513,6879.543,6858.048,6875.513,58517,1,195074
6875.513,6890.29,6861.407,6888.275,67133,1,238019
6888.275,6888.275,6866.109,6874.169,44473,1,157462
6874.169,6879.543,6870.811,6874.841,8855,1,35579
6843.271,6872.826,6828.494,6858.72,183453,1,521521
6858.72,6866.109,6825.135,6831.181,177417,1,545532
6831.181,6882.23,6821.777,6876.856,153919,1,483147
6876.856,6884.916,6850.66,6855.362,101847,1,340584
6854.69,6871.482,6840.584,6866.781,87627,1,290946
6866.109,6866.781,6833.867,6841.928,77651,1,262508
6841.928,6851.331,6825.135,6827.15,68464,1,244654
6827.822,6841.256,6825.807,6833.196,42556,1,140620
6833.196,6837.226,6817.747,6827.822,33045,1,117804
6827.15,6839.241,6824.464,6830.509,10742,1,37633
6801.626,6869.467,6798.939,6850.66,189548,1,554675
6851.331,6876.856,6845.286,6856.705,153712,1,468955
6856.705,6859.392,6833.867,6848.645,121126,1,437315
6849.316,6887.603,6848.645,6885.588,86729,1,307472
6884.916,6907.083,6878.199,6888.275,75583,1,276541
6888.275,6907.754,6875.513,6890.962,85406,1,312489
6890.962,6909.098,6860.064,6864.765,97818,1,348555
6864.765,6894.32,6856.033,6860.735,79853,1,277175
6860.735,6860.735,6821.105,6830.509,56315,1,238436
6830.509,6831.181,6821.105,6828.494,8553,1,37056
6797.596,6811.03,6778.788,6802.297,173438,1,512763
6802.297,6823.12,6799.611,6813.045,127155,1,395007
6813.045,6821.777,6786.848,6807.671,134855,1,454944
6807.671,6815.06,6789.535,6791.55,81032,1,300795
6790.879,6796.252,6769.384,6792.894,88383,1,326752
6792.222,6799.611,6781.475,6798.939,51806,1,192358
6798.267,6833.196,6790.879,6827.15,78850,1,304852
6827.15,6828.494,6801.626,6819.09,58463,1,206415
6819.09,6825.807,6802.297,6802.969,37625,1,133847
6802.297,6811.701,6794.237,6794.237,10178,1,43603
6850.66,6868.796,6814.388,6845.958,204119,1,626123
6846.63,6873.498,6834.539,6840.584,129381,1,452090
6840.584,6861.407,6829.837,6843.271,105078,1,359067
6843.943,6851.331,6813.045,6841.256,97573,1,364847
6841.256,6860.735,6824.464,6825.807,62463,1,229920
6825.807,6849.988,6823.792,6844.615,49697,1,171320
6843.943,6854.018,6829.165,6831.181,49769,1,173098
6831.852,6841.256,6815.06,6826.479,46260,1,167067
6826.479,6845.286,6822.448,6829.165,39224,1,143284
6829.165,6860.064,6827.15,6854.018,11487,1,50489
6989.702,7018.585,6954.773,6954.773,209227,1,668516
6954.773,6989.03,6944.026,6950.071,153296,1,496997
6949.4,6951.415,6913.128,6921.188,133342,1,433297
6921.188,6927.905,6906.411,6919.845,97369,1,340139
6919.173,6922.532,6886.26,6891.633,88401,1,315206
6890.962,6903.724,6878.199,6894.992,74958,1,254389
6894.992,6908.426,6868.796,6872.826,88319,1,320914
6873.498,6891.633,6866.781,6881.558,61379,1,231706
6881.558,6903.052,6878.871,6886.932,48696,1,180005
6886.932,6890.962,6872.154,6876.184,10791,1,43052
6899.694,6923.203,6891.633,6917.158,146055,1,405586
6917.158,6917.83,6863.422,6890.962,158434,1,486816
6891.633,6947.384,6884.916,6933.95,150147,1,523484
6934.622,6937.309,6891.633,6907.754,99582,1,348142
6907.754,6943.354,6896.335,6930.592,91626,1,324489
6931.264,6932.607,6915.143,6925.89,50056,1,178086
6925.218,6937.981,6919.173,6934.622,46267,1,171816
6933.95,6942.011,6925.218,6934.622,38862,1,142983
6934.622,6946.713,6930.592,6934.622,36547,1,133368
6934.622,6935.966,6923.203,6931.264,11294,1,51403
6913.128,6923.875,6890.29,6921.86,118553,1,335564
6921.188,6948.728,6916.486,6943.354,140877,1,427816
6942.683,6952.086,6923.875,6940.667,125955,1,424027
6941.339,6993.732,6932.607,6984.328,115790,1,448260
6984.328,7004.479,6973.581,6997.09,76921,1,303412
6997.762,7011.196,6988.358,7003.136,66064,1,241860
7003.136,7005.822,6974.924,6990.373,72014,1,257551
6990.373,6993.06,6978.954,6983.656,39194,1,147843
6983.656,6995.075,6979.626,6991.717,32110,1,128248
6992.388,7012.539,6990.373,7012.539,12976,1,59575
6958.803,6970.894,6936.637,6962.834,139423,1,395360
6962.834,6995.075,6957.46,6991.717,122007,1,389300
6991.045,7064.932,6989.702,7064.26,152509,1,527348
7063.588,7117.324,7057.543,7116.653,116465,1,479735
7117.324,7129.415,7103.89,7128.072,111872,1,467404
7127.4,7134.789,7050.154,7077.022,147631,1,615215
7077.022,7090.456,7054.856,7061.573,76663,1,305187
7061.573,7066.275,7030.675,7037.392,75310,1,274627
7036.72,7058.887,7034.034,7047.468,43803,1,154864
7047.468,7048.811,7034.705,7036.72,11559,1,45547
7021.943,7047.468,6988.358,6989.702,194712,1,559273
6990.373,7001.792,6952.086,6963.505,149541,1,510530
6963.505,7005.822,6948.056,6990.373,133252,1,468516
6990.373,7005.822,6965.52,6970.894,122429,1,439331
6970.894,6970.894,6938.652,6941.339,77383,1,288735
6942.011,6969.551,6935.966,6962.162,73411,1,238834
6962.162,6981.641,6958.803,6973.581,61868,1,231396
6974.252,6977.611,6950.071,6958.803,44401,1,148357
6958.803,7005.822,6957.46,6989.03,52567,1,186332
6989.03,7005.822,6975.596,7004.479,10239,1,33598
6970.226,6993.733,6928.584,6975.599,146768,1,371401
6974.927,7018.583,6947.39,7012.538,112128,1,364074
7012.538,7035.374,6995.076,6997.763,80323,1,307452
6998.434,7002.464,6952.091,6957.464,84409,1,330581
6957.464,6961.494,6922.539,6956.793,65333,1,256049
6956.793,6970.897,6932.614,6944.703,60278,1,186278
6944.032,6969.554,6938.659,6958.808,45473,1,152016
6958.136,6998.434,6952.091,6974.255,62422,1,223641
6974.255,6989.703,6968.882,6976.942,32247,1,104280
6976.27,6998.434,6966.867,6988.36,9765,1,36322
6892.316,6913.137,6880.226,6901.047,140296,1,415506
6901.047,6943.36,6895.674,6932.614,152418,1,467673
6933.286,6944.703,6896.346,6898.361,165343,1,516559
6897.689,7013.21,6895.002,7010.524,157044,1,542416
7009.852,7061.568,6995.076,7055.523,138264,1,466302
7055.523,7088.433,7045.449,7068.284,139610,1,479151
7068.284,7069.627,7029.329,7051.493,100330,1,334535
7051.493,7101.194,7048.807,7083.732,98870,1,320359
7083.732,7105.224,7077.687,7087.09,60604,1,206788
7087.09,7122.687,7086.418,7122.687,16761,1,67605
7106.567,7189.85,7090.448,7176.417,265344,1,786630
7175.746,7197.91,7156.94,7193.88,194663,1,599836
7193.88,7196.566,7102.538,7117.314,199598,1,604243
7117.314,7168.358,7105.896,7143.507,146824,1,475864
7142.836,7163.656,7118.657,7131.418,104732,1,343434
7132.089,7132.089,7095.15,7097.836,100710,1,311330
7097.836,7109.254,7061.568,7076.344,114853,1,382707
7076.344,7086.418,7066.941,7077.687,64244,1,210590
7077.687,7095.821,7070.971,7094.478,46143,1,149262
7094.478,7117.985,7088.433,7112.612,14368,1,52086
7082.389,7142.836,7034.702,7126.716,303132,1,883961
7126.716,7132.761,7058.21,7124.701,219325,1,623757
7124.701,7205.298,7109.254,7172.388,227365,1,703042
7172.388,7185.82,7142.164,7168.358,133591,1,402418
7168.358,7191.865,7162.985,7175.746,88773,1,285536
7175.746,7183.805,7095.15,7108.582,138912,1,488413
7108.582,7110.597,7058.21,7060.896,114695,1,370025
7060.896,7136.791,7058.21,7128.06,122200,1,412541
7128.731,7160.97,7120.0,7124.701,69895,1,215000
7124.701,7148.88,7119.328,7148.88,11887,1,40914
7180.447,7218.73,7137.463,7151.567,303750,1,802077
7152.239,7174.402,7130.746,7162.313,188718,1,497939
7161.641,7213.357,7124.03,7203.283,204124,1,587163
7203.283,7239.551,7187.835,7229.477,147994,1,460117
7229.477,7268.431,7222.76,7262.387,115537,1,396993
7263.058,7275.819,7233.506,7254.327,115186,1,399710
7253.655,7265.745,7234.85,7241.566,87881,1,287739
7241.566,7263.73,7234.85,7257.685,73202,1,242614
7257.014,7282.536,7254.999,7260.372,62891,1,219657
7260.372,7285.222,7246.939,7281.864,19900,1,77127
7236.865,7236.865,7199.925,7219.402,194281,1,552935
7218.73,7220.074,7153.582,7166.343,215463,1,649939
7166.343,7259.028,7159.627,7250.969,208172,1,679165
7250.969,7279.177,7234.178,7248.282,153374,1,518783
7248.282,7262.387,7222.76,7240.894,102863,1,341908
7241.566,7263.058,7217.387,7221.417,93646,1,306186
7221.417,7313.431,7217.387,7292.61,125313,1,422143
7292.61,7294.625,7263.73,7279.849,76295,1,242602
7279.849,7288.58,7256.342,7287.909,56136,1,185735
7287.909,7293.282,7280.521,7283.879,11893,1,45627
7330.222,7392.012,7324.849,7369.177,201631,1,559863
7369.177,7404.102,7355.072,7389.997,216545,1,612486
7390.669,7410.146,7367.162,7381.938,185015,1,546120
7381.938,7408.131,7379.923,7396.714,105210,1,333953
7396.714,7414.848,7367.162,7370.52,121678,1,397951
7370.52,7392.012,7351.042,7376.565,120643,1,366029
7377.236,7387.982,7354.401,7360.445,76414,1,233553
7359.774,7399.4,7359.102,7395.37,78172,1,244773
7395.37,7404.773,7381.938,7403.43,54618,1,173902
7402.758,7408.131,7373.206,7373.206,17731,1,59622
7354.401,7385.296,7339.625,7342.983,250325,1,634244
7343.654,7380.594,7337.61,7354.401,167213,1,459260
7354.401,7383.281,7342.311,7349.028,129872,1,417493
7348.356,7365.147,7298.655,7310.073,161346,1,517927
7310.073,7312.088,7268.431,7275.148,125506,1,421279
7275.819,7287.909,7238.879,7241.566,107801,1,336714
7241.566,7242.909,7189.178,7193.208,136240,1,476089
7193.208,7195.895,7148.209,7150.224,116968,1,416353
7150.224,7170.373,7140.149,7152.239,70470,1,231706
7151.567,7158.955,7144.851,7158.955,13591,1,48436
7188.507,7197.238,7137.463,7155.597,248314,1,713364
7156.268,7181.79,7085.075,7085.075,230244,1,681052
7085.075,7193.208,7083.732,7181.119,220036,1,690062
7181.119,7189.178,7097.836,7099.179,190308,1,620169
7099.179,7124.03,7092.463,7114.627,98427,1,356454
7114.627,7162.985,7113.955,7127.388,114987,1,365322
7127.388,7146.194,7111.94,7120.672,82840,1,262770
7120.672,7140.821,7107.239,7138.806,73599,1,236983
7139.477,7142.836,7124.701,7134.104,41989,1,135212
7134.104,7138.806,7121.343,7123.358,10159,1,40975
7115.299,7119.328,7062.239,7083.06,221491,1,603484
7083.06,7102.538,7072.986,7083.732,157428,1,466036
7083.732,7126.045,7081.717,7089.776,186300,1,584539
7089.776,7095.821,7021.27,7027.314,168495,1,551903
7027.986,7032.016,7005.151,7028.658,103712,1,367943
7028.658,7033.359,6977.613,6988.36,112472,1,354127
6987.688,7007.837,6976.942,6982.987,101843,1,343864
6982.315,7003.807,6982.315,7002.464,60271,1,194861
7002.464,7007.165,6980.3,6995.076,53261,1,175041
6995.076,6995.748,6982.315,6983.658,12394,1,46508
7044.105,7085.747,7035.374,7075.672,177061,1,501084
7075.001,7092.463,7048.135,7090.448,170089,1,481439
7091.12,7109.926,7062.911,7078.359,162843,1,475950
7078.359,7115.97,7064.926,7073.657,148874,1,478948
7073.657,7097.836,7019.926,7067.613,128499,1,423100
7068.284,7088.433,7055.523,7065.598,93196,1,304001
7065.598,7125.373,7060.896,7100.523,105406,1,335879
7100.523,7127.388,7099.179,7126.045,56602,1,193648
7126.045,7136.119,7107.239,7122.015,52605,1,177791
7121.343,7130.746,7108.582,7111.94,9902,1,42715
7137.463,7138.806,7091.791,7118.657,167724,1,448039
7118.657,7132.761,7089.776,7124.701,161847,1,459855
7125.373,7152.239,7079.702,7081.045,156337,1,491952
7080.374,7093.806,7036.046,7042.762,144182,1,465690
7043.434,7084.403,7037.389,7075.001,77946,1,251049
7075.001,7089.776,7066.941,7078.359,66552,1,199934
7078.359,7119.328,7068.284,7113.955,82339,1,250968
7113.955,7130.075,7101.194,7128.731,53025,1,163037
7129.403,7131.418,7111.269,7117.985,33031,1,104248
7117.985,7124.03,7109.926,7122.015,6039,1,24152
7079.702,7104.552,7041.419,7070.971,232953,1,660332
7071.642,7097.164,7064.254,7090.448,159646,1,441553
7091.12,7143.507,7087.09,7137.463,178100,1,568139
7136.791,7169.701,7123.358,7154.253,137188,1,437843
7153.582,7187.164,7149.552,7170.373,99378,1,338318
7170.373,7181.119,7140.149,7174.402,111039,1,378240
7174.402,7206.641,7167.686,7184.477,105938,1,355804
7184.477,7193.208,7175.746,7183.134,54710,1,185178
7182.462,7197.91,7173.731,7191.865,41291,1,134788
7191.193,7214.701,7191.193,7203.283,12883,1,49586
7170.373,7197.238,7138.806,7141.492,218782,1,600754
7140.821,7158.955,7130.746,7144.179,157178,1,462013
7144.179,7152.239,7105.896,7122.687,191082,1,586158
7122.687,7132.089,7103.881,7117.985,120035,1,386029
7117.985,7144.179,7097.836,7110.597,114702,1,386419
7110.597,7128.06,7101.866,7115.299,72613,1,244658
7115.299,7158.955,7112.612,7156.94,84178,1,284139
7156.94,7156.94,7128.731,7134.776,63408,1,212556
7134.776,7139.477,7122.015,7133.433,38644,1,129074
7132.761,7136.791,7107.239,7111.269,13835,1,55927
7050.822,7076.344,7028.658,7075.672,206055,1,572807
7075.001,7095.821,7056.866,7093.135,172693,1,504809
7093.135,7183.805,7089.776,7182.462,206216,1,726903
7182.462,7224.103,7175.746,7216.044,145102,1,536893
7216.044,7255.67,7206.641,7224.775,119195,1,443970
7224.103,7253.655,7212.014,7220.074,86899,1,287758
7220.074,7237.536,7200.596,7201.939,92910,1,329705
7201.939,7212.014,7183.805,7204.626,66121,1,219011
7204.626,7218.73,7190.522,7201.939,47246,1,154846
7201.939,7212.686,7188.507,7190.522,10075,1,40765
7260.372,7295.968,7248.954,7274.476,183195,1,534898
7273.804,7302.685,7263.058,7285.222,160947,1,493007
7284.551,7304.7,7265.073,7295.297,121916,1,411133
7295.297,7331.565,7291.939,7327.535,117786,1,400846
7328.207,7342.983,7318.804,7327.535,84000,1,281291
7326.864,7359.774,7325.52,7349.699,81314,1,281197
7349.699,7352.386,7336.938,7342.983,63021,1,214552
7342.983,7373.206,7340.968,7359.102,61707,1,226877
7358.43,7369.177,7335.595,7351.042,54142,1,178220
7350.371,7360.445,7346.341,7347.013,14017,1,51405
7349.028,7359.774,7254.327,7271.79,262142,1,780181
7271.79,7305.371,7263.73,7279.849,170869,1,528045
7280.521,7285.894,7238.208,7238.879,169874,1,556906
7238.879,7248.954,7186.492,7188.507,154293,1,522198
7188.507,7217.387,7176.417,7213.357,114687,1,422814
7212.686,7214.701,7173.731,7187.835,92957,1,346754
7187.835,7195.223,7169.029,7179.776,78842,1,283305
7180.447,7191.193,7137.463,7151.567,84398,1,326117
7150.895,7207.984,7150.895,7188.507,77731,1,267776
7188.507,7202.611,7183.805,7194.552,9615,1,37753
7215.372,7246.267,7186.492,7219.402,271288,1,750829
7219.402,7244.252,7194.552,7201.939,181126,1,565672
7201.939,7276.491,7199.253,7241.566,199106,1,651892
7241.566,7280.521,7211.342,7265.745,168661,1,589533
7265.745,7280.521,7250.297,7272.461,108115,1,375716
7273.133,7275.819,7224.775,7230.82,112865,1,410190
7230.82,7261.043,7218.73,7254.327,85778,1,291273
7255.67,7267.088,7237.536,7260.372,82678,1,288054
7259.7,7277.834,7244.924,7266.416,65373,1,227907
7266.416,7280.521,7261.043,7273.804,11235,1,45477
7293.953,7314.774,7269.775,7302.013,205215,1,568955
7302.013,7334.252,7254.999,7256.342,215977,1,615352
7256.342,7304.7,7241.566,7300.67,210952,1,659896
7299.998,7340.968,7270.446,7299.998,156263,1,553977
7299.998,7316.789,7246.939,7252.312,119454,1,417407
7252.984,7286.565,7249.626,7271.118,79110,1,295755
7271.118,7312.088,7267.76,7295.297,82859,1,296448
7295.968,7313.431,7290.595,7301.341,61314,1,228818
7302.013,7309.401,7287.909,7306.043,42106,1,187271
7306.715,7317.461,7299.998,7310.073,11052,1,47785
7277.858,7353.697,7276.516,7353.026,169645,1,486695
7353.026,7394.637,7340.945,7363.764,176673,1,641654
7363.764,7379.871,7334.234,7356.381,117431,1,424396
7357.053,7387.254,7326.18,7332.892,93758,1,405162
7333.563,7355.71,7316.113,7317.455,97353,1,380526
7317.455,7361.079,7308.73,7348.328,94028,1,349157
7348.999,7374.502,7336.247,7349.67,80878,1,286245
7348.999,7365.777,7338.261,7355.71,47580,1,168570
7355.71,7357.724,7325.509,7348.328,52893,1,199824
7348.999,7353.697,7332.22,7336.247,9241,1,38292
7298.663,7315.442,7277.858,7294.636,185005,1,512557
7294.636,7340.945,7291.952,7331.549,151066,1,475415
7330.878,7367.791,7315.442,7349.67,145967,1,450853
7350.341,7367.12,7315.442,7348.328,131247,1,455587
7348.999,7361.079,7327.522,7353.026,87499,1,304073
7352.355,7353.026,7327.522,7330.207,68085,1,233009
7330.207,7344.301,7309.402,7330.207,98405,1,332901
7330.878,7335.576,7308.73,7316.113,56735,1,192283
7316.113,7333.563,7308.73,7313.428,44880,1,162412
7313.428,7315.442,7290.61,7295.979,11338,1,46545
7248.999,7280.542,7242.959,7263.093,176979,1,506235
7262.422,7266.449,7224.838,7236.918,197995,1,583138
7237.589,7256.381,7197.992,7253.026,184683,1,569747
7252.355,7258.395,7189.267,7205.375,134129,1,441852
7205.375,7223.495,7191.281,7214.099,102636,1,387354
7214.099,7214.099,7176.516,7199.334,101821,1,355920
7198.663,7209.401,7182.556,7195.979,66400,1,237431
7195.979,7206.046,7184.569,7192.623,51603,1,171798
7191.952,7208.059,7189.938,7197.992,40074,1,150766
7197.321,7212.757,7187.254,7210.073,9633,1,40164
7202.69,7223.495,7150.341,7175.173,233675,1,680275
7175.173,7200.677,7145.643,7159.066,221401,1,664426
7159.066,7176.516,7153.697,7163.764,119506,1,390024
7163.764,7244.972,7161.079,7206.717,172641,1,632297
7207.388,7207.388,7173.16,7201.348,106567,1,383692
7202.019,7216.113,7191.281,7206.046,73394,1,260973
7205.375,7230.878,7204.704,7218.797,70369,1,235326
7219.469,7220.811,7198.663,7210.744,48640,1,163289
7210.744,7225.509,7204.032,7222.824,38523,1,142337
7222.824,7224.167,7177.187,7189.938,11579,1,49634
7214.771,7243.63,7204.704,7219.469,204130,1,595896
7219.469,7220.811,7193.294,7218.126,161080,1,483934
7217.455,7274.502,7205.375,7253.026,190518,1,660498
7253.026,7290.61,7242.959,7279.2,127390,1,447764
7279.2,7293.965,7268.462,7284.569,79975,1,286949
7285.24,7297.992,7281.214,7285.912,72092,1,262784
7286.583,7319.469,7285.24,7311.415,84605,1,303198
7312.086,7328.865,7311.415,7317.455,56372,1,201776
7317.455,7320.14,7295.308,7295.979,44922,1,158870
7296.65,7304.704,7285.912,7288.596,12300,1,51578
7264.435,7327.522,7264.435,7313.428,191658,1,570106
7312.757,7327.522,7224.167,7257.724,241815,1,760007
7258.395,7258.395,7197.321,7209.401,159470,1,542217
7208.059,7211.415,7183.898,7202.019,107586,1,362526
7202.69,7204.032,7177.858,7191.952,83141,1,312243
7191.952,7202.019,7184.569,7195.308,57146,1,212310
7194.636,7218.797,7194.636,7218.126,64334,1,228514
7217.455,7250.341,7216.113,7230.878,92591,1,340069
7231.549,7231.549,7220.811,7221.482,31410,1,137990
7222.153,7225.509,7210.073,7214.771,9890,1,42365
7248.328,7280.542,7237.589,7238.932,192225,1,542626
7239.603,7273.16,7234.905,7244.301,165089,1,490484
7244.972,7254.368,7195.979,7209.401,169711,1,549806
7208.73,7209.401,7146.314,7161.079,152534,1,557342
7160.408,7168.462,7124.838,7138.261,122577,1,413172
7138.932,7175.844,7136.247,7167.12,95193,1,324509
7167.12,7224.167,7167.12,7221.482,121798,1,420404
7221.482,7230.878,7209.401,7213.428,71604,1,280854
7213.428,7218.126,7182.556,7195.979,63072,1,227848
7195.308,7211.415,7194.636,7209.401,9014,1,33494
7200.006,7266.449,7199.334,7259.737,228332,1,645478
7260.408,7293.965,7257.053,7264.435,209954,1,621242
7264.435,7283.227,7248.999,7278.529,177424,1,574431
7279.2,7310.744,7270.475,7291.281,146496,1,484089
7290.61,7316.113,7284.569,7289.938,99367,1,321894
7289.267,7294.636,7187.254,7187.254,162391,1,602211
7200.677,7234.234,7200.006,7218.797,95092,1,319095
7218.797,7232.891,7214.771,7227.522,44886,1,159551
7227.522,7232.22,7214.771,7228.865,30004,1,101886
7228.865,7233.563,7222.824,7225.509,8226,1,31690
7225.509,7301.348,7215.442,7273.831,234924,1,698657
7274.502,7289.267,7232.22,7256.381,211006,1,633908
7257.053,7260.408,7229.536,7251.683,135350,1,419447
7251.012,7271.818,7216.784,7233.563,162532,1,550223
7232.891,7241.616,7183.898,7202.019,118912,1,404300
7202.019,7214.771,7191.952,7197.321,64649,1,238139
7197.321,7234.234,7197.321,7233.563,65337,1,229303
7232.891,7233.563,7204.704,7212.086,68324,1,241661
7212.086,7233.563,7207.388,7232.22,42173,1,158540
7232.22,7236.918,7221.482,7236.247,9509,1,42192
7213.428,7216.784,7168.462,7177.187,212871,1,572355
7176.516,7212.757,7163.093,7208.059,208573,1,618756
7208.73,7246.985,7193.294,7220.811,218620,1,711423
7220.811,7223.495,7202.69,7218.126,77239,1,270688
7218.126,7246.985,7208.73,7238.932,72688,1,260074
7238.261,7267.12,7228.193,7232.22,109036,1,397223
7232.22,7246.314,7222.153,7240.274,65664,1,225914
7240.945,7251.012,7232.22,7234.234,48840,1,173238
7234.234,7237.589,7226.851,7231.549,29910,1,103013
7232.22,7237.589,7208.059,7208.73,9691,1,46755
7255.039,7262.422,7235.576,7248.328,174053,1,469525
7247.657,7268.462,7231.549,7253.026,165740,1,499623
7252.355,7257.053,7214.771,7222.824,143698,1,476201
7222.153,7240.945,7190.61,7204.032,125870,1,446028
7204.032,7221.482,7200.677,7212.086,75544,1,260547
7211.415,7220.14,7191.952,7208.059,70446,1,256543
7208.059,7226.851,7202.019,7219.469,70282,1,271567
7219.469,7230.207,7215.442,7215.442,48627,1,192144
7215.442,7226.18,7215.442,7220.811,26636,1,99873
7221.482,7224.838,7206.046,7212.086,9771,1,44117
7287.254,7295.979,7237.589,7259.737,172815,1,545138
7260.408,7280.542,7248.999,7261.079,118180,1,345577
7261.079,7285.912,7259.737,7270.475,97174,1,322981
7270.475,7280.542,7261.751,7271.818,61864,1,204747
7271.147,7284.569,7264.435,7267.12,41702,1,135927
7267.12,7274.502,7263.093,7267.12,11174,1,43560
7238.261,7261.079,7232.891,7251.683,190470,1,594993
7251.683,7291.952,7241.616,7281.214,173819,1,550393
7281.214,7295.308,7273.831,7277.187,138948,1,497606
7277.187,7318.798,7271.147,7315.442,135384,1,516963
7315.442,7320.811,7300.006,7304.032,62787,1,230763
7304.032,7314.1,7302.019,7310.744,46234,1,170917
7311.415,7322.824,7291.952,7294.636,76331,1,277086
7295.308,7310.744,7291.281,7305.375,44615,1,172248
7305.375,7310.073,7287.254,7293.294,38693,1,139957
7292.623,7300.677,7284.569,7290.61,9883,1,43742
7332.22,7344.972,7259.066,7265.777,223490,1,703520
7265.106,7288.596,7240.274,7242.959,167041,1,553979
7242.287,7265.106,7216.113,7218.797,152808,1,550124
7218.126,7226.851,7208.73,7221.482,102662,1,395912
7221.482,7246.985,7208.059,7244.972,84013,1,318815
7244.972,7273.16,7233.563,7248.328,104479,1,375113
7248.999,7278.529,7246.985,7261.751,79546,1,296508
7261.751,7265.777,7228.193,7228.193,57436,1,222203
7228.865,7240.274,7226.18,7234.234,37890,1,145018
7234.905,7234.905,7224.167,7225.509,8090,1,35342
7395.979,7428.865,7384.569,7398.663,211223,1,680988
7399.335,7430.207,7385.241,7420.811,175267,1,555785
7420.14,7429.536,7367.791,7371.147,154108,1,548706
7371.147,7393.294,7350.341,7376.516,135229,1,470291
7376.516,7385.241,7347.657,7355.039,76732,1,269575
7355.71,7367.12,7313.428,7326.851,97632,1,336272
7326.851,7331.549,7295.308,7306.717,79417,1,295944
7306.717,7326.851,7292.623,7322.824,58865,1,211323
7323.496,7344.301,7316.113,7330.207,56424,1,203925
7330.878,7341.616,7319.469,7338.261,13953,1,58484
7318.798,7335.576,7300.006,7311.415,191309,1,524556
7311.415,7341.616,7295.308,7334.234,172437,1,490143
7334.905,7361.751,7320.811,7346.985,169977,1,548414
7347.657,7349.67,7272.489,7276.516,172085,1,607230
7275.845,7294.636,7260.408,7287.254,100988,1,360291
7287.925,7312.086,7286.583,7308.059,80177,1,288962
7308.059,7310.744,7277.187,7308.73,88755,1,328793
7308.73,7328.194,7302.019,7308.73,80286,1,311151
7309.402,7309.402,7291.281,7304.032,45610,1,170148
7304.032,7308.059,7292.623,7305.375,8643,1,42474
7271.818,7281.885,7236.247,7248.999,184028,1,531419
7248.999,7293.294,7242.959,7279.2,205456,1,670645
7279.871,7307.388,7269.133,7291.281,172218,1,606826
7291.952,7301.348,7263.764,7281.214,114559,1,404296
7281.885,7294.636,7259.737,7283.227,87817,1,323898
7283.227,7288.596,7268.462,7275.845,57213,1,211923
7275.845,7291.281,7273.16,7281.214,54946,1,211908
7281.214,7300.006,7275.173,7276.516,51237,1,192219
7276.516,7284.569,7267.12,7269.133,33663,1,126819
7269.133,7275.845,7248.328,7255.039,7792,1,33512
7297.321,7306.717,7273.16,7306.046,163551,1,483187
7305.375,7319.469,7279.2,7305.375,185376,1,578439
7304.704,7328.865,7289.938,7322.824,157688,1,561714
7323.496,7394.637,7320.811,7389.939,171090,1,663409
7389.939,7400.677,7338.932,7371.818,145467,1,634846
7372.489,7406.717,7364.435,7401.348,92268,1,370240
7401.348,7434.234,7382.556,7400.006,157943,1,637653
7399.335,7407.388,7381.214,7397.992,62541,1,241391
7397.992,7426.18,7391.952,7412.086,51297,1,201782
7412.086,7438.261,7406.717,7430.207,11432,1,56766
7425.513,7440.266,7390.642,7406.736,185389,1,515851
7406.066,7411.43,7373.206,7377.901,145522,1,466555
7378.571,7443.619,7373.877,7441.607,140845,1,496506
7440.937,7484.525,7428.195,7481.172,145749,1,603423
7481.172,7495.926,7463.737,7482.514,80231,1,322580
7482.514,7495.926,7479.161,7491.231,50137,1,198522
7491.902,7507.326,7470.443,7497.937,88577,1,340400
7497.937,7530.126,7486.537,7520.738,68366,1,295984
7520.738,7529.455,7497.267,7523.42,43044,1,158435
7524.091,7547.561,7507.326,7524.091,18640,1,73613
7501.29,7526.102,7484.525,7495.926,180487,1,507650
7495.926,7532.138,7488.549,7499.278,151097,1,435111
7499.278,7527.444,7470.443,7511.349,183938,1,560704
7511.349,7525.432,7461.055,7482.514,125851,1,435835
7482.514,7494.584,7473.125,7482.514,63529,1,196160
7482.514,7512.02,7471.784,7510.679,67783,1,216575
7511.349,7530.126,7499.278,7523.42,77970,1,260030
7523.42,7526.773,7507.996,7520.738,48598,1,159491
7520.738,7574.385,7519.396,7564.997,75456,1,275325
7564.997,7577.738,7560.973,7574.385,15094,1,62729
7608.586,7644.798,7593.162,7611.268,214514,1,612972
7611.268,7648.821,7609.927,7611.939,172440,1,513653
7612.609,7668.939,7605.903,7647.48,167529,1,550295
7647.48,7699.116,7635.41,7652.845,182358,1,638680
7652.845,7685.034,7648.151,7668.269,100653,1,365411
7668.939,7672.292,7628.033,7651.504,92240,1,318385
7650.833,7651.504,7575.726,7575.726,72899,1,239941
7611.268,7639.433,7579.079,7608.586,77173,1,265862
7609.256,7616.633,7588.468,7605.903,49153,1,152384
7606.574,7637.421,7603.892,7626.021,12696,1,50001
7636.08,7673.634,7615.292,7670.281,175637,1,471654
7670.281,7683.692,7654.186,7677.657,147555,1,431072
7677.657,7721.246,7676.987,7712.528,171518,1,539849
7712.528,7735.999,7685.034,7732.646,145326,1,545275
7733.317,7751.423,7720.575,7736.67,86470,1,305594
7736.67,7744.046,7717.893,7736.67,72132,1,239832
7736.67,7740.023,7686.375,7726.611,129585,1,480880
7726.611,7737.34,7569.021,7602.55,143753,1,494031
7602.55,7622.668,7492.573,7551.585,124211,1,371152
7550.244,7573.044,7521.408,7540.185,21126,1,64146
7498.608,7556.279,7472.455,7549.573,211470,1,599860
7549.573,7552.256,7499.278,7520.067,191016,1,542630
7519.396,7552.926,7493.914,7521.408,177870,1,534698
7520.738,7571.032,7445.631,7458.372,167810,1,574712
7458.372,7499.949,7443.619,7476.478,131611,1,469974
7476.478,7552.256,7461.725,7540.855,141900,1,463924
7540.855,7607.915,7522.749,7604.562,140864,1,467923
7603.892,7631.386,7584.444,7600.539,101274,1,343159
7600.539,7627.362,7595.174,7610.597,59681,1,194623
7610.597,7617.974,7594.503,7611.268,14654,1,43240
7621.998,7662.904,7608.586,7650.833,172044,1,446807
7650.833,7681.01,7625.351,7646.139,198563,1,517675
7645.468,7648.151,7587.797,7622.668,171465,1,485575
7622.668,7636.08,7597.856,7624.68,115220,1,360292
7624.68,7679.669,7619.315,7641.445,110280,1,357714
7642.116,7666.257,7633.398,7640.104,69862,1,213379
7640.104,7649.492,7625.351,7640.104,75246,1,236382
7640.774,7648.821,7618.645,7629.374,48617,1,164345
7629.374,7637.421,7619.315,7628.033,35787,1,110233
7628.033,7649.492,7621.327,7640.774,10859,1,38943
7698.446,7728.622,7688.387,7716.552,198700,1,510983
7716.552,7736.67,7678.998,7683.022,179029,1,494460
7683.692,7699.787,7669.61,7694.422,154828,1,454153
7694.422,7697.104,7658.21,7676.987,111026,1,351640
7676.987,7711.187,7667.598,7699.116,98309,1,319208
7698.446,7702.469,7678.328,7683.022,78420,1,240693
7682.351,7766.846,7678.998,7752.093,125479,1,479830
7751.423,7764.164,7739.352,7756.117,74038,1,240348
7756.117,7818.482,7756.117,7809.094,99317,1,367315
7809.094,7889.566,7808.423,7889.566,36722,1,133955
7832.565,7880.848,7795.011,7859.389,224044,1,633736
7859.389,7886.213,7841.283,7870.789,169622,1,524105
7871.459,7877.495,7836.588,7862.742,156612,1,447326
7862.071,7864.753,7779.588,7801.047,181623,1,546633
7801.047,7824.518,7788.305,7797.694,101618,1,327451
7798.364,7832.565,7744.046,7772.211,136035,1,450106
7771.541,7805.741,7748.07,7777.576,106978,1,331721
7778.247,7780.258,7756.787,7776.235,52996,1,171828
7775.564,7797.694,7750.752,7794.341,56492,1,163111
7794.341,7799.035,7786.294,7789.647,11372,1,37479
7780.929,7805.07,7745.387,7758.799,230376,1,622782
7758.799,7773.552,7693.751,7693.751,215298,1,599210
7693.751,7715.21,7666.928,7672.292,179050,1,522472
7672.292,7750.752,7672.292,7727.281,151838,1,519828
7727.281,7737.34,7607.915,7617.303,151309,1,493649
7617.303,7697.775,7593.162,7674.975,136397,1,463238
7674.975,7700.457,7612.609,7619.315,117246,1,365130
7619.315,7630.715,7577.068,7590.48,73690,1,236960
7590.48,7621.327,7579.75,7614.621,52538,1,160970
7614.621,7624.009,7605.233,7615.962,16451,1,50779
7503.973,7545.55,7486.537,7515.373,204538,1,541184
7514.702,7540.855,7509.337,7518.055,151761,1,435929
7518.726,7546.891,7499.278,7504.643,137823,1,444646
7504.643,7522.079,7461.725,7466.419,132459,1,432889
7466.419,7477.819,7441.607,7457.702,113631,1,383434
7458.372,7466.419,7427.525,7435.572,95296,1,314905
7435.572,7448.984,7419.478,7438.925,91805,1,313904
7438.254,7475.137,7428.866,7437.584,79285,1,290153
7437.584,7445.631,7427.525,7436.913,39670,1,124960
7436.242,7441.607,7428.195,7433.56,12315,1,42156
7480.502,7492.573,7467.76,7473.125,136817,1,361366
7473.125,7485.196,7446.301,7461.055,159435,1,467484
7460.384,7478.49,7452.337,7454.349,122323,1,363397
7453.678,7491.902,7448.984,7479.161,110695,1,367093
7479.161,7487.878,7443.619,7457.031,84880,1,281447
7457.031,7489.22,7456.36,7483.184,80153,1,255429
7483.855,7485.867,7464.407,7471.113,57953,1,200761
7471.113,7481.172,7459.043,7461.725,45972,1,161141
7461.725,7468.431,7451.666,7457.031,27208,1,95029
7457.702,7464.407,7444.96,7452.337,10638,1,42176
7457.031,7507.326,7425.513,7506.655,211972,1,580515
7506.655,7568.35,7504.643,7563.656,200593,1,643676
7562.985,7576.397,7540.185,7557.62,133712,1,447398
7557.62,7591.821,7550.914,7585.785,121911,1,400393
7585.785,7589.809,7511.349,7527.444,139672,1,514199
7526.773,7546.891,7517.385,7538.844,79427,1,247980
7538.844,7563.656,7525.432,7558.291,74853,1,239703
7558.291,7582.432,7554.267,7567.009,72450,1,232944
7567.009,7583.103,7537.502,7538.844,51934,1,177071
7552.256,7562.985,7495.255,7522.749,232274,1,643772
7522.079,7524.091,7481.843,7499.949,192432,1,542447
7499.949,7499.949,7459.713,7463.737,127123,1,390625
7463.066,7510.679,7463.066,7485.867,133759,1,445890
7485.867,7494.584,7471.113,7487.878,83456,1,294939
7488.549,7519.396,7474.466,7517.385,80985,1,274148
7518.055,7552.926,7505.984,7539.514,109873,1,373247
7539.514,7542.867,7522.749,7537.502,55248,1,191197
7536.832,7550.914,7528.114,7548.232,35622,1,124318
7597.856,7626.021,7587.127,7596.515,204939,1,551933
7596.515,7610.597,7570.362,7585.785,187932,1,504043
7585.785,7594.503,7558.962,7576.397,139502,1,399609
7576.397,7590.48,7567.009,7589.809,77128,1,237733
7589.809,7594.503,7568.35,7582.432,66225,1,207015
7582.432,7600.539,7569.691,7585.115,74251,1,229010
7585.115,7585.785,7488.549,7493.914,206145,1,677082
7494.584,7509.337,7474.466,7496.596,77858,1,252834
7496.596,7516.043,7487.878,7491.902,37686,1,127641
7387.289,7458.372,7349.736,7440.937,279387,1,811641
7440.937,7489.22,7440.937,7461.725,179642,1,538846
7461.055,7465.078,7400.701,7424.842,189345,1,594405
7424.172,7452.337,7412.101,7430.878,96239,1,310869
7430.207,7483.855,7423.501,7481.172,102181,1,346186
7481.843,7483.855,7424.172,7425.513,105073,1,344367
7424.842,7461.055,7419.478,7456.36,96547,1,306636
7456.36,7478.49,7446.972,7469.102,71314,1,241584
7469.772,7481.843,7457.031,7463.737,31480,1,95569
7416.795,7447.643,7410.76,7420.148,196125,1,518932
7420.148,7446.301,7403.383,7419.478,215721,1,619570
7420.148,7431.548,7358.453,7379.242,189676,1,607129
7379.242,7389.971,7325.594,7347.053,139850,1,524642
7346.383,7347.724,7311.512,7324.923,88137,1,346468
7324.923,7355.1,7324.253,7329.618,80663,1,262418
7328.947,7359.124,7324.923,7348.394,73716,1,239130
7348.394,7371.865,7346.383,7357.112,63788,1,206604
7357.783,7375.889,7341.688,7365.83,40204,1,152962
7389.971,7442.948,7372.536,7434.901,205721,1,557226
7434.901,7442.948,7400.03,7436.242,180983,1,496471
7436.913,7439.595,7396.007,7399.36,129345,1,360137
7399.36,7428.866,7386.618,7416.125,113132,1,362587
7416.125,7430.207,7409.419,7413.442,68068,1,214817
7414.113,7418.136,7391.983,7395.336,65939,1,208838
7395.336,7400.701,7377.23,7389.301,82490,1,280208
7389.301,7406.736,7379.242,7402.713,64962,1,208161
7402.713,7409.419,7381.924,7395.336,30284,1,104171
7432.889,7447.643,7391.983,7397.348,240247,1,680293
7398.018,7410.089,7378.571,7389.971,183336,1,536160
7390.642,7402.042,7364.489,7367.842,143261,1,466790
7367.842,7375.889,7347.053,7348.394,121163,1,406457
7349.065,7376.559,7345.712,7371.865,69866,1,239416
7371.865,7380.583,7357.112,7365.83,98573,1,331275
7365.83,7372.536,7332.3,7370.524,100266,1,351309
7369.853,7422.831,7364.489,7400.701,116523,1,426236
7400.701,7416.795,7379.912,7413.442,45039,1,181010
7389.971,7426.183,7366.5,7397.348,223123,1,617843
7398.018,7440.937,7397.348,7424.842,176000,1,552248
7424.842,7441.607,7412.772,7418.807,126525,1,425962
7419.478,7472.455,7401.371,7453.678,137421,1,479926
7453.678,7466.419,7440.937,7464.407,93799,1,357175
7465.078,7495.926,7461.055,7479.161,93655,1,333828
7478.49,7512.69,7472.455,7512.02,98758,1,379626
7512.02,7569.691,7503.302,7562.985,102627,1,413466
7562.985,7567.009,7538.173,7548.232,63053,1,232244
7547.561,7621.327,7536.832,7611.939,224564,1,651357
7612.609,7619.315,7562.315,7571.703,182634,1,530665
7571.703,7603.892,7558.291,7569.691,163082,1,515665
7569.021,7588.468,7538.173,7561.644,137252,1,457188
7562.315,7582.432,7544.879,7555.609,95440,1,325706
7555.609,7601.209,7554.267,7577.738,104317,1,355924
7577.738,7622.668,7566.338,7613.28,92293,1,329548
7612.609,7613.28,7592.491,7604.562,59275,1,194718
7604.562,7607.915,7565.668,7579.079,45714,1,157845
7583.103,7668.269,7571.703,7657.539,198823,1,571454
7657.539,7662.233,7618.645,7626.692,161850,1,484140
7627.362,7671.622,7614.621,7659.551,135038,1,434463
7658.88,7671.622,7644.798,7668.269,87158,1,291172
7667.598,7682.351,7653.516,7678.998,82064,1,280897
7678.998,7703.14,7674.975,7692.41,94424,1,330369
7692.41,7722.587,7690.398,7713.199,80837,1,290189
7713.199,7721.246,7694.422,7698.446,70025,1,225729
7698.446,7723.928,7698.446,7721.246,38422,1,133568
7734.658,7774.223,7723.928,7762.823,174524,1,506009
7763.493,7782.941,7754.776,7760.811,153933,1,429033
7761.482,7787.635,7752.093,7784.282,136710,1,404054
7784.282,7787.635,7745.387,7754.105,103219,1,309723
7753.434,7757.458,7695.093,7713.199,119039,1,372058
7712.528,7726.611,7694.422,7715.881,77194,1,227976
7715.881,7768.188,7715.21,7758.799,102384,1,320432
7758.129,7759.47,7723.258,7733.987,72012,1,225860
7734.658,7760.811,7700.457,7756.117,63730,1,208935
7757.458,7769.529,7721.246,7746.729,217549,1,562651
7746.729,7756.787,7723.928,7736.67,159800,1,447827
7737.34,7784.282,7713.199,7729.964,173282,1,537956
7729.293,7735.999,7691.74,7705.152,134711,1,450609
7705.152,7718.563,7702.469,7708.505,56095,1,181711
7709.175,7723.928,7695.763,7700.457,72202,1,214384
7700.457,7719.234,7674.304,7713.869,108807,1,359642
7714.54,7733.317,7700.457,7723.928,68389,1,221451
7724.599,7749.411,7715.881,7744.046,36432,1,126445
7729.987,7736.682,7680.444,7717.936,193007,1,500323
7717.266,7734.673,7687.139,7689.148,126012,1,362412
7689.148,7693.165,7555.918,7558.596,229657,1,776539
7559.266,7600.774,7558.596,7589.393,122965,1,421127
7589.393,7640.274,7578.011,7619.52,110792,1,370970
7619.52,7623.537,7588.054,7610.817,90145,1,285671
7610.817,7614.164,7541.859,7566.63,116731,1,371545
7565.961,7566.63,7539.181,7549.223,73382,1,224014
7549.893,7564.622,7540.52,7553.24,42538,1,142262
7545.206,7622.198,7520.435,7605.461,229959,1,638945
7606.13,7654.334,7592.071,7641.613,169175,1,483433
7640.944,7644.961,7611.486,7619.52,119284,1,353605
7619.52,7636.927,7612.156,7629.563,79773,1,247294
7629.563,7649.647,7624.876,7640.274,78894,1,240751
7639.605,7667.054,7639.605,7644.291,78271,1,237951
7644.961,7657.681,7633.579,7654.334,60964,1,190817
7655.003,7664.376,7646.969,7663.037,54130,1,172302
7663.037,7681.783,7651.656,7657.012,49769,1,180374
7603.452,7622.198,7583.367,7612.156,186579,1,446336
7612.156,7617.512,7558.596,7580.02,175729,1,489883
7580.02,7596.088,7554.579,7579.35,131082,1,378396
7580.02,7589.393,7565.291,7588.054,77493,1,237225
7588.054,7599.435,7574.664,7598.766,68924,1,204464
7598.096,7612.156,7588.723,7592.071,94714,1,304538
7592.071,7615.503,7592.071,7603.452,81249,1,257445
7604.122,7620.19,7598.096,7615.503,72209,1,252120
7615.503,7618.181,7594.749,7594.749,32775,1,95565
7598.766,7603.452,7553.91,7573.325,224114,1,579331
7573.325,7584.037,7557.927,7559.935,144047,1,404229
7559.266,7567.299,7522.443,7528.469,161258,1,477810
7528.469,7537.842,7521.104,7529.138,64167,1,205627
7529.808,7529.808,7503.697,7524.452,82192,1,274432
7523.782,7547.215,7517.087,7520.435,102575,1,315468
7521.104,7521.774,7475.579,7511.062,98505,1,369220
7511.062,7518.426,7494.994,7510.392,69589,1,241175
7510.392,7511.062,7488.299,7497.672,35433,1,120187
7494.325,7517.087,7472.231,7505.036,239361,1,649886
7504.367,7509.723,7463.528,7481.604,194443,1,528672
7482.274,7488.969,7440.095,7452.146,159939,1,468811
7452.816,7533.825,7449.468,7518.426,148473,1,464769
7519.096,7553.91,7512.401,7524.452,112583,1,346215
7524.452,7533.155,7499.681,7502.359,77893,1,238308
7501.689,7562.613,7491.647,7554.579,113870,1,358868
7555.249,7582.698,7547.215,7569.977,84777,1,284218
7569.977,7569.977,7522.443,7532.486,50809,1,176232
7518.426,7527.13,7487.63,7501.689,219421,1,560385
7502.359,7509.053,7469.553,7483.613,185618,1,505404
7484.282,7531.816,7478.926,7486.96,169277,1,502354
7486.96,7514.409,7461.519,7474.909,110654,1,322061
7474.909,7484.952,7428.714,7430.723,123680,1,379006
7430.723,7453.485,7426.036,7445.451,85364,1,267332
7446.121,7480.935,7435.409,7466.875,103717,1,314330
7467.545,7479.596,7460.18,7473.57,53600,1,159311
7472.901,7486.96,7466.206,7469.553,37085,1,135622
7505.036,7565.961,7498.342,7545.876,200733,1,547110
7545.876,7569.977,7534.494,7557.257,168019,1,476085
7557.257,7574.664,7551.901,7565.291,135016,1,418916
7565.291,7606.13,7560.605,7580.02,127845,1,416420
7580.02,7597.427,7571.986,7584.706,74236,1,236319
7584.706,7612.156,7581.359,7608.808,63703,1,194620
7609.478,7618.181,7596.088,7610.817,83521,1,264540
7610.817,7618.851,7602.783,7606.8,53236,1,173255
7606.8,7628.224,7598.096,7628.224,52423,1,172534
7610.817,7610.817,7548.554,7555.918,202936,1,556901
7555.918,7569.308,7551.232,7559.935,131456,1,405070
7559.266,7592.071,7551.901,7590.062,129002,1,387712
7590.062,7644.961,7586.045,7639.605,151254,1,481333
7639.605,7650.986,7616.173,7622.868,72673,1,220178
7622.868,7645.63,7616.842,7638.935,70431,1,208835
7638.935,7697.851,7626.885,7679.775,116684,1,388840
7679.775,7689.148,7664.376,7675.088,76200,1,254027
7675.088,7692.495,7648.978,7689.817,60085,1,185483
7686.47,7716.597,7626.885,7644.291,290064,1,783343
7644.291,7697.851,7633.579,7655.673,205238,1,575386
7655.673,7695.173,7644.291,7662.368,145659,1,447414
7662.368,7672.41,7622.868,7629.563,117947,1,363030
7630.232,7659.02,7625.546,7632.91,93070,1,304285
7632.91,7634.918,7590.732,7610.147,131227,1,448871
7610.817,7641.613,7604.122,7632.24,98246,1,374845
7632.91,7673.749,7626.885,7663.707,88961,1,329349
7663.037,7665.715,7642.283,7663.037,37971,1,119304
7642.952,7677.766,7617.512,7665.715,270129,1,701898
7665.715,7687.809,7608.808,7612.825,211869,1,616209
7612.825,7624.207,7600.105,7617.512,134073,1,398427
7618.181,7633.579,7608.139,7615.503,113418,1,376344
7615.503,7621.529,7592.071,7610.817,102804,1,335554
7611.486,7630.901,7606.8,7626.215,92330,1,322203
7626.215,7635.588,7605.461,7633.579,101360,1,367610
7632.91,7638.935,7594.079,7599.435,93215,1,317819
7599.435,7604.791,7567.299,7581.359,54168,1,183402
7577.342,7590.062,7500.35,7517.757,274566,1,719100
7517.757,7549.893,7504.367,7545.876,180137,1,574104
7545.876,7567.299,7534.494,7541.189,152414,1,468941
7541.859,7546.545,7515.079,7523.782,102232,1,323160
7523.782,7538.511,7509.723,7530.477,78628,1,266061
7530.477,7546.545,7515.079,7519.765,85747,1,272365
7520.435,7545.876,7515.079,7527.13,85925,1,274760
7527.13,7549.893,7520.435,7541.859,62787,1,206590
7541.189,7542.528,7519.765,7527.799,35244,1,111062
7525.121,7598.096,7523.782,7584.037,209933,1,578705
7584.037,7608.139,7576.003,7598.766,151568,1,439701
7598.766,7598.766,7525.121,7535.164,197746,1,619797
7535.164,7540.52,7492.986,7519.096,139010,1,462430
7519.765,7519.765,7472.231,7489.638,107444,1,377804
7489.638,7507.714,7459.511,7476.918,98986,1,335171
7476.918,7488.299,7471.562,7476.248,61982,1,209812
7476.918,7494.325,7475.579,7483.613,49515,1,168212
7484.282,7493.655,7474.909,7486.96,31430,1,104628
7465.536,7502.359,7446.79,7480.935,246474,1,659950
7480.935,7533.155,7474.24,7498.342,221834,1,620069
7497.672,7517.087,7424.697,7436.079,217683,1,655076
7436.079,7462.189,7426.036,7460.85,101000,1,314419
7460.85,7470.223,7441.434,7459.511,83554,1,255111
7458.841,7464.867,7432.731,7456.833,99131,1,318967
7456.833,7459.511,7406.621,7441.434,128015,1,436738
7441.434,7462.858,7439.426,7441.434,61414,1,196289
7440.765,7442.104,7422.019,7430.053,41902,1,133350
7459.511,7487.63,7421.35,7428.045,271544,1,720080
7428.045,7434.07,7397.248,7410.638,203895,1,593012
7410.638,7415.324,7373.146,7384.527,190623,1,579623
7384.527,7411.977,7379.171,7393.9,115813,1,363865
7393.9,7410.638,7387.205,7409.299,75975,1,242066
7409.299,7415.324,7392.561,7408.629,84567,1,257500
7407.96,7456.163,7405.951,7448.799,132860,1,426074
7448.799,7463.528,7429.384,7433.401,81778,1,238193
7434.07,7465.536,7431.392,7461.519,51085,1,169709
7442.104,7449.468,7343.688,7353.731,302529,1,876213
7354.4,7375.154,7347.036,7365.112,178517,1,535989
7365.782,7373.816,7340.341,7366.451,160449,1,518203
7366.451,7387.205,7355.739,7367.121,138895,1,439317
7367.121,7371.138,7351.053,7358.417,78857,1,258724
7358.417,7371.807,7312.891,7318.917,176233,1,572104
7319.586,7341.01,7316.239,7323.603,98846,1,312576
7322.934,7329.629,7294.146,7306.866,96007,1,337494
7307.536,7312.891,7285.442,7294.815,63947,1,216970
7273.391,7311.552,7266.696,7302.18,246912,1,659277
7302.18,7329.629,7296.154,7319.586,201155,1,565081
7319.586,7354.4,7318.247,7350.383,169651,1,515487
7349.714,7399.256,7343.019,7369.129,149933,1,522692
7369.129,7380.51,7363.104,7367.79,70212,1,217660
7367.79,7371.807,7337.663,7367.79,104577,1,315610
7367.121,7374.485,7351.053,7359.087,75643,1,231371
7359.087,7371.138,7355.07,7362.434,41172,1,131321
7362.434,7366.451,7333.646,7334.315,34532,1,120552
7308.205,7322.934,7290.129,7316.908,212123,1,536891
7317.578,7353.731,7309.544,7321.595,204024,1,587917
7321.595,7324.942,7284.773,7306.197,182022,1,565326
7306.197,7312.222,7297.493,7302.849,74305,1,233847
7303.519,7306.866,7294.146,7299.502,47063,1,147579
7300.171,7308.205,7288.12,7295.485,86459,1,284753
7295.485,7322.934,7289.459,7304.858,96623,1,321400
7304.188,7312.891,7289.459,7297.493,73895,1,242331
7298.163,7300.171,7277.408,7282.764,41090,1,145293
7285.442,7299.502,7253.976,7293.476,261635,1,697721
7293.476,7320.256,7279.417,7293.476,219552,1,613824
7293.476,7306.866,7276.069,7284.103,143494,1,428954
7284.103,7292.137,7257.323,7279.417,100393,1,323587
7278.747,7283.434,7262.01,7279.417,85998,1,296120
7280.086,7283.434,7246.611,7268.035,103707,1,338114
7268.705,7322.934,7268.035,7322.264,138431,1,450887
7322.264,7322.934,7305.527,7314.23,63471,1,198693
7314.23,7316.908,7299.502,7301.51,38918,1,129717
7301.51,7308.205,7249.959,7255.315,242178,1,647823
7255.315,7255.984,7234.561,7239.247,171856,1,554383
7239.247,7244.603,7213.137,7240.586,190264,1,651150
7239.917,7259.332,7222.51,7230.544,130944,1,487640
7230.544,7247.281,7222.51,7235.9,83370,1,316263
7236.569,7240.586,7207.111,7219.162,83936,1,284145
7218.493,7234.561,7173.637,7183.009,175445,1,566085
7182.34,7197.069,7175.645,7179.662,85464,1,281178
7178.993,7181.671,7156.23,7158.238,49114,1,168554
7164.264,7199.747,7156.23,7170.289,236456,1,661231
7170.289,7203.764,7163.594,7190.374,186077,1,581501
7189.704,7203.764,7161.586,7168.95,155440,1,498853
7169.62,7194.391,7168.281,7182.34,100598,1,343702
7182.34,7198.408,7173.637,7175.645,87850,1,290139
7175.645,7195.06,7172.298,7191.043,66600,1,219472
7191.043,7198.408,7161.586,7164.933,74869,1,251523
7164.933,7177.654,7130.789,7144.179,77865,1,273497
7144.848,7163.594,7136.814,7149.535,45417,1,153129
7178.28,7183.628,7150.203,7168.253,159797,1,460342
7168.921,7230.422,7166.247,7215.716,188531,1,602225
7216.384,7279.222,7215.047,7276.548,155674,1,568226
7276.548,7288.581,7256.494,7263.179,127351,1,470619
7262.51,7278.554,7253.82,7261.842,66673,1,248878
7261.173,7301.283,7258.499,7280.559,73695,1,261360
7281.228,7285.239,7246.466,7277.217,103363,1,366902
7277.217,7291.255,7271.2,7277.217,62575,1,220069
7277.217,7299.277,7270.532,7289.918,41099,1,161721
7257.162,7311.31,7246.466,7277.885,251059,1,674816
7277.885,7309.305,7263.179,7278.554,194036,1,560218
7278.554,7278.554,7229.085,7238.444,184173,1,567916
7238.444,7251.814,7201.677,7221.064,124179,1,398960
7220.395,7261.173,7220.395,7249.14,90564,1,281453
7249.14,7256.494,7241.118,7252.483,52153,1,159837
7252.483,7254.488,7225.074,7250.477,91622,1,274048
7250.477,7283.902,7248.472,7261.842,79851,1,248726
7261.173,7303.288,7260.505,7291.255,56952,1,192748
7318.664,7348.746,7309.305,7333.37,248267,1,643355
7332.702,7335.376,7279.222,7288.581,219074,1,633164
7287.913,7321.337,7275.211,7316.658,163988,1,505922
7316.658,7318.664,7289.25,7302.62,111650,1,364032
7301.951,7303.288,7252.483,7269.864,109059,1,342711
7269.864,7281.228,7251.814,7265.184,98970,1,311149
7265.184,7287.913,7264.516,7285.239,72459,1,229877
7284.57,7293.261,7273.206,7277.885,48940,1,155504
7278.554,7299.277,7263.179,7299.277,44180,1,150441
7287.244,7296.603,7235.77,7237.107,250042,1,672765
7237.107,7240.45,7209.031,7223.069,188283,1,581740
7222.4,7239.781,7205.02,7223.069,156211,1,507388
7223.069,7235.102,7186.302,7190.981,118463,1,410085
7191.65,7211.036,7184.296,7210.368,69068,1,242788
7210.368,7214.379,7199.003,7203.014,63616,1,215428
7203.014,7205.688,7174.937,7182.959,98890,1,349415
7183.628,7199.672,7182.291,7188.307,59238,1,206699
7188.976,7201.677,7170.927,7173.6,41792,1,158127
7163.573,7201.677,7130.148,7132.154,311848,1,895958
7132.154,7148.866,7094.05,7094.05,242288,1,772787
7094.05,7103.409,7045.918,7047.255,177081,1,620864
7046.587,7082.017,7044.581,7078.006,122086,1,450885
7077.337,7094.05,7065.973,7090.707,88281,1,287759
7090.707,7096.055,7068.647,7095.387,76860,1,249046
7094.718,7098.061,7065.973,7077.337,108178,1,365595
7077.337,7084.022,7069.316,7071.321,44862,1,157764
7071.99,7076.669,7055.946,7073.327,35669,1,140695
7076.0,7093.381,7023.19,7030.543,302162,1,881886
7031.211,7046.587,7011.825,7015.836,224782,1,684517
7015.836,7019.179,6971.047,6973.721,171169,1,553957
6973.721,6988.428,6971.716,6983.08,86466,1,301876
6983.08,7001.798,6983.08,6993.107,81443,1,265367
6993.776,7017.842,6989.096,7003.803,88356,1,286159
7003.135,7005.809,6992.439,7003.135,72364,1,248256
7002.466,7006.477,6993.107,7003.135,53800,1,180827
7003.135,7018.51,6993.776,7018.51,38847,1,140684
7017.173,7035.222,6984.417,6995.781,260929,1,704777
6996.45,7011.157,6983.08,7001.798,187806,1,546733
7001.798,7004.472,6961.02,6983.748,198815,1,610679
6983.08,7016.505,6979.737,6998.455,132420,1,427974
6998.455,7008.483,6983.748,7006.477,69343,1,217188
7006.477,7017.842,6989.765,6994.444,76569,1,236635
6994.444,7032.548,6993.107,7018.51,109096,1,345417
7017.842,7019.847,6997.787,7007.146,63200,1,202615
7007.814,7007.814,6995.113,6997.787,28407,1,95691
7015.836,7055.277,6988.428,7049.261,285032,1,812029
7049.929,7073.995,7019.179,7020.516,215507,1,649009
7020.516,7039.233,7009.151,7013.162,173673,1,545632
7013.831,7019.179,6969.042,6982.411,128431,1,442438
6981.743,6996.45,6974.39,6991.77,70273,1,228859
6991.77,7004.472,6985.754,6995.113,72062,1,242646
6995.113,7018.51,6990.433,7000.461,87084,1,279734
7000.461,7009.151,6993.776,6995.781,62097,1,205403
6996.45,7001.798,6983.08,6994.444,40933,1,139842
7010.488,7049.261,6995.781,7000.461,292996,1,815178
6999.792,7021.184,6978.4,6993.107,226509,1,670023
6993.776,7016.505,6981.743,7013.162,168156,1,551407
7012.494,7059.288,7001.798,7033.885,157728,1,530151
7034.554,7051.266,7029.874,7031.88,76621,1,260001
7032.548,7068.647,7015.836,7061.962,122761,1,431713
7061.962,7084.691,7053.272,7079.343,98381,1,349869
7079.343,7108.088,7077.337,7103.409,90263,1,333611
7103.409,7123.464,7102.072,7107.42,47680,1,182966
7101.403,7126.137,7057.283,7077.337,295486,1,827302
7077.337,7108.757,7036.559,7047.255,242178,1,705174
7047.924,7073.995,7033.885,7067.31,157174,1,504999
7067.31,7104.077,7063.299,7069.984,140432,1,458641
7069.984,7074.663,7049.929,7064.636,77857,1,250471
7064.636,7140.844,7063.299,7128.811,148229,1,479602
7128.811,7129.48,7085.359,7092.044,95011,1,322384
7092.713,7118.784,7082.685,7114.105,75152,1,246191
7113.436,7116.11,7086.028,7105.414,40946,1,155155
7079.343,7092.044,7050.598,7080.68,240161,1,679010
7080.011,7088.702,7036.559,7041.907,184233,1,524086
7042.576,7073.995,7041.239,7046.587,143913,1,480626
7046.587,7063.968,7030.543,7044.581,99137,1,338413
7044.581,7051.935,7022.521,7047.255,86737,1,299276
7047.255,7069.984,7043.244,7067.979,64556,1,222037
7067.31,7071.321,7047.255,7047.255,59217,1,203686
7047.924,7061.962,7045.918,7056.614,36817,1,130546
7056.614,7069.316,7045.918,7059.288,35109,1,129395
7079.343,7120.121,7072.658,7119.453,231319,1,637431
7119.453,7122.127,7086.028,7086.696,173397,1,535329
7086.696,7089.37,7030.543,7031.211,175520,1,556415
7031.88,7052.603,7029.206,7042.576,86043,1,299020
7042.576,7053.94,7039.233,7043.913,54826,1,184361
7043.244,7051.935,7022.521,7045.25,81219,1,279080
7045.918,7047.255,7031.88,7035.891,59863,1,230569
7036.559,7055.277,7035.222,7049.929,53588,1,199888
7049.261,7064.636,7043.244,7063.968,33392,1,125581
7045.918,7056.614,7015.168,7045.25,239498,1,644150
7044.581,7063.299,7026.532,7055.277,193768,1,576234
7055.277,7069.316,7042.576,7044.581,144245,1,448680
7044.581,7047.255,7001.798,7009.82,148103,1,519454
7009.151,7035.222,7009.151,7025.195,88192,1,309864
7025.195,7044.581,7020.516,7041.239,65118,1,210287
7041.239,7045.25,7027.2,7031.88,79201,1,266962
7031.88,7035.222,7019.179,7033.885,51206,1,170078
7033.885,7044.581,7028.537,7041.907,35993,1,125840
7076.0,7096.724,7063.968,7086.696,187294,1,544862
7086.696,7094.05,7051.266,7066.642,180067,1,512758
7067.31,7101.403,7065.973,7085.359,171628,1,539671
7085.359,7091.376,7047.255,7048.592,113480,1,381070
7048.592,7064.636,7039.233,7059.957,68524,1,232066
7059.957,7068.647,7049.261,7061.294,63108,1,207631
7061.294,7125.469,7049.929,7118.784,183872,1,619812
7119.453,7128.143,7109.425,7114.773,67971,1,240647
7114.773,7122.795,7106.083,7110.094,31415,1,116918
7099.398,7102.74,7069.316,7084.022,190076,1,537942
7084.691,7090.707,7066.642,7086.696,151694,1,497137
7086.696,7090.039,7074.663,7086.028,103512,1,368988
7086.028,7092.044,7059.957,7071.321,84677,1,335633
7070.653,7086.696,7064.636,7079.343,60596,1,232150
7079.343,7085.359,7065.973,7069.984,46256,1,166826
7069.984,7080.68,7061.962,7063.968,55271,1,201375
7063.299,7066.642,7052.603,7059.957,48696,1,187157
7059.957,7073.995,7059.288,7071.99,28354,1,106378
7072.658,7104.077,7059.957,7061.962,183957,1,558736
7061.962,7077.337,7053.272,7071.99,156606,1,490433
7071.99,7118.116,7071.321,7106.751,172568,1,599722
7106.751,7130.817,7103.409,7124.8,91940,1,337735
7124.8,7160.899,7121.458,7156.888,107038,1,400058
7156.22,7157.557,7140.844,7149.535,63494,1,222173
7149.535,7165.579,7144.187,7164.91,60600,1,209073
7164.242,7166.247,7151.54,7164.91,46089,1,167528
7164.91,7186.97,7152.877,7176.274,35809,1,142226
7172.932,7190.981,7124.132,7124.8,176641,1,532200
7125.469,7132.154,7112.768,7118.784,146064,1,464391
7118.784,7126.137,7107.42,7115.442,87225,1,316692
7114.773,7125.469,7104.746,7121.458,75543,1,279999
7121.458,7128.143,7107.42,7115.442,61109,1,208336
7116.11,7121.458,7110.094,7117.447,40052,1,153329
7117.447,7131.485,7114.105,7117.447,54936,1,182494
7116.779,7126.806,7112.768,7125.469,44553,1,164342
7126.137,7126.137,7109.425,7113.436,35728,1,138689
7104.746,7107.42,7082.017,7095.387,178799,1,518465
7094.718,7123.464,7087.365,7114.773,189390,1,586864
7114.773,7122.127,7098.061,7101.403,106231,1,372098
7101.403,7109.425,7091.376,7100.066,77790,1,289078
7100.735,7115.442,7098.729,7106.083,56632,1,198413
7106.083,7124.132,7101.403,7122.795,55652,1,197202
7122.127,7132.822,7116.779,7131.485,80215,1,274054
7132.154,7147.529,7131.485,7140.176,63099,1,235988
7140.176,7152.877,7130.817,7130.817,35287,1,136828
7121.458,7124.8,7090.039,7110.762,204551,1,614072
7110.762,7144.855,7107.42,7134.159,158696,1,524613
7134.159,7139.507,7091.376,7099.398,140780,1,484136
7099.398,7100.735,7071.99,7096.724,112128,1,416124
7096.724,7105.414,7090.039,7092.044,48996,1,176361
7092.044,7117.447,7086.028,7109.425,72135,1,261162
7109.425,7115.442,7100.066,7110.094,50956,1,181570
7109.425,7112.768,7097.392,7104.746,38810,1,147986
7104.746,7108.757,7096.055,7105.414,28920,1,111180
7095.387,7104.077,7065.973,7076.669,228542,1,677935
7076.0,7086.028,7069.316,7078.674,131718,1,473476
7078.674,7085.359,7035.222,7038.565,182728,1,658879
7039.233,7047.924,7032.548,7039.902,81291,1,309135
7039.233,7057.951,7038.565,7053.272,70144,1,269148
7053.272,7053.272,7007.814,7014.499,108629,1,403529
7014.499,7031.88,7006.477,7008.483,91079,1,379767
7008.483,7032.548,7007.814,7027.2,51472,1,209706
7027.2,7032.548,7001.129,7003.135,38802,1,185024
7029.874,7033.885,7006.477,7022.521,140909,1,391387
7021.853,7024.527,6987.091,6995.113,156004,1,471273
6994.444,6998.455,6979.737,6983.748,92984,1,312002
6983.748,6989.096,6977.732,6978.4,47682,1,169046
6978.4,6998.455,6975.058,6995.113,64884,1,224754
6994.444,6995.113,6969.042,6975.727,72192,1,234076
6975.058,6983.08,6967.036,6971.716,54576,1,197056
6972.384,6979.737,6965.699,6970.379,46839,1,174979
6969.71,6989.765,6967.705,6988.428,31434,1,129426
6985.763,6997.088,6971.107,6977.102,109234,1,329052
6976.436,6978.435,6945.125,6965.777,122900,1,394691
6965.777,7019.739,6965.777,7011.079,122431,1,408658
7011.079,7031.065,7009.08,7011.079,84654,1,301945
7011.079,7030.398,6999.087,7003.084,61419,1,217801
7003.75,7003.75,6983.098,6983.764,40430,1,136676
6983.764,6987.095,6965.777,6979.767,59202,1,203475
6979.767,6984.431,6973.105,6979.767,33238,1,119468
6980.433,6982.432,6968.442,6971.773,24249,1,104774
6946.457,6957.783,6909.15,6917.145,244665,1,735915
6916.478,6918.477,6875.174,6889.164,192644,1,660768
6888.498,6901.156,6876.506,6883.835,118946,1,419999
6883.835,6903.154,6883.168,6899.157,76769,1,287511
6899.823,6907.818,6889.83,6895.826,81745,1,261603
6895.826,6908.484,6895.16,6901.822,62515,1,230576
6901.822,6903.154,6885.167,6890.497,64534,1,236659
6890.497,6893.161,6868.512,6873.175,64612,1,243323
6873.175,6889.164,6867.18,6881.17,44234,1,165183
6888.498,6901.822,6878.505,6889.83,206451,1,612689
6889.83,6911.815,6871.177,6873.175,182356,1,649860
6873.175,6874.508,6798.561,6799.894,232516,1,903057
6799.894,6807.888,6768.582,6778.575,138615,1,560856
6778.575,6797.229,6778.575,6795.23,85039,1,336902
6795.896,6803.225,6780.574,6783.239,75024,1,305263
6783.905,6785.903,6770.581,6784.571,84192,1,326197
6785.237,6806.556,6782.572,6789.234,78724,1,327705
6789.234,6799.894,6775.244,6779.908,47828,1,217209
6824.543,6827.208,6759.922,6768.582,253932,1,768057
6769.248,6778.575,6749.929,6753.926,154536,1,519524
6754.592,6781.24,6753.26,6767.916,103707,1,403583
6767.916,6796.563,6761.92,6769.915,109204,1,392828
6769.915,6781.906,6767.25,6769.915,49950,1,179698
6769.915,6771.913,6744.599,6745.931,75316,1,257580
6745.931,6751.927,6721.282,6735.938,93807,1,337090
6735.938,6741.934,6721.282,6726.612,55661,1,207115
6726.612,6755.258,6723.947,6741.934,32078,1,130208
6731.275,6759.922,6716.619,6757.257,221248,1,625013
6756.591,6766.584,6738.603,6758.589,178597,1,537561
6758.589,6771.247,6740.602,6745.265,140395,1,442022
6745.265,6749.929,6705.293,6705.959,125885,1,421532
6705.959,6735.272,6701.962,6727.278,98877,1,345526
6727.944,6739.936,6724.613,6733.94,54984,1,194230
6733.94,6735.272,6715.952,6724.613,68736,1,235331
6725.279,6736.605,6721.948,6727.944,65154,1,264268
6727.278,6755.258,6721.948,6752.593,39370,1,164026
6735.272,6751.927,6713.288,6750.595,218974,1,615170
6750.595,6768.582,6743.267,6763.919,153896,1,506106
6763.253,6765.917,6713.288,6724.613,166573,1,566064
6725.279,6731.275,6705.959,6729.276,113433,1,392799
6729.276,6738.603,6717.285,6717.285,85992,1,317110
6717.285,6733.274,6717.285,6722.614,64373,1,233384
6723.281,6741.934,6718.617,6724.613,73804,1,252480
6724.613,6733.94,6721.948,6723.281,44626,1,161572
6722.614,6737.937,6721.282,6725.279,32870,1,116605
6709.957,6728.61,6701.962,6719.283,166354,1,474907
6719.283,6743.933,6710.623,6734.606,214631,1,687736
6734.606,6755.258,6721.948,6753.26,145834,1,478828
6753.926,6767.916,6747.93,6763.253,97885,1,346770
6762.586,6789.234,6760.588,6780.574,102149,1,359440
6780.574,6790.567,6767.916,6778.575,83494,1,312128
6777.909,6778.575,6759.255,6759.922,67510,1,266126
6759.922,6775.244,6757.923,6769.915,48462,1,173764
6769.915,6773.246,6757.257,6761.254,25236,1,108158
6758.589,6765.251,6718.617,6737.271,232704,1,703147
6736.605,6757.923,6724.613,6743.933,191753,1,609961
6743.933,6774.578,6725.945,6774.578,169450,1,592180
6774.578,6783.905,6762.586,6765.251,88042,1,317985
6765.917,6797.895,6763.253,6772.579,90979,1,324111
6772.579,6789.234,6769.248,6775.91,76680,1,293784
6775.244,6785.237,6769.915,6771.247,50278,1,186924
6771.913,6779.241,6755.924,6763.253,63480,1,226787
6763.919,6772.579,6749.262,6750.595,26732,1,107295
6741.934,6814.55,6741.268,6802.558,200070,1,599667
6803.225,6822.544,6784.571,6821.878,156284,1,480318
6821.878,6851.857,6813.884,6846.527,156228,1,536358
6846.527,6860.518,6839.199,6849.192,93273,1,326182
6849.192,6855.188,6831.205,6833.203,56660,1,198495
6833.203,6846.527,6825.875,6831.871,61226,1,219913
6831.205,6845.195,6823.877,6825.875,50556,1,186895
6825.209,6839.865,6825.209,6835.202,38006,1,140946
6834.536,6848.526,6828.54,6833.87,38418,1,156781
6815.216,6823.211,6802.558,6803.225,145896,1,458676
6803.225,6804.557,6775.91,6776.577,157932,1,537181
6776.577,6787.236,6755.258,6757.257,118890,1,424600
6757.257,6763.919,6747.93,6751.261,81377,1,295608
6750.595,6761.254,6749.262,6755.924,52361,1,199262
6755.258,6769.248,6753.26,6767.25,47208,1,174352
6767.25,6780.574,6765.251,6769.248,72767,1,280819
6769.248,6777.243,6765.917,6769.248,39314,1,159160
6769.248,6769.915,6752.593,6755.258,31268,1,128651
6759.255,6784.571,6747.93,6779.241,230007,1,668207
6779.908,6791.899,6764.585,6781.906,176998,1,572574
6781.906,6813.218,6772.579,6779.908,161785,1,556495
6779.241,6800.56,6773.246,6797.229,95715,1,331076
6796.563,6799.894,6778.575,6785.237,57701,1,203696
6785.237,6792.565,6733.94,6754.592,101122,1,383758
6753.926,6757.257,6725.279,6729.943,84068,1,321070
6730.609,6737.271,6727.278,6728.61,49233,1,181681
6728.61,6738.603,6727.944,6729.943,23799,1,114226
6743.267,6748.596,6716.619,6739.269,201244,1,580154
6739.269,6739.936,6709.29,6715.286,156325,1,512864
6715.286,6719.95,6690.637,6693.302,125373,1,471414
6692.635,6697.299,6663.323,6671.317,146070,1,587397
6671.317,6688.638,6667.986,6675.314,75300,1,280327
6674.648,6694.634,6672.65,6679.312,65363,1,238387
6679.312,6781.24,6679.312,6754.592,313735,1,1146678
6754.592,6756.591,6725.945,6747.264,91894,1,342046
6747.264,6759.255,6743.267,6745.931,37638,1,157717
6761.92,6773.246,6729.943,6764.585,243455,1,792310
6764.585,6766.584,6697.965,6720.616,232760,1,792861
6720.616,6726.612,6693.968,6700.63,147132,1,489596
6700.63,6729.276,6681.976,6704.627,136314,1,499232
6704.627,6721.282,6696.633,6711.955,76189,1,269678
6711.289,6716.619,6699.297,6699.964,57288,1,193733
6699.964,6711.955,6693.968,6710.623,56849,1,195741
6710.623,6713.954,6699.297,6704.627,36839,1,139230
6704.627,6704.627,6679.978,6679.978,37835,1,148414
6679.978,6705.959,6665.321,6668.652,239349,1,733339
6667.986,6705.293,6646.002,6697.965,253428,1,873995
6697.965,6746.598,6695.3,6717.285,226715,1,825498
6717.285,6745.931,6717.285,6724.613,114815,1,411825
6724.613,6780.574,6714.62,6777.243,110677,1,392475
6776.577,6781.906,6746.598,6755.924,76505,1,257907
6755.924,6765.251,6740.602,6759.922,78996,1,273996
6759.922,6771.913,6746.598,6765.251,62031,1,218308
6765.251,6815.882,6760.588,6789.234,55963,1,257052
6766.584,6778.575,6735.272,6740.602,175002,1,528591
6740.602,6743.267,6715.952,6732.607,157115,1,509714
6731.941,6735.272,6713.288,6719.95,132643,1,429530
6719.95,6727.278,6710.623,6710.623,60991,1,228274
6711.289,6719.95,6699.964,6710.623,75397,1,245592
6709.957,6722.614,6704.627,6707.292,61557,1,204210
6707.292,6708.624,6691.303,6695.966,78631,1,262276
6696.633,6702.628,6691.303,6697.965,38818,1,130155
6697.965,6705.959,6685.974,6687.306,35991,1,138004
6687.306,6728.61,6675.981,6711.955,213488,1,691903
6711.955,6726.612,6695.3,6715.952,202421,1,689654
6715.952,6719.283,6679.312,6686.64,167869,1,611650
6687.306,6695.966,6661.99,6667.986,120786,1,445312
6667.32,6675.314,6654.662,6663.989,90067,1,350430
6664.655,6674.648,6639.34,6655.328,88762,1,325658
6655.328,6664.655,6641.338,6642.004,83594,1,294693
6642.004,6646.668,6618.021,6622.685,76118,1,297780
6622.685,6634.676,6610.027,6610.027,53798,1,172043
6617.355,6620.686,6585.377,6594.704,218420,1,670145
6595.37,6626.682,6588.708,6589.375,208889,1,659601
6589.375,6640.006,6586.71,6622.685,193787,1,679828
6622.685,6637.341,6603.365,6604.697,130078,1,481691
6604.697,6621.352,6582.713,6615.356,119017,1,437637
6615.356,6625.349,6601.366,6610.693,80669,1,287017
6611.359,6638.007,6610.027,6624.683,86374,1,338396
6624.683,6629.347,6614.69,6618.021,57313,1,209545
6618.021,6624.683,6612.025,6622.018,27677,1,115100
6620.02,6622.685,6563.393,6573.386,221000,1,715789
6573.386,6598.701,6565.391,6574.718,181059,1,593639
6574.052,6586.044,6564.725,6569.389,132117,1,452513
6569.389,6576.051,6552.067,6555.398,108230,1,402597
6556.065,6566.058,6545.406,6546.738,73216,1,280176
6546.738,6550.069,6535.413,6537.411,81298,1,333165
6537.411,6554.066,6535.413,6553.4,74192,1,314889
6553.4,6554.732,6535.413,6540.076,53168,1,197759
6539.41,6553.4,6529.417,6553.4,44990,1,211776
6550.735,6566.058,6522.755,6552.734,235010,1,732620
6552.734,6563.393,6532.748,6534.746,178352,1,588909
6534.746,6574.718,6534.746,6572.72,103204,1,394636
6572.72,6592.706,6564.725,6565.391,120061,1,448135
6565.391,6587.376,6565.391,6583.379,58563,1,212077
6584.045,6608.694,6582.046,6605.363,87432,1,322441
6605.363,6631.345,6594.704,6603.365,95434,1,355403
6603.365,6616.689,6579.382,6580.048,71836,1,276608
6580.048,6588.042,6570.055,6577.383,31629,1,129535
6596.703,6626.682,6584.045,6590.041,198113,1,637597
6590.041,6594.038,6566.058,6582.713,148502,1,489209
6582.713,6602.032,6576.717,6581.38,140143,1,482180
6581.38,6618.021,6575.384,6589.375,111128,1,394263
6589.375,6610.693,6588.708,6598.701,62851,1,220538
6598.701,6606.03,6576.051,6578.715,69718,1,254582
6578.715,6581.38,6567.39,6568.056,59008,1,194784
6568.056,6572.053,6554.066,6568.056,63896,1,238178
6568.056,6574.052,6556.731,6567.39,30222,1,111220
6586.044,6596.703,6571.387,6580.048,185416,1,550009
6580.048,6596.703,6574.718,6592.039,134461,1,435302
6591.373,6624.017,6591.373,6594.704,172190,1,599372
6594.704,6598.701,6574.718,6581.38,85598,1,299177
6581.38,6589.375,6580.048,6584.711,36742,1,133071
6584.711,6586.71,6558.063,6570.721,77647,1,279201
6570.721,6588.042,6568.056,6586.71,62046,1,228434
6587.376,6589.375,6579.382,6586.044,35368,1,135732
6586.044,6608.694,6576.717,6604.031,33935,1,138010
6613.332,6659.84,6600.709,6633.264,198986,1,624752
6633.264,6679.771,6631.271,6663.826,160124,1,537744
6663.826,6695.052,6639.908,6688.408,157737,1,567006
6688.408,6697.046,6673.127,6675.121,92802,1,367435
6675.121,6685.751,6652.531,6673.792,94115,1,346389
6674.456,6675.121,6654.525,6661.833,53229,1,202010
6661.833,6667.812,6637.25,6639.244,55335,1,209607
6639.244,6647.881,6626.62,6633.929,52179,1,189873
6633.929,6634.593,6621.305,6626.62,28169,1,125637
6615.99,6633.929,6599.38,6609.346,200960,1,614015
6608.682,6656.518,6593.401,6656.518,212176,1,703993
6655.853,6695.052,6651.867,6681.1,178649,1,629892
6681.765,6728.272,6680.436,6711.662,127366,1,474795
6710.998,6714.984,6691.73,6705.018,69239,1,261390
6705.018,6720.299,6701.696,6718.97,65815,1,221850
6718.97,6727.607,6691.73,6712.326,84799,1,303485
6711.662,6732.923,6709.005,6722.957,58522,1,214239
6722.957,6736.909,6719.635,6725.614,42270,1,155137
6711.662,6747.539,6649.209,6651.867,254343,1,798953
6651.867,6694.388,6645.888,6693.724,166062,1,544726
6693.059,6761.491,6684.422,6732.923,202056,1,737617
6733.587,6742.224,6703.689,6722.292,92592,1,321975
6722.292,6741.56,6717.642,6741.56,56243,1,187672
6741.56,6754.183,6701.032,6716.313,77964,1,279351
6715.648,6725.614,6703.025,6724.285,57466,1,197523
6724.285,6738.902,6719.635,6730.929,41710,1,150055
6731.594,6748.204,6729.601,6742.888,28030,1,112045
6736.909,6754.847,6726.943,6753.519,147863,1,402756
6753.519,6762.82,6738.902,6755.512,133684,1,387881
6755.512,6776.772,6754.847,6770.128,107288,1,323826
6770.128,6786.738,6761.491,6767.471,78265,1,247303
6767.471,6769.464,6750.197,6754.183,56866,1,180222
6754.847,6780.759,6746.21,6775.443,71897,1,214414
6775.443,6783.416,6768.8,6771.457,50829,1,144750
6772.122,6782.752,6771.457,6780.094,29013,1,85826
6779.43,6796.04,6774.779,6785.409,36460,1,121237
6766.142,6821.951,6763.484,6812.649,230162,1,688447
6812.649,6869.787,6807.999,6857.828,220953,1,718140
6858.492,6929.582,6853.841,6927.589,220023,1,725098
6927.589,6937.554,6897.691,6903.006,139702,1,430224
6903.006,6922.274,6901.013,6908.321,87137,1,249430
6907.657,6914.301,6889.718,6895.698,99238,1,314792
6896.362,6933.568,6893.04,6929.582,96550,1,321480
6929.582,6945.527,6926.924,6942.205,69156,1,234342
6941.541,6951.507,6924.931,6926.26,44203,1,171924
6901.677,6931.575,6887.725,6928.253,253730,1,702551
6928.253,6946.856,6914.965,6922.274,225714,1,669950
6922.274,7015.288,6918.952,7008.644,241928,1,847298
7007.98,7035.884,6996.021,7016.617,150647,1,537945
7017.281,7032.562,7008.644,7020.603,85057,1,296160
7020.603,7034.555,6985.391,6994.692,111034,1,388692
6994.028,7009.973,6935.561,6979.411,186739,1,657924
6979.411,6982.069,6953.5,6978.082,68312,1,227820
6978.747,6986.055,6965.459,6971.438,32718,1,105612
7029.24,7054.487,7012.63,7041.199,249670,1,746094
7041.199,7049.836,7003.993,7021.268,227806,1,696792
7021.268,7078.405,7009.973,7041.199,242417,1,812690
7041.864,7042.528,6970.774,6974.76,174423,1,603474
6974.096,6980.075,6952.171,6977.418,104157,1,366541
6978.082,7003.993,6972.767,6986.055,97363,1,335997
6985.391,7006.651,6981.404,7000.671,62606,1,223082
7001.336,7008.644,6994.692,6998.678,46085,1,168665
6998.678,7010.637,6991.37,7005.322,25182,1,94437
6998.014,7037.877,6986.055,6988.048,260153,1,758476
6988.048,6996.021,6966.788,6984.062,177648,1,530308
6984.062,6998.678,6940.876,6943.534,152548,1,503770
6943.534,6950.178,6912.308,6918.287,133632,1,467989
6918.287,6931.575,6899.02,6904.335,94003,1,328342
6904.335,6910.315,6891.712,6902.342,77433,1,271967
6902.342,6917.623,6897.691,6902.342,66146,1,224273
6901.677,6904.999,6876.431,6889.718,74784,1,289993
6889.718,6897.027,6881.081,6887.061,37532,1,129680
6895.698,6954.164,6881.081,6946.192,250702,1,775995
6946.856,6948.849,6899.684,6910.315,226134,1,702000
6909.65,6910.315,6865.136,6878.424,183517,1,597866
6879.088,6889.054,6861.814,6863.807,105242,1,372368
6864.472,6871.78,6854.506,6869.787,73830,1,252797
6869.787,6906.993,6865.8,6889.054,123344,1,478238
6889.054,6906.328,6871.116,6880.417,83621,1,279873
6880.417,6902.342,6876.431,6900.349,57923,1,216277
6899.684,6900.349,6874.437,6875.102,28704,1,106649
6860.485,6866.465,6779.43,6797.368,259221,1,845845
6797.368,6806.67,6769.464,6773.45,192477,1,620125
6772.786,6778.765,6745.546,6762.82,185567,1,627420
6763.484,6790.724,6750.197,6770.128,125519,1,422722
6770.128,6779.43,6764.149,6770.793,66126,1,235560
6770.793,6776.772,6764.813,6772.786,48178,1,178715
6772.122,6782.752,6752.854,6761.491,87273,1,312273
6761.491,6770.793,6750.197,6769.464,65146,1,234248
6769.464,6773.45,6750.197,6752.854,36086,1,136451
6768.135,6783.416,6726.279,6758.169,246324,1,702053
6758.169,6801.355,6752.19,6782.087,239538,1,741493
6782.087,6803.348,6764.149,6792.053,176606,1,564905
6792.053,6820.622,6784.081,6813.314,114104,1,380735
6813.978,6819.958,6790.06,6806.67,90456,1,299198
6806.67,6839.225,6803.348,6839.225,107660,1,369270
6838.56,6839.889,6810.656,6831.917,78060,1,273986
6831.252,6833.91,6807.999,6810.656,54989,1,193606
6810.656,6811.985,6800.69,6807.334,27433,1,101178
6795.375,6813.978,6758.834,6792.053,261910,1,776654
6792.053,6823.28,6778.101,6800.026,182463,1,598460
6799.361,6822.615,6755.512,6756.176,208250,1,680024
6756.841,6797.368,6754.847,6776.772,111903,1,373578
6777.437,6784.081,6752.854,6760.827,76886,1,253305
6760.163,6786.738,6756.176,6781.423,71685,1,240432
6781.423,6807.999,6781.423,6804.012,76454,1,261249
6804.677,6820.622,6802.019,6807.999,61160,1,216669
6807.999,6817.964,6804.012,6807.334,24887,1,101785
6863.143,6917.623,6855.17,6912.972,261850,1,698387
6912.972,6921.609,6869.787,6899.02,246242,1,729023
6898.356,6933.568,6897.027,6928.253,203716,1,600733
6928.917,6942.205,6915.63,6931.575,117153,1,373310
6930.911,6960.144,6922.274,6947.52,103669,1,340710
6948.185,6969.445,6940.212,6968.116,96656,1,290178
6967.452,6993.363,6954.164,6990.041,97969,1,336738
6990.041,6996.021,6982.733,6984.062,67474,1,228652
6984.062,6994.028,6974.096,6986.719,46127,1,162400
6972.767,7025.918,6960.144,7012.63,249940,1,749722
7013.295,7044.521,6984.062,6988.712,221963,1,729102
6988.712,7005.322,6958.815,6983.397,198559,1,666996
6982.733,6988.712,6920.945,6945.527,137327,1,494074
6945.527,6962.137,6928.253,6930.246,91852,1,324237
6930.246,6952.835,6929.582,6945.527,72094,1,245596
6946.192,6950.178,6931.575,6931.575,52761,1,173574
6932.239,6958.815,6928.917,6958.151,58071,1,196995
6958.151,6960.144,6937.554,6947.52,38164,1,147216
6960.808,7007.98,6954.164,7001.336,227962,1,698156
7002.0,7002.665,6968.116,6974.096,209302,1,683366
6974.76,7020.603,6973.432,6989.377,186128,1,637188
6988.712,7003.993,6946.192,6958.151,155463,1,544068
6958.815,6962.137,6937.554,6952.835,86890,1,318284
6952.835,6952.835,6920.945,6936.89,86994,1,291604
6937.554,6942.87,6914.965,6918.287,80030,1,277806
6918.952,6919.616,6891.712,6906.328,68850,1,260865
6906.328,6906.328,6893.705,6900.349,27899,1,105254
6893.705,6916.294,6873.773,6883.075,248463,1,716630
6883.739,6932.904,6879.753,6926.26,215629,1,707642
6925.595,6946.192,6918.952,6924.931,148905,1,513032
6924.931,6949.514,6912.972,6924.267,115916,1,416153
6924.267,6927.589,6898.356,6904.999,95660,1,338729
6905.664,6928.917,6904.999,6912.972,69766,1,248879
6913.636,6934.897,6909.65,6922.274,82149,1,305300
6922.938,6932.239,6911.643,6930.246,52442,1,197435
6930.246,6934.233,6916.958,6920.945,27914,1,105298
6912.972,6913.636,6863.143,6865.8,170876,1,508703
6865.136,6888.39,6861.15,6886.397,156597,1,485096
6886.397,6903.006,6869.787,6870.451,152408,1,528179
6871.116,6891.047,6859.821,6885.068,99406,1,354279
6885.068,6901.013,6877.095,6900.349,54774,1,197701
6899.684,6919.616,6889.718,6901.677,92988,1,335091
6901.677,6952.835,6900.349,6942.87,82044,1,324965
6942.87,6958.815,6924.931,6927.589,63303,1,226872
6927.589,6929.582,6912.308,6916.294,29387,1,111723
6903.006,6954.164,6899.684,6940.212,201287,1,588119
6940.876,6947.52,6885.732,6887.725,203351,1,658049
6887.725,6894.369,6865.8,6878.424,147058,1,518652
6877.759,6889.718,6867.794,6876.431,84443,1,299011
6876.431,6877.759,6849.191,6866.465,88007,1,319356
6866.465,6882.41,6863.143,6881.081,61875,1,223976
6881.081,6889.718,6873.773,6885.732,67288,1,246001
6885.732,6891.712,6877.095,6880.417,45562,1,161744
6880.417,6893.04,6878.424,6883.075,24684,1,102890
6904.335,6920.945,6869.787,6903.006,244610,1,698743
6902.342,6908.321,6861.814,6867.129,210464,1,688096
6867.129,6879.088,6857.828,6865.136,141081,1,484443
6864.472,6873.773,6845.869,6859.821,114215,1,414914
6860.485,6879.753,6859.157,6875.102,62052,1,220574
6874.437,6888.39,6869.787,6884.403,77157,1,270143
6884.403,6892.376,6877.759,6888.39,61470,1,214272
6888.39,6889.054,6875.102,6878.424,39602,1,148171
6879.088,6883.739,6871.78,6872.444,26113,1,107835
6874.437,6882.41,6850.519,6868.458,173199,1,517966
6868.458,6868.458,6824.608,6826.601,202244,1,639221
6826.601,6875.102,6816.636,6870.451,167140,1,601208
6870.451,6877.759,6851.184,6853.177,97423,1,359749
6852.513,6874.437,6846.533,6869.122,68937,1,241189
6868.458,6889.718,6859.157,6875.766,73632,1,257071
6876.431,6902.342,6801.355,6812.649,211886,1,742288
6811.985,6815.971,6786.074,6792.053,73595,1,265046
6792.053,6804.677,6785.409,6804.012,34978,1,141019
6760.163,6766.142,6739.566,6749.532,146258,1,446664
6749.532,6762.82,6737.573,6758.834,173797,1,567807
6758.834,6760.827,6724.285,6726.279,159408,1,573059
6725.614,6727.607,6702.361,6713.655,92545,1,352611
6713.655,6722.957,6699.039,6722.292,69796,1,250293
6722.292,6734.916,6718.306,6732.923,70353,1,288457
6733.587,6752.19,6725.614,6728.272,80241,1,324724
6728.272,6756.176,6727.607,6748.868,59368,1,240608
6749.532,6756.176,6736.909,6750.197,30955,1,125497
6746.888,6807.761,6746.888,6788.573,173899,1,489352
6788.573,6792.543,6748.212,6762.768,136240,1,446964
6762.768,6844.813,6755.49,6840.182,172297,1,624379
6840.843,6850.106,6826.287,6832.903,93200,1,351526
6832.903,6860.693,6825.625,6856.061,67652,1,235990
6855.4,6881.204,6854.738,6872.603,75533,1,279837
6873.264,6907.009,6871.279,6897.746,77134,1,293955
6897.084,6926.858,6892.452,6919.58,83772,1,320261
6919.58,6946.708,6901.715,6926.197,57074,1,229449
6894.437,6900.392,6815.039,6832.242,226568,1,689548
6832.242,6844.813,6819.009,6830.918,135496,1,436180
6830.257,6834.888,6805.776,6819.009,151619,1,477966
6819.009,6832.903,6796.512,6809.084,106837,1,359509
6809.084,6831.58,6793.866,6801.806,89780,1,312979
6802.467,6820.994,6795.851,6820.994,70979,1,235929
6820.332,6858.708,6818.347,6851.43,102394,1,346085
6851.43,6865.325,6843.49,6860.693,70068,1,246438
6860.693,6932.813,6858.046,6868.633,97168,1,356999
6864.001,6981.114,6858.708,6952.663,326786,1,974029
6952.663,6998.979,6950.016,6992.362,208638,1,635234
6992.362,7005.595,6968.543,6979.791,172622,1,543503
6979.791,6983.099,6942.076,6952.663,140737,1,449043
6952.001,6966.558,6935.46,6948.693,101957,1,340074
6948.693,6949.355,6923.55,6945.385,97461,1,314950
6945.385,6947.37,6905.685,6913.625,86528,1,290793
6913.625,6914.287,6878.558,6894.437,90077,1,318943
6894.437,6912.964,6893.114,6906.347,31665,1,108236
6886.497,6932.152,6869.956,6903.7,284700,1,797200
6903.7,6912.964,6860.031,6873.264,220062,1,662910
6873.926,6955.309,6873.264,6929.505,242779,1,778062
6929.505,6967.219,6924.212,6952.001,119924,1,402764
6951.34,6960.603,6935.46,6946.708,79493,1,243410
6946.708,6946.708,6892.452,6895.761,111824,1,361290
6895.761,6901.054,6876.573,6891.129,83651,1,278951
6891.129,6900.392,6881.866,6892.452,49104,1,163913
6891.791,6892.452,6864.001,6865.986,40791,1,152614
6805.114,6860.031,6797.836,6822.979,252637,1,753319
6823.64,6834.227,6786.588,6799.821,253576,1,790739
6799.821,6830.257,6793.204,6823.64,166954,1,551726
6823.64,6877.234,6820.332,6875.249,156792,1,531825
6875.249,6895.099,6869.956,6882.528,102081,1,356618
6882.528,6918.918,6879.881,6901.715,114382,1,368114
6902.377,6939.43,6897.084,6914.949,111758,1,384607
6914.949,6931.49,6899.069,6928.182,85719,1,290897
6928.182,6982.437,6921.565,6972.512,58829,1,248398
6946.046,7003.61,6923.55,6973.836,303925,1,860940
6973.836,6983.099,6910.317,6973.174,251438,1,813675
6973.174,6995.67,6949.355,6961.264,164010,1,510895
6961.264,6969.204,6915.61,6938.106,138219,1,434083
6938.106,6960.603,6934.137,6940.091,82563,1,259025
6939.43,6967.219,6931.49,6956.633,74204,1,231797
6956.633,6971.189,6943.4,6962.588,72091,1,233406
6961.926,6967.219,6942.738,6948.031,53573,1,178986
6948.693,6979.129,6944.723,6945.385,54384,1,172111
6940.753,7011.55,6935.46,7000.964,247329,1,677304
7000.302,7004.272,6942.076,6955.971,248205,1,734958
6956.633,7033.385,6952.663,7026.768,214970,1,681150
7026.106,7033.385,7004.934,7021.475,126934,1,391784
7021.475,7021.475,6989.054,6990.377,83657,1,261485
6990.377,6994.347,6923.55,6938.106,150867,1,505770
6938.106,6953.986,6921.565,6953.986,95036,1,339056
6953.325,6964.573,6946.708,6962.588,53602,1,177303
6961.926,6966.558,6947.37,6947.37,46389,1,143221
6950.016,6985.084,6928.843,6956.633,343858,1,932775
6955.971,6983.761,6926.197,6957.294,264714,1,792961
6956.633,6975.821,6919.58,6925.535,207570,1,663468
6926.197,6936.122,6889.144,6891.791,140930,1,456146
6891.791,6914.949,6891.129,6903.7,97492,1,310177
6903.7,6924.873,6881.866,6914.949,120497,1,391431
6914.287,6923.55,6894.437,6897.084,88383,1,287442
6897.084,6908.994,6891.129,6895.761,50537,1,157693
6895.761,6901.054,6887.821,6887.821,38757,1,131585
6895.099,6926.197,6852.091,6867.309,292494,1,875318
6867.309,6912.302,6861.355,6899.069,268218,1,820897
6899.069,6946.046,6895.099,6918.918,182927,1,616728
6918.918,6932.813,6906.347,6906.347,118609,1,434228
6907.009,6928.843,6901.054,6924.873,79067,1,273748
6924.212,6930.828,6910.979,6918.257,81134,1,288186
6918.918,6928.182,6911.64,6924.873,55712,1,179624
6924.873,6942.076,6924.212,6925.535,60733,1,187902
6925.535,6942.076,6922.227,6937.445,38260,1,123530
6924.873,6957.294,6915.61,6938.768,236373,1,630934
6938.768,6965.234,6928.843,6929.505,204270,1,611822
6928.843,6969.866,6927.52,6955.309,167162,1,508111
6955.971,6974.497,6938.106,6947.37,106772,1,332401
6948.031,6948.031,6919.58,6934.137,89396,1,277707
6933.475,6938.768,6910.979,6925.535,91519,1,282643
6924.873,6970.528,6924.873,6969.204,100328,1,316844
6968.543,6975.159,6961.264,6969.866,63524,1,196097
6970.528,6980.452,6963.249,6969.866,41296,1,150254
6953.986,6973.174,6936.122,6946.046,218087,1,627608
6946.046,7000.302,6940.753,6989.715,219874,1,674420
6989.715,7005.595,6959.279,6961.264,182794,1,603702
6961.926,6965.896,6930.167,6944.723,128726,1,457430
6944.723,6951.34,6932.813,6946.708,68449,1,221433
6946.708,6954.648,6924.212,6952.001,79736,1,281471
6951.34,6959.279,6936.783,6956.633,74697,1,262659
6956.633,6959.941,6946.046,6957.294,43648,1,152723
6957.294,6968.543,6955.309,6963.249,31548,1,111936
6995.009,7025.445,6975.821,6975.821,200504,1,569983
6975.821,6986.407,6957.956,6965.896,192096,1,574808
6965.896,6965.896,6934.137,6943.4,174748,1,583973
6943.4,6969.204,6941.415,6957.956,125272,1,417614
6957.956,6963.249,6944.723,6960.603,71929,1,255380
6960.603,6978.467,6952.663,6971.189,85714,1,274474
6971.851,6994.347,6965.896,6989.715,79764,1,271127
6989.054,7012.212,6983.761,7003.61,74317,1,261472
7003.61,7009.565,6972.512,6975.159,47088,1,165049
7002.287,7003.61,6967.219,6991.7,235609,1,669116
6991.7,7026.106,6958.618,6969.204,267267,1,833725
6969.866,6979.129,6954.648,6963.911,159580,1,494992
6963.911,6973.174,6942.076,6965.896,125622,1,453001
6966.558,7010.888,6958.618,7004.272,132531,1,451425
7004.934,7032.061,6991.039,7010.888,126927,1,437308
7010.888,7022.798,6967.881,6988.392,128793,1,458706
6988.392,6992.362,6977.144,6984.422,56014,1,175206
6984.422,7025.445,6983.761,7022.798,57803,1,192576
7006.919,7022.137,6990.377,7006.919,202221,1,555403
7006.257,7012.212,6977.806,6979.791,188155,1,556908
6979.129,7057.866,6975.821,7037.355,256580,1,820289
7037.355,7098.227,7033.385,7083.009,175429,1,611737
7083.67,7098.227,7073.084,7076.392,87906,1,266682
7076.392,7092.272,7063.821,7084.332,93452,1,298792
7084.332,7106.167,7051.249,7102.858,158526,1,503251
7102.858,7128.001,7092.272,7124.031,96587,1,339092
7124.031,7155.791,7123.37,7145.204,64390,1,239382
7180.934,7231.219,7172.332,7202.107,283066,1,818601
7202.768,7208.061,7151.159,7160.422,250497,1,756296
7161.084,7204.753,7136.603,7180.934,221179,1,734047
7181.595,7205.415,7154.467,7165.054,157477,1,526209
7164.392,7178.287,7132.633,7148.513,109701,1,392529
7148.513,7178.949,7129.325,7176.302,113156,1,377896
7176.302,7207.4,7165.716,7189.535,109133,1,367311
7190.197,7194.167,7159.099,7187.55,77287,1,250590
7186.888,7198.798,7169.685,7174.317,40068,1,132914
7212.031,7249.746,7191.52,7242.467,216898,1,601380
7242.467,7255.701,7213.355,7216.663,200028,1,607046
7217.325,7237.174,7169.685,7172.332,189782,1,574274
7172.994,7180.934,7147.189,7154.467,121898,1,401563
7154.467,7158.437,7136.603,7153.144,79057,1,251253
7153.806,7173.655,7145.204,7163.069,70455,1,216104
7163.069,7170.347,7137.264,7140.573,74935,1,227970
7140.573,7162.407,7117.415,7135.941,98791,1,327468
7135.941,7143.219,7110.137,7124.031,49677,1,149877
7108.813,7122.708,7081.685,7093.595,200743,1,556045
7092.934,7139.249,7083.67,7116.091,246903,1,694456
7116.091,7138.588,7112.122,7120.061,152079,1,449445
7120.061,7157.114,7118.738,7133.956,131264,1,413066
7134.618,7137.264,7114.106,7129.986,84893,1,274876
7129.986,7145.204,7117.415,7132.633,93782,1,301719
7132.633,7149.174,7121.385,7123.37,83865,1,253690
7122.708,7134.618,7113.445,7129.986,64601,1,205990
7130.648,7143.219,7122.708,7128.663,42378,1,139159
7104.182,7107.49,7054.558,7072.422,213658,1,648629
7072.422,7084.332,7041.986,7049.926,207272,1,648663
7049.926,7051.249,6982.437,6991.7,201012,1,709986
6991.7,6992.362,6968.543,6991.7,101717,1,365171
6991.039,6993.685,6954.648,6965.234,103609,1,369677
6965.234,6973.174,6954.648,6970.528,70887,1,251615
6971.189,6973.836,6951.34,6954.648,69277,1,243002
6955.309,6972.512,6953.986,6969.866,54252,1,197473
6969.204,6972.512,6948.693,6955.971,44315,1,166324
6975.821,6979.129,6926.858,6942.738,231690,1,691391
6942.738,6980.452,6921.565,6967.881,229973,1,731277
6968.543,6976.482,6941.415,6948.031,166654,1,520997
6948.693,6953.986,6924.212,6948.031,115562,1,399502
6947.37,6953.325,6936.783,6950.016,66768,1,222869
6950.016,6959.279,6937.445,6937.445,78080,1,245881
6938.106,6942.076,6895.099,6897.084,114584,1,398882
6897.084,6907.67,6895.099,6901.054,49333,1,160782
6901.054,6914.287,6898.407,6905.024,30648,1,119479
6918.257,6940.753,6907.009,6926.197,170722,1,482479
6926.858,6950.678,6926.197,6938.768,163151,1,486995
6938.768,6959.941,6926.197,6951.34,173507,1,545289
6951.34,6962.588,6934.798,6941.415,105934,1,361351
6941.415,6950.678,6933.475,6950.016,58067,1,197298
6949.355,6961.926,6943.4,6955.309,61566,1,206526
6955.309,6967.219,6948.693,6963.249,58999,1,203662
6963.249,6974.497,6947.37,6959.279,81549,1,282019
6959.279,6973.836,6955.309,6969.866,38358,1,138922
6958.618,6965.234,6928.843,6932.813,180996,1,527181
6932.152,6953.986,6915.61,6931.49,182980,1,571441
6931.49,6941.415,6892.452,6897.084,220159,1,718880
6896.422,6903.7,6871.941,6877.896,101813,1,339295
6877.234,6893.776,6876.573,6885.174,69731,1,252793
6885.174,6900.392,6881.204,6898.407,60665,1,224130
6899.069,6900.392,6866.648,6872.603,74343,1,265185
6873.264,6881.204,6870.618,6879.219,41643,1,146863
6878.558,6900.392,6874.588,6889.144,41134,1,166761
6881.204,6917.595,6880.543,6897.746,189514,1,522043
6897.746,6910.979,6883.189,6899.069,152376,1,460938
6898.407,6899.069,6859.37,6863.34,162969,1,532306
6863.34,6882.528,6859.37,6871.941,89280,1,309770
6872.603,6880.543,6862.016,6868.633,62326,1,200725
6868.633,6882.528,6856.061,6877.896,79535,1,290307
6877.234,6879.881,6860.031,6865.325,58065,1,196357
6865.325,6873.264,6862.016,6867.971,40756,1,138451
6867.309,6875.249,6860.031,6861.355,32127,1,119135
6859.379,6876.504,6829.08,6840.936,191598,1,541769
6840.277,6848.181,6804.05,6813.93,180612,1,568613
6813.272,6818.541,6768.482,6772.434,166191,1,560176
6772.434,6807.344,6770.458,6801.416,103902,1,392948
6801.416,6827.762,6795.488,6822.493,102990,1,342754
6823.152,6848.181,6815.906,6833.032,94092,1,316872
6832.373,6845.547,6827.104,6836.325,66620,1,235599
6836.984,6858.061,6833.691,6842.253,65241,1,232070
6842.912,6842.912,6810.637,6813.272,33601,1,128824
6819.858,6831.056,6802.733,6813.272,195247,1,538958
6813.272,6840.277,6800.757,6821.176,202574,1,642988
6821.176,6829.08,6806.685,6819.858,124628,1,457313
6819.858,6862.013,6809.978,6854.109,132755,1,478311
6854.109,6855.427,6830.397,6850.816,84923,1,289602
6850.816,6854.768,6817.882,6828.421,76155,1,250682
6828.421,6845.547,6827.104,6833.032,64599,1,205244
6833.691,6863.989,6831.715,6853.451,63770,1,207848
6854.109,6875.187,6853.451,6860.037,44557,1,167073
6842.253,6870.576,6836.325,6854.768,215343,1,595243
6854.768,6876.504,6847.523,6862.013,181294,1,567458
6861.355,6862.013,6799.44,6802.733,193728,1,661888
6803.392,6833.032,6800.757,6830.397,113926,1,433796
6830.397,6836.325,6813.272,6823.152,74600,1,271959
6822.493,6840.936,6815.906,6835.667,76919,1,303787
6835.667,6865.307,6821.176,6855.427,101138,1,381867
6856.085,6861.355,6848.181,6852.133,60507,1,228648
6851.475,6868.6,6844.229,6852.792,44275,1,169161
6840.277,6841.595,6784.29,6817.224,242117,1,730837
6817.224,6858.72,6803.392,6849.499,208662,1,669126
6850.157,6863.331,6827.104,6839.619,161854,1,585021
6839.619,6852.792,6828.421,6835.008,91606,1,345021
6835.008,6853.451,6828.421,6846.205,54711,1,183541
6846.864,6859.379,6838.96,6856.085,54031,1,194674
6856.085,6863.331,6850.816,6853.451,55852,1,201877
6853.451,6868.6,6849.499,6853.451,43688,1,163664
6854.109,6876.504,6850.157,6872.552,39453,1,155231
6860.037,6890.336,6855.427,6882.432,107467,1,298678
6883.091,6885.725,6858.061,6861.355,130894,1,391562
6861.355,6863.331,6827.104,6829.08,104336,1,334104
6829.738,6835.008,6814.589,6825.128,76979,1,250692
6824.469,6831.715,6820.517,6831.715,33188,1,99410
6831.056,6831.715,6823.81,6829.738,19553,1,62204
6829.08,6840.277,6826.445,6838.301,28656,1,96614
6838.301,6844.888,6831.715,6842.912,27783,1,94816
6842.912,6843.571,6832.373,6835.667,20907,1,77596
6865.307,6904.168,6863.989,6871.235,211765,1,612197
6871.235,6920.635,6871.235,6919.976,195489,1,604064
6919.976,6989.795,6914.048,6979.256,192565,1,688399
6979.256,7017.459,6972.011,6983.867,155935,1,627771
6984.526,7003.627,6964.107,6997.04,107966,1,378311
6997.04,7010.214,6966.742,6991.771,101159,1,358841
6991.771,7021.411,6981.891,7017.459,86511,1,306718
7017.459,7038.537,7014.824,7035.902,75348,1,302163
7035.902,7049.734,7021.411,7027.998,51214,1,194818
7010.872,7049.734,6987.16,7016.8,302586,1,935490
7016.8,7027.339,6962.131,6985.184,248492,1,806860
6985.184,6989.136,6952.91,6964.107,161477,1,563480
6964.107,6990.454,6956.862,6973.328,108506,1,403980
6973.328,6983.208,6963.448,6979.256,63506,1,237168
6979.915,7018.776,6972.011,7010.872,121042,1,424201
7010.872,7039.854,6995.723,7009.555,100833,1,393619
7009.555,7016.142,6863.989,6908.12,159095,1,572131
6908.12,6921.293,6865.965,6885.067,70127,1,221395
6822.493,6904.168,6815.906,6895.605,234388,1,761961
6895.605,6906.803,6874.528,6882.432,187945,1,556136
6881.773,6923.269,6874.528,6905.485,157609,1,515711
6906.144,6921.952,6890.995,6896.923,104124,1,364078
6896.264,6904.827,6890.995,6896.923,46204,1,151418
6896.923,6958.838,6893.629,6937.76,132929,1,458223
6937.76,6954.227,6929.856,6939.736,66260,1,222352
6939.736,6964.766,6937.102,6958.838,58250,1,201586
6959.496,6961.472,6929.856,6939.736,33278,1,133735
6919.976,6925.245,6873.869,6904.827,238401,1,672338
6904.827,6921.293,6890.336,6902.192,207395,1,600173
6901.533,6918.659,6877.821,6883.091,161705,1,507756
6883.749,6891.653,6871.235,6883.091,106189,1,335573
6883.749,6896.923,6879.797,6889.677,63829,1,214510
6889.677,6912.072,6883.749,6898.899,71206,1,241908
6898.899,6918.0,6898.899,6912.072,61170,1,216703
6912.731,6917.341,6897.581,6900.216,45603,1,157235
6900.216,6904.168,6889.019,6894.288,29642,1,105802
6916.024,6919.317,6866.624,6879.139,229705,1,663864
6879.139,6928.539,6873.869,6924.587,198053,1,616401
6925.245,6937.76,6900.216,6911.413,162245,1,525645
6910.755,6914.048,6886.384,6898.899,85993,1,294496
6898.899,6928.539,6893.629,6918.659,74183,1,246316
6918.659,6923.928,6904.168,6921.952,70690,1,237788
6921.952,6937.102,6916.683,6932.491,69920,1,238267
6932.491,6952.91,6931.832,6945.006,58700,1,202893
6944.347,6945.664,6916.024,6933.15,39757,1,125240
6922.611,6950.275,6907.461,6933.808,213394,1,692366
6934.467,6961.472,6930.515,6939.736,212578,1,724203
6939.736,6957.52,6929.856,6938.419,139529,1,531921
6938.419,6948.958,6935.126,6938.419,67410,1,254794
6938.419,6946.323,6921.952,6929.198,69550,1,249810
6929.198,6947.64,6924.587,6941.054,70264,1,235850
6941.054,6950.275,6917.341,6933.15,69749,1,239208
6933.808,6937.102,6912.072,6914.048,59957,1,203106
6914.707,6925.245,6885.725,6904.827,40721,1,160157
6916.024,6945.664,6907.461,6935.784,168561,1,503416
6936.443,6968.718,6930.515,6954.886,188725,1,678700
6954.886,6966.742,6932.491,6937.76,135174,1,450032
6937.102,6945.006,6925.904,6935.784,71470,1,265404
6935.784,6946.323,6930.515,6944.347,48073,1,175015
6945.006,6954.886,6936.443,6954.227,49610,1,164573
6954.227,6971.352,6950.934,6953.568,73823,1,265477
6954.227,6965.424,6948.958,6950.934,50247,1,169959
6950.934,6959.496,6935.784,6935.784,31577,1,117115
6937.76,6998.358,6931.174,6987.16,200055,1,661940
6987.16,7053.686,6983.208,7050.393,202339,1,721941
7050.393,7058.297,7014.166,7017.459,165363,1,690413
7018.118,7020.752,6985.184,6991.771,111484,1,468487
6991.771,6995.064,6967.4,6977.939,77116,1,272124
6977.28,6999.675,6972.67,6989.795,75234,1,271118
6989.795,6997.699,6970.694,6977.939,61876,1,230370
6977.28,6983.208,6960.814,6979.256,56348,1,206906
6979.256,6990.454,6975.304,6978.598,32135,1,124261
7022.729,7056.321,7022.07,7037.878,194228,1,547193
7037.878,7044.465,7002.968,7033.267,216538,1,632270
7033.926,7046.441,7018.118,7034.585,152747,1,457587
7034.585,7039.195,7013.507,7029.974,88770,1,300503
7030.633,7075.422,7028.657,7074.105,104909,1,340286
7074.105,7074.763,7039.195,7054.345,102012,1,333884
7054.345,7085.302,7049.734,7080.033,93260,1,295608
7080.033,7097.158,7029.315,7031.95,103069,1,346981
7031.95,7045.123,7024.046,7029.315,38202,1,130847
7008.896,7027.339,6985.184,7007.579,190525,1,530599
7007.579,7024.705,6991.112,6999.016,181333,1,521754
6999.016,7042.489,6995.723,7015.483,171649,1,528767
7015.483,7027.339,6976.622,6980.574,134105,1,453016
6981.232,6986.502,6964.107,6980.574,77038,1,272055
6979.915,6983.867,6950.934,6962.79,82642,1,291246
6962.79,6979.256,6944.347,6950.934,76127,1,280121
6951.592,6974.646,6946.982,6973.987,55398,1,194483
6973.987,6981.891,6952.251,6952.251,34243,1,130332
6931.832,6966.083,6925.904,6962.79,155393,1,452473
6962.79,6981.232,6958.179,6972.011,134824,1,453214
6971.352,6977.939,6956.203,6970.694,109971,1,355465
6970.035,6973.328,6951.592,6956.203,77462,1,271729
6955.544,6973.328,6950.275,6967.4,57686,1,207099
6967.4,6973.328,6954.886,6960.814,47953,1,170427
6960.814,7017.459,6928.539,7002.968,232920,1,770864
7002.968,7014.824,6981.891,6995.064,97061,1,312659
6995.723,6999.016,6974.646,6979.915,31828,1,115294
6939.736,6988.478,6933.15,6981.232,185379,1,563666
6981.891,6997.04,6960.814,6968.718,170669,1,558866
6968.718,7002.968,6958.838,6972.011,143172,1,499945
6972.011,6996.382,6967.4,6977.28,88961,1,307015
6976.622,6986.502,6967.4,6984.526,53821,1,192008
6983.867,6986.502,6973.328,6985.184,43459,1,160566
6985.184,7000.992,6980.574,6991.771,63124,1,233737
6992.43,7004.944,6991.771,7000.992,42299,1,149348
7000.992,7006.262,6989.136,6997.04,30719,1,123506
7008.238,7046.441,7008.238,7044.465,150656,1,501850
7045.123,7058.297,7029.315,7035.243,157103,1,528112
7035.243,7060.931,7029.315,7053.686,122641,1,409478
7053.027,7058.297,7039.195,7045.123,60223,1,201546
7044.465,7048.417,7027.998,7037.878,55112,1,188292
7037.219,7048.417,7029.315,7047.099,50426,1,181388
7047.758,7055.003,7034.585,7037.878,58289,1,215701
7037.878,7055.003,7037.219,7046.441,39252,1,141573
7046.441,7049.075,7032.609,7038.537,24238,1,89838
7016.142,7046.441,6997.04,7041.83,209895,1,640048
7041.83,7056.321,7023.387,7025.363,191448,1,760825
7024.705,7053.027,7024.046,7049.734,117734,1,416274
7050.393,7074.763,7047.758,7060.931,99386,1,388463
7061.59,7067.518,7052.369,7066.859,54743,1,192701
7066.201,7085.961,7064.225,7077.398,71407,1,263119
7077.398,7103.745,7072.787,7097.158,78975,1,306423
7097.158,7099.793,7074.105,7090.571,62593,1,265441
7090.571,7112.307,7085.302,7107.697,35485,1,156867
7124.822,7135.361,7113.625,7122.188,208775,1,795338
7121.529,7151.169,7101.769,7136.02,199481,1,735699
7135.361,7165.66,7128.116,7162.366,163011,1,544998
7163.025,7172.905,7151.828,7153.804,93454,1,356349
7153.804,7172.905,7144.582,7164.342,74420,1,276448
7164.342,7180.809,7158.414,7179.492,69444,1,252752
7178.833,7184.761,7149.852,7153.145,71907,1,269738
7153.145,7161.049,7145.241,7151.169,63565,1,225736
7151.828,7168.953,7147.876,7154.462,30732,1,119590
7126.798,7165.001,7126.798,7142.606,191800,1,599506
7143.265,7174.222,7139.972,7157.756,173747,1,551053
7157.756,7164.342,7137.337,7146.558,135074,1,462830
7147.217,7147.876,7100.451,7123.505,117142,1,438800
7123.505,7142.606,7118.236,7136.02,70416,1,268098
7136.02,7172.246,7134.702,7171.588,96570,1,379515
7171.588,7175.54,7145.241,7155.121,82493,1,313499
7154.462,7158.414,7141.948,7153.804,48747,1,185056
7153.145,7154.462,7130.092,7130.092,29798,1,117353
7123.534,7138.616,7072.385,7100.582,198118,1,645253
7100.582,7179.274,7100.582,7175.995,244369,1,930273
7175.995,7193.045,7159.601,7178.618,142046,1,593471
7177.962,7185.175,7132.059,7181.897,131873,1,574700
7181.241,7201.57,7169.437,7189.766,91535,1,345796
7190.422,7200.914,7179.929,7191.733,63935,1,221247
7191.733,7213.373,7165.503,7174.683,105382,1,412199
7174.683,7179.274,7158.289,7179.274,59393,1,229547
7178.618,7191.077,7166.158,7170.749,31620,1,124294
7137.961,7155.666,7122.878,7137.961,154631,1,494186
7138.616,7139.272,7088.779,7106.484,181059,1,610448
7106.484,7114.353,7077.631,7099.271,182709,1,619146
7099.271,7101.238,7061.237,7071.073,110899,1,401023
7070.417,7090.09,7068.45,7082.221,65869,1,232591
7081.565,7082.221,7058.614,7063.86,58192,1,209951
7064.515,7066.483,7050.744,7059.269,62891,1,224905
7059.269,7082.221,7057.958,7073.04,50557,1,190021
7072.385,7082.221,7059.925,7065.171,40051,1,166147
7093.369,7101.238,7076.319,7093.369,154991,1,444812
7093.369,7141.895,7092.057,7137.305,179729,1,555263
7137.961,7166.158,7123.534,7160.257,134986,1,436345
7159.601,7167.47,7153.043,7154.355,82606,1,283385
7154.355,7171.404,7151.076,7157.634,66155,1,228253
7158.289,7171.404,7151.732,7171.404,61146,1,224291
7171.404,7174.683,7160.912,7170.093,58795,1,214028
7170.093,7186.487,7168.781,7172.06,69538,1,254780
7172.06,7189.766,7164.847,7188.454,33696,1,150568
7147.797,7185.175,7143.207,7174.683,219097,1,670831
7174.683,7205.504,7166.158,7193.7,197805,1,597153
7193.7,7208.783,7185.831,7200.258,105525,1,356351
7200.258,7208.783,7161.568,7191.733,124919,1,471988
7192.389,7204.193,7191.733,7201.57,44958,1,139084
7200.914,7212.717,7191.733,7203.537,64986,1,217914
7202.881,7209.439,7189.766,7204.193,56194,1,184035
7204.193,7227.144,7191.733,7221.898,62336,1,217048
7221.898,7225.177,7207.471,7214.685,40364,1,135122
7214.685,7214.685,7214.685,7214.685,1,1,25
7259.276,7267.146,7225.177,7249.44,228547,1,731123
7249.44,7265.834,7230.423,7260.588,196845,1,615231
7260.588,7275.671,7236.981,7240.915,165078,1,597551
7241.571,7271.08,7236.981,7260.588,87933,1,324978
7259.932,7289.442,7255.342,7275.671,91739,1,309767
7275.015,7280.261,7248.129,7248.129,72717,1,261408
7248.129,7255.998,7208.127,7220.587,116422,1,453555
7219.931,7229.111,7210.75,7220.587,46924,1,167325
7221.242,7237.636,7217.308,7229.767,32755,1,127481
7202.225,7247.473,7196.979,7236.981,192778,1,594431
7236.981,7275.671,7236.325,7263.211,193118,1,640322
7263.211,7267.146,7243.538,7254.686,136260,1,466380
7254.03,7271.08,7240.259,7247.473,102438,1,400387
7247.473,7256.653,7242.227,7249.44,54549,1,222696
7250.096,7259.276,7227.8,7235.013,78873,1,299257
7235.013,7249.44,7221.242,7242.882,74698,1,294235
7242.882,7259.932,7236.981,7257.965,42440,1,163833
7258.621,7266.49,7244.194,7263.867,43922,1,195833
7238.292,7250.096,7205.504,7235.669,240705,1,713333
7235.669,7256.653,7219.275,7254.686,174473,1,547959
7254.686,7276.982,7245.506,7255.342,148745,1,519290
7255.998,7268.457,7243.538,7259.932,84009,1,308826
7259.932,7276.982,7255.342,7275.015,60905,1,247932
7275.671,7278.294,7248.784,7251.407,66743,1,265063
7252.063,7261.244,7240.915,7250.752,60028,1,233971
7250.752,7265.178,7244.85,7254.686,50421,1,207955
7254.686,7265.834,7242.227,7252.063,29754,1,135142
7235.669,7255.342,7225.177,7252.063,157199,1,446674
7252.063,7268.457,7237.636,7254.686,149917,1,458997
7254.686,7271.736,7245.506,7268.457,102951,1,328456
7267.801,7274.359,7248.784,7252.063,77214,1,272760
7252.063,7269.113,7250.752,7265.834,45710,1,153926
7275.015,7276.326,7275.015,7276.326,623,1,2070
7278.949,7285.507,7256.653,7271.08,47234,1,160553
7271.736,7286.163,7271.08,7284.195,29354,1,94204
7284.851,7294.032,7280.917,7284.851,33214,1,117902
7255.998,7285.507,7247.473,7280.917,195248,1,615942
7280.917,7295.999,7261.244,7282.228,218085,1,789818
7281.572,7311.737,7280.917,7301.245,150506,1,578086
7301.245,7318.295,7287.474,7304.524,104305,1,373661
7305.18,7315.016,7292.065,7313.049,57103,1,210834
7312.393,7330.099,7312.393,7322.23,68885,1,236972
7321.574,7326.164,7232.39,7248.784,172498,1,723014
7248.129,7254.686,7239.604,7244.85,45580,1,173782
7244.85,7263.211,7240.915,7253.375,37443,1,152624
7196.323,7223.865,7187.799,7200.914,207363,1,677440
7200.914,7239.604,7198.291,7223.865,179839,1,647731
7223.21,7246.161,7220.587,7231.735,120730,1,443359
7232.39,7269.769,7231.079,7237.636,120513,1,450682
7236.981,7254.686,7232.39,7236.981,61145,1,229697
7236.981,7257.309,7235.669,7255.998,49296,1,183273
7255.342,7272.392,7254.03,7257.965,64976,1,250127
7258.621,7263.867,7251.407,7252.719,43501,1,164881
7252.719,7261.9,7243.538,7249.44,28391,1,120387
7214.685,7229.111,7193.045,7214.685,204706,1,701066
7214.029,7239.604,7170.749,7171.404,217145,1,783272
7172.06,7175.339,7143.863,7153.699,154491,1,617662
7153.699,7164.847,7144.518,7158.945,88182,1,352888
7159.601,7162.224,7145.174,7160.257,51434,1,195424
7160.257,7165.503,7151.076,7162.88,44512,1,186235
7162.88,7175.995,7156.978,7172.716,66067,1,266020
7172.716,7181.897,7166.158,7170.093,45320,1,194836
7170.093,7180.585,7166.814,7180.585,27723,1,124194
7187.143,7248.784,7182.552,7240.915,222000,1,700266
7241.571,7284.851,7240.915,7263.211,199352,1,724074
7263.211,7278.949,7254.03,7271.08,119332,1,439394
7271.736,7275.015,7255.998,7255.998,73696,1,298202
7255.998,7259.932,7244.85,7252.063,67510,1,261465
7251.407,7254.03,7233.702,7246.161,76802,1,299998
7246.161,7250.096,7230.423,7239.604,61200,1,233129
7239.604,7257.965,7236.981,7254.03,50812,1,192607
7254.03,7255.342,7242.227,7244.85,28473,1,119813
7285.507,7324.197,7280.261,7311.082,243254,1,889613
7310.426,7313.705,7286.163,7287.474,156760,1,531872
7287.474,7297.311,7274.359,7288.13,140063,1,506717
7288.13,7326.82,7286.818,7296.655,125983,1,489324
7296.655,7315.016,7293.376,7312.393,70897,1,251961
7312.393,7328.131,7305.836,7328.131,73486,1,263267
7327.476,7365.51,7323.541,7353.05,137319,1,540369
7353.706,7374.69,7316.328,7351.739,132636,1,552436
7351.739,7355.018,7313.705,7338.624,64030,1,260719
7334.033,7349.772,7310.426,7318.951,188740,1,620083
7318.951,7333.378,7293.376,7314.36,198044,1,658979
7314.36,7320.262,7280.261,7292.065,161518,1,589331
7292.72,7296.655,7271.08,7289.442,93135,1,330991
7290.097,7298.622,7276.326,7281.572,58629,1,218342
7281.572,7309.114,7276.326,7292.065,91762,1,326370
7292.72,7295.999,7252.063,7278.949,103833,1,390407
7278.949,7311.082,7269.113,7306.491,59870,1,220514
7307.147,7359.608,7301.245,7353.05,65981,1,282882
7438.299,7454.038,7391.74,7419.938,235148,1,782508
7419.938,7429.119,7383.215,7396.986,191449,1,622453
7397.642,7417.971,7388.461,7388.461,139829,1,461272
7389.117,7431.742,7388.461,7416.003,120315,1,404651
7415.348,7436.988,7405.511,7423.873,86871,1,295371
7423.217,7472.399,7419.282,7461.907,133829,1,481591
7461.907,7474.366,7427.151,7446.824,113265,1,403979
7446.168,7450.759,7423.873,7443.545,64131,1,213360
7443.545,7447.48,7408.134,7432.397,47579,1,170755
7462.562,7498.629,7449.447,7493.383,225346,1,714066
7493.383,7509.122,7470.432,7474.366,210335,1,708517
7475.022,7526.827,7465.186,7522.237,213218,1,743509
7522.237,7556.992,7511.089,7513.056,168078,1,603780
7513.056,7524.204,7477.645,7493.383,109075,1,368285
7494.039,7501.252,7426.496,7449.447,143425,1,488668
7449.447,7457.972,7409.446,7421.905,127794,1,435151
7421.25,7425.84,7382.56,7385.838,75725,1,250332
7385.838,7428.463,7385.183,7419.938,40529,1,147560
7424.528,7432.397,7366.166,7369.444,206174,1,619787
7370.1,7378.625,7350.427,7352.395,158248,1,517702
7353.05,7362.231,7327.476,7337.312,148822,1,516365
7337.968,7362.887,7325.508,7353.05,105510,1,367710
7353.05,7358.296,7309.114,7309.114,96339,1,321034
7309.114,7311.737,7284.195,7288.786,103513,1,363832
7289.442,7297.966,7273.047,7274.359,92223,1,339044
7274.359,7297.311,7269.769,7290.097,62243,1,223137
7290.097,7305.836,7284.195,7295.999,45184,1,157146
7289.442,7320.262,7282.228,7311.082,230823,1,691809
7310.426,7340.591,7296.655,7332.066,164436,1,520971
7331.41,7335.345,7299.934,7318.295,142675,1,487999
7318.295,7336.656,7315.016,7326.82,101336,1,340413
7326.82,7359.608,7326.164,7340.591,91969,1,321232
7341.247,7342.558,7309.114,7326.164,94239,1,320039
7326.164,7326.82,7303.868,7305.18,66281,1,227366
7305.18,7316.983,7299.934,7313.705,50343,1,182745
7313.049,7324.197,7305.18,7306.491,24672,1,91993
7309.114,7313.705,7282.228,7295.343,203931,1,640818
7295.343,7313.049,7291.409,7296.655,151185,1,453663
7295.999,7334.033,7265.178,7330.754,237049,1,843278
7331.41,7339.279,7316.983,7326.82,96482,1,355516
7326.164,7327.476,7307.803,7318.951,69159,1,251143
7319.607,7327.476,7300.589,7305.18,71930,1,267146
7305.18,7310.426,7282.228,7303.868,84955,1,309057
7303.868,7317.639,7287.474,7288.13,71173,1,270913
7288.786,7290.753,7265.178,7266.49,43113,1,143089
7286.818,7378.625,7281.572,7367.477,260115,1,840804
7366.821,7376.658,7337.968,7344.525,170432,1,561690
7345.181,7376.002,7338.624,7370.756,147351,1,502824
7370.756,7393.708,7360.264,7362.887,129777,1,478301
7362.231,7376.002,7345.837,7361.575,83678,1,309649
7361.575,7372.723,7330.754,7349.116,107236,1,384082
7348.46,7374.035,7337.968,7369.444,64219,1,233057
7370.1,7387.15,7366.166,7381.248,61453,1,224494
7380.592,7430.43,7372.067,7405.511,72976,1,270726
7391.172,7413.333,7382.047,7389.217,174376,1,556113
7389.869,7410.725,7362.494,7407.467,184646,1,636223
7406.815,7424.413,7374.226,7389.217,142892,1,534146
7389.217,7403.556,7367.056,7381.395,102717,1,414452
7381.395,7420.502,7379.44,7400.949,78955,1,265517
7400.297,7410.725,7382.699,7402.904,77419,1,292663
7402.904,7406.163,7337.726,7359.887,97806,1,354408
7359.887,7411.377,7355.976,7397.038,73319,1,264505
7396.386,7408.118,7380.744,7384.654,32163,1,117965
7376.181,7413.333,7368.36,7402.904,132542,1,401571
7402.904,7421.154,7392.476,7420.502,119299,1,389807
7420.502,7445.27,7413.333,7440.707,116612,1,389255
7440.707,7455.046,7438.1,7442.663,79321,1,271831
7442.663,7445.922,7432.234,7435.493,45654,1,162962
7435.493,7445.922,7430.279,7438.1,59255,1,208745
7438.1,7444.618,7427.672,7427.672,53522,1,196068
7427.672,7437.448,7427.672,7430.931,39269,1,144168
7431.582,7452.439,7426.368,7449.18,30549,1,121715
7434.19,7452.439,7411.377,7441.359,187617,1,582440
7440.707,7463.52,7423.109,7455.046,174256,1,553396
7455.046,7466.778,7400.297,7420.502,177766,1,612472
7421.154,7436.145,7357.28,7358.583,138406,1,484860
7359.235,7367.056,7340.985,7355.324,105341,1,385317
7355.324,7373.574,7349.458,7370.967,60705,1,202599
7370.967,7374.226,7314.262,7319.476,147421,1,462818
7319.476,7335.771,7308.396,7323.387,80627,1,255431
7322.735,7325.994,7265.379,7277.111,60142,1,193738
7295.361,7360.539,7287.539,7340.333,181761,1,553292
7340.333,7351.414,7317.521,7324.039,156355,1,507795
7324.039,7332.512,7286.887,7314.262,164802,1,534935
7314.262,7337.726,7312.959,7320.78,90775,1,298487
7320.128,7363.797,7308.396,7355.976,108216,1,375677
7355.976,7363.146,7339.682,7360.539,78204,1,262831
7360.539,7368.36,7338.378,7363.146,83577,1,279129
7363.797,7370.967,7344.244,7345.548,50699,1,184891
7345.548,7348.806,7325.994,7340.333,34955,1,121216
7331.208,7342.94,7283.629,7293.405,209406,1,584366
7293.405,7308.396,7238.656,7246.477,195721,1,605414
7246.477,7279.718,7231.486,7253.647,133055,1,417993
7253.647,7264.727,7245.174,7250.388,66176,1,208801
7251.04,7256.906,7217.147,7239.959,83733,1,278211
7239.959,7247.129,7218.451,7229.531,73924,1,259504
7228.879,7229.531,7205.415,7219.754,73837,1,271312
7219.102,7234.745,7213.236,7231.486,52166,1,179594
7231.486,7260.165,7224.969,7254.95,41850,1,134524
7275.807,7327.298,7275.155,7318.825,171131,1,481889
7319.476,7324.039,7285.584,7289.495,152727,1,437411
7290.146,7292.754,7260.816,7262.12,142045,1,408026
7262.12,7273.2,7250.388,7262.12,80378,1,244036
7261.468,7269.941,7255.602,7265.379,56376,1,171423
7264.727,7271.897,7246.477,7258.861,68519,1,212736
7258.861,7275.155,7250.388,7262.12,62433,1,207554
7261.468,7269.941,7249.084,7252.995,48107,1,158043
7252.995,7266.031,7246.477,7254.95,43485,1,144466
7254.95,7262.772,7253.647,7261.468,5898,1,23250
7261.468,7262.772,7215.192,7223.013,159423,1,456568
7222.361,7230.835,7184.558,7189.121,171078,1,512652
7189.772,7194.987,7159.791,7170.871,155134,1,499315
7171.523,7204.112,7169.567,7182.603,117403,1,392041
7181.951,7200.853,7179.996,7198.246,65244,1,219865
7197.594,7199.549,7165.005,7165.657,65782,1,212277
7165.005,7178.692,7138.282,7167.612,100762,1,340259
7166.96,7210.629,7163.701,7183.906,67437,1,228496
7183.906,7209.978,7172.174,7177.389,61426,1,199759
7176.737,7183.255,7168.264,7168.916,6368,1,28127
7200.853,7208.674,7141.541,7144.148,198792,1,580922
7144.148,7155.88,7112.863,7119.38,243321,1,756716
7120.032,7142.193,7109.604,7136.978,138168,1,441884
7136.327,7178.692,7130.461,7168.264,142016,1,438147
7167.612,7181.299,7148.059,7154.576,97895,1,300026
7154.576,7179.344,7153.925,7168.916,76256,1,247672
7168.264,7206.719,7166.308,7187.817,126372,1,417508
7187.165,7202.808,7177.389,7196.29,60153,1,197121
7195.638,7200.853,7181.299,7191.076,45224,1,160353
7191.076,7193.683,7176.085,7183.255,7058,1,30890
7172.174,7175.433,7115.47,7116.121,154296,1,433173
7116.121,7125.898,7103.086,7111.559,140634,1,417808
7111.559,7112.863,7062.676,7073.756,168904,1,556717
7073.756,7076.363,7052.247,7058.765,103589,1,371282
7058.765,7077.015,7055.506,7062.024,68040,1,228336
7062.024,7070.497,7047.033,7069.845,76502,1,247606
7069.845,7082.881,7062.024,7063.979,75820,1,241356
7064.631,7074.408,7054.854,7065.934,61412,1,212126
7065.934,7082.229,7064.631,7068.542,36802,1,131387
7068.542,7069.845,7049.64,7056.81,11115,1,44698
7065.283,7098.523,7052.899,7091.354,188598,1,546439
7091.354,7093.309,7060.068,7083.532,174609,1,549580
7083.532,7099.827,7070.497,7087.443,130784,1,414219
7087.443,7101.782,7076.363,7097.22,86351,1,275009
7096.568,7117.425,7092.006,7105.693,76358,1,264578
7105.693,7142.193,7099.827,7140.237,85657,1,306471
7140.237,7150.014,7132.416,7133.719,80406,1,273261
7134.371,7142.844,7131.112,7134.371,36942,1,129499
7133.719,7137.63,7123.291,7133.068,35275,1,124718
7133.719,7148.71,7125.246,7139.585,12684,1,46884
7118.077,7140.889,7099.175,7099.827,201662,1,575343
7099.175,7130.461,7097.22,7128.505,176770,1,555494
7129.157,7183.906,7127.853,7181.951,169027,1,559431
7181.951,7198.246,7174.782,7195.638,91744,1,324066
7195.638,7200.853,7181.951,7187.165,66178,1,244452
7187.165,7197.594,7176.737,7180.648,70366,1,244557
7181.299,7189.772,7175.433,7187.817,52533,1,184934
7187.817,7193.031,7173.478,7187.817,53281,1,177135
7187.817,7192.38,7176.085,7185.21,42023,1,148184
7185.862,7198.897,7184.558,7193.031,9714,1,45901
7169.567,7178.692,7146.103,7146.755,150513,1,443825
7147.407,7191.076,7142.193,7185.862,151555,1,459361
7185.862,7211.933,7179.996,7200.853,135887,1,446901
7200.853,7211.281,7185.21,7187.817,84605,1,281895
7187.165,7208.022,7183.906,7196.942,55343,1,179706
7197.594,7203.46,7175.433,7198.246,74106,1,262344
7198.246,7230.835,7197.594,7228.227,77965,1,271272
7228.879,7230.183,7215.192,7221.058,37683,1,121650
7221.058,7223.665,7202.808,7218.451,40432,1,133358
7218.451,7234.093,7217.799,7223.665,11287,1,45678
7217.799,7252.343,7217.147,7226.924,160694,1,458149
7227.576,7263.423,7226.272,7251.04,153338,1,455395
7251.691,7268.638,7237.352,7251.691,129776,1,421507
7251.691,7271.897,7231.486,7241.263,113911,1,387711
7241.263,7254.299,7226.272,7249.736,73201,1,236849
7249.736,7277.763,7242.567,7274.504,66170,1,203307
7274.504,7282.977,7265.379,7281.673,59570,1,189883
7282.325,7286.887,7271.245,7275.155,38336,1,124015
7274.504,7283.629,7267.986,7270.593,32560,1,122547
7269.941,7271.897,7255.602,7263.423,9116,1,43383
7285.584,7286.887,7242.567,7260.165,153898,1,453408
7260.165,7272.548,7238.004,7260.816,177330,1,523335
7260.165,7262.12,7209.978,7224.317,160360,1,526206
7224.317,7266.031,7211.933,7260.816,104001,1,360258
7261.468,7282.977,7258.209,7278.414,85818,1,288121
7277.763,7327.298,7272.548,7300.575,112947,1,371436
7299.923,7331.208,7298.62,7331.208,65414,1,217627
7330.557,7331.86,7316.869,7325.342,39284,1,130079
7324.691,7327.95,7316.869,7325.994,29019,1,95148
7326.646,7331.208,7319.476,7331.208,8889,1,37651
7314.914,7329.905,7296.664,7307.093,154593,1,425906
7306.441,7312.959,7264.075,7269.289,176434,1,533296
7269.941,7297.316,7263.423,7293.405,159513,1,496355
7294.057,7318.825,7275.155,7285.584,123915,1,384332
7284.932,7298.62,7273.2,7296.012,71040,1,217106
7295.361,7305.137,7284.932,7297.968,60933,1,185296
7297.968,7325.994,7286.887,7320.128,91079,1,295266
7320.128,7325.994,7290.798,7301.878,58124,1,192703
7301.878,7312.959,7296.012,7307.093,34829,1,118940
7306.441,7308.396,7286.887,7290.798,11143,1,44927
7319.476,7353.369,7304.486,7346.199,162410,1,467363
7346.199,7368.36,7333.164,7361.842,176925,1,514771
7361.842,7372.271,7351.414,7355.976,128099,1,425584
7356.628,7384.654,7355.976,7383.351,105129,1,367718
7383.351,7390.52,7366.405,7373.574,78653,1,265403
7372.922,7377.485,7358.583,7367.708,60077,1,204152
7367.056,7369.012,7314.914,7324.039,112521,1,403679
7324.039,7329.905,7311.655,7318.173,54610,1,189143
7317.521,7332.512,7281.021,7296.012,63945,1,237344
7296.012,7297.316,7264.075,7269.289,14421,1,56034
7277.763,7296.664,7247.781,7294.057,183110,1,528715
7294.057,7336.423,7293.405,7329.905,175421,1,584908
7330.557,7331.86,7305.137,7312.307,131729,1,448314
7312.307,7315.566,7288.191,7304.486,118634,1,393587
7305.137,7309.048,7286.887,7299.271,68451,1,222772
7299.923,7309.048,7284.28,7299.923,63699,1,199648
7299.271,7301.227,7285.584,7293.405,48378,1,181539
7292.754,7304.486,7288.843,7299.923,42634,1,138917
7299.271,7311.003,7292.754,7307.744,30072,1,95380
7307.744,7316.218,7306.441,7316.218,8430,1,33500
7288.843,7301.878,7266.031,7282.977,136481,1,357677
7282.977,7302.53,7271.245,7288.191,126792,1,359715
7288.191,7304.486,7256.906,7257.557,109872,1,351358
7257.557,7262.12,7238.004,7247.781,73907,1,241636
7247.781,7259.513,7241.263,7256.254,50663,1,160684
7256.254,7262.12,7249.736,7258.861,37635,1,115377
7258.861,7279.066,7258.209,7273.2,46041,1,155314
7273.2,7274.504,7252.343,7259.513,37683,1,118407
7260.165,7266.031,7255.602,7256.906,16274,1,50885
7256.906,7265.379,7255.602,7264.075,5990,1,30230
7388.565,7391.172,7308.396,7310.352,184643,1,541063
7310.352,7321.432,7286.887,7287.539,161289,1,511089
7287.539,7310.352,7278.414,7284.28,140670,1,446382
7284.28,7305.789,7275.807,7286.887,112509,1,380867
7286.236,7318.173,7281.021,7296.664,90829,1,295755
7296.012,7296.012,7270.593,7275.807,73693,1,214455
7275.807,7294.057,7267.986,7292.102,53768,1,181180
7292.754,7305.137,7286.887,7297.316,43804,1,139258
7297.316,7310.352,7294.709,7307.744,25444,1,85830
7307.744,7319.476,7307.093,7318.173,9177,1,34017
7299.923,7311.655,7277.763,7303.182,159196,1,447876
7303.182,7316.218,7293.405,7311.003,125038,1,385081
7311.003,7334.467,7275.155,7330.557,179723,1,583164
7330.557,7354.021,7323.387,7333.816,115105,1,366238
7333.816,7339.03,7322.084,7329.905,57483,1,187430
7330.557,7339.03,7309.7,7311.655,68501,1,225656
7312.307,7327.95,7305.789,7311.003,58583,1,192801
7311.003,7327.95,7308.396,7316.218,47472,1,157825
7316.218,7322.084,7303.182,7311.655,41545,1,137862
7312.307,7312.959,7298.62,7304.486,6829,1,24309
7301.895,7316.144,7289.589,7314.201,133411,1,422056
7314.201,7321.973,7296.066,7312.905,133761,1,425039
7312.905,7318.087,7279.226,7309.019,128386,1,453784
7309.019,7373.787,7273.397,7373.139,185958,1,617627
7373.139,7392.569,7355.652,7371.844,148755,1,493764
7371.844,7385.445,7338.165,7348.527,97189,1,309748
7348.527,7366.015,7336.869,7360.833,83703,1,269140
7360.833,7368.605,7347.88,7348.527,46050,1,133491
7348.527,7350.47,7323.268,7331.04,56810,1,173885
7331.04,7333.631,7296.066,7305.133,14189,1,67110
7279.874,7321.973,7270.159,7316.144,140379,1,437926
7315.496,7329.097,7305.781,7323.268,139197,1,450365
7322.62,7337.517,7320.03,7322.62,113828,1,379370
7322.62,7332.983,7309.667,7323.916,98479,1,294853
7323.916,7351.118,7322.62,7347.232,75637,1,239451
7347.232,7369.253,7338.812,7366.015,77824,1,245686
7366.015,7389.979,7362.776,7388.036,108283,1,362056
7388.036,7395.16,7376.377,7391.922,65112,1,201959
7391.274,7406.171,7380.911,7405.523,56525,1,169916
7404.875,7426.249,7404.228,7422.362,21487,1,88689
7384.15,7402.285,7366.662,7367.958,169855,1,490702
7367.958,7367.958,7325.211,7332.336,158991,1,525492
7332.983,7359.538,7330.393,7334.926,135882,1,436960
7334.926,7355.652,7329.097,7336.222,98077,1,332306
7336.869,7343.346,7316.144,7332.336,94340,1,329859
7332.336,7366.015,7331.04,7349.823,91528,1,321352
7349.175,7380.911,7349.175,7364.719,81170,1,285145
7364.719,7376.377,7360.833,7375.082,42778,1,144090
7375.082,7375.73,7336.222,7349.175,42312,1,134498
7349.175,7362.129,7345.937,7356.3,12546,1,52512
7364.072,7392.569,7358.89,7360.833,118619,1,318413
7360.833,7361.481,7296.713,7299.952,202228,1,631671
7299.952,7370.548,7298.656,7360.186,159331,1,484741
7360.186,7401.637,7359.538,7386.093,133574,1,420968
7385.445,7402.932,7360.833,7394.512,96459,1,295389
7394.512,7399.694,7354.357,7371.196,89325,1,283440
7371.844,7380.264,7358.89,7361.481,63388,1,187913
7362.129,7402.932,7360.833,7397.103,66904,1,225096
7397.103,7407.466,7360.833,7364.719,54182,1,170426
7364.072,7369.901,7353.709,7364.719,12360,1,45820
7352.413,7422.362,7340.755,7418.476,164443,1,501959
7417.829,7421.715,7391.922,7391.922,124499,1,400763
7391.922,7427.544,7391.274,7410.704,142803,1,452852
7411.352,7418.476,7386.74,7401.637,102253,1,342632
7401.637,7411.352,7398.398,7402.285,49038,1,155495
7401.637,7423.658,7398.398,7413.295,66206,1,215384
7413.943,7422.362,7406.818,7407.466,57697,1,193991
7407.466,7417.181,7403.58,7413.295,43201,1,146318
7412.647,7416.533,7400.989,7406.818,34149,1,114655
7406.818,7421.067,7406.818,7414.59,9958,1,37952
7379.616,7388.036,7341.403,7345.289,180418,1,542240
7345.289,7361.481,7323.916,7351.766,191316,1,617755
7352.413,7362.776,7342.698,7343.994,107309,1,328979
7343.994,7369.253,7340.108,7341.403,98162,1,312455
7340.755,7358.89,7332.983,7334.926,83267,1,275736
7334.279,7340.755,7321.325,7331.688,63534,1,209191
7331.688,7353.709,7321.973,7329.097,81073,1,278322
7328.449,7338.812,7310.962,7316.791,66938,1,233710
7317.439,7338.812,7304.485,7305.133,54971,1,194852
7305.781,7321.325,7303.838,7320.03,11708,1,46764
7298.009,7337.517,7294.123,7312.258,195774,1,576987
7312.258,7318.087,7260.444,7263.682,184259,1,644245
7263.682,7279.226,7222.878,7226.764,170890,1,594966
7227.412,7242.309,7221.583,7226.764,83988,1,284260
7226.764,7239.07,7194.381,7213.811,96579,1,335726
7214.459,7218.992,7209.277,7217.697,43603,1,152670
7217.697,7226.117,7204.096,7207.982,57056,1,181202
7207.334,7214.459,7195.676,7207.334,48544,1,166500
7206.686,7209.925,7195.676,7199.562,36596,1,113583
7199.562,7215.106,7198.914,7202.153,13243,1,49714
7207.334,7215.106,7182.722,7192.438,158224,1,458619
7193.085,7244.899,7192.438,7241.661,174183,1,544024
7241.661,7257.853,7221.583,7241.013,122543,1,412917
7241.661,7259.148,7240.366,7256.558,65677,1,222934
7256.558,7265.625,7242.956,7264.977,66199,1,224297
7264.977,7286.998,7264.33,7272.102,75322,1,264843
7272.749,7281.817,7264.977,7266.92,61142,1,217682
7266.273,7270.806,7252.671,7253.967,53595,1,192794
7253.967,7266.273,7250.728,7261.739,36319,1,119590
7262.387,7263.682,7251.376,7252.024,10274,1,47331
7234.537,7266.273,7233.241,7259.148,116983,1,347387
7258.501,7281.169,7234.537,7274.692,212450,1,679411
7274.692,7331.688,7262.387,7277.931,247959,1,898462
7277.283,7308.372,7274.692,7290.884,91871,1,286909
7290.884,7295.418,7277.283,7285.703,53353,1,184192
7285.703,7304.485,7279.226,7301.247,43890,1,145073
7300.599,7312.258,7296.713,7309.019,52121,1,166187
7309.019,7309.667,7298.009,7303.838,27796,1,86718
7303.838,7305.781,7295.418,7297.361,23506,1,76928
7297.361,7309.019,7292.827,7303.838,8270,1,34561
7291.532,7327.154,7290.237,7299.952,146744,1,418149
7299.304,7330.393,7285.703,7320.677,197195,1,601517
7320.03,7343.346,7315.496,7327.154,123011,1,381718
7327.154,7385.445,7322.62,7380.911,131976,1,441360
7380.911,7383.502,7329.745,7360.833,136874,1,523029
7360.833,7375.082,7359.538,7372.491,48522,1,153466
7371.844,7378.321,7360.186,7371.196,49949,1,153498
7371.196,7384.797,7367.958,7380.264,42724,1,130658
7380.911,7389.331,7367.958,7382.854,36561,1,109654
7382.854,7389.979,7377.673,7389.331,11813,1,41811
7366.015,7382.207,7351.766,7355.652,146241,1,413439
7355.652,7357.595,7305.781,7341.403,205137,1,647463
7342.051,7343.346,7312.905,7327.802,126689,1,424053
7327.802,7366.015,7326.506,7360.833,95320,1,290758
7361.481,7375.73,7353.061,7374.434,63220,1,214574
7373.787,7389.979,7365.367,7389.979,66360,1,217314
7389.331,7409.409,7387.388,7401.637,83582,1,275477
7400.989,7407.466,7393.217,7404.875,49369,1,162314
7404.228,7406.171,7391.922,7397.103,34373,1,114523
7397.103,7399.046,7386.093,7387.388,7304,1,28609
7384.15,7413.943,7356.947,7410.057,210330,1,590459
7410.057,7443.736,7402.932,7408.761,217908,1,700375
7409.409,7441.793,7390.626,7438.554,136988,1,405806
7439.202,7443.088,7417.181,7442.44,93022,1,310956
7441.793,7446.326,7416.533,7426.249,87673,1,303275
7426.249,7437.259,7416.533,7430.782,56267,1,196247
7430.135,7443.088,7421.067,7439.202,52882,1,154365
7440.497,7455.394,7410.057,7418.476,133975,1,433892
7418.476,7421.715,7388.036,7389.331,65801,1,229584
7389.331,7397.103,7382.854,7388.036,12705,1,40946
7367.958,7417.829,7361.481,7378.321,224764,1,610771
7378.321,7395.16,7361.481,7388.036,156593,1,446868
7388.036,7430.135,7378.968,7424.305,159582,1,489211
7423.658,7439.85,7373.787,7378.968,136888,1,459415
7379.616,7400.989,7354.357,7361.481,103808,1,337355
7362.129,7377.673,7354.357,7372.491,67015,1,189114
7371.844,7377.673,7354.357,7369.901,62077,1,192172
7369.253,7392.569,7360.833,7378.968,58815,1,178599
7378.968,7395.16,7372.491,7389.979,34173,1,109146
7389.979,7400.341,7387.388,7391.922,9763,1,37291
7385.445,7422.362,7384.15,7417.181,161892,1,443106
7417.181,7424.305,7393.217,7406.171,137948,1,410526
7406.171,7411.352,7383.502,7388.036,105435,1,338526
7388.683,7397.751,7355.652,7371.196,117928,1,388924
7370.548,7380.264,7356.3,7371.844,65837,1,215808
7371.844,7375.082,7353.061,7372.491,59715,1,190543
7372.491,7386.093,7364.719,7374.434,45250,1,145233
7375.082,7387.388,7373.787,7382.854,36964,1,116824
7382.854,7388.683,7370.548,7385.445,35279,1,116833
7385.445,7401.637,7384.15,7395.16,12443,1,48864
7415.238,7427.544,7397.751,7399.694,148480,1,409307
7399.694,7412.0,7386.093,7410.704,141399,1,410464
7410.704,7419.124,7395.16,7404.228,117058,1,338171
7403.58,7441.793,7393.217,7432.078,114140,1,347189
7432.725,7437.259,7421.067,7428.192,65021,1,206644
7428.192,7435.964,7419.772,7434.668,50218,1,157941
7435.316,7448.917,7426.896,7443.088,52911,1,150248
7443.088,7459.928,7439.85,7457.337,62897,1,203717
7457.985,7459.928,7446.326,7448.269,41045,1,137014
7448.269,7460.575,7446.326,7457.985,12552,1,50440
7428.192,7437.907,7416.533,7417.829,122631,1,344248
7417.181,7448.917,7412.0,7447.622,126471,1,376060
7446.974,7467.7,7445.679,7459.928,155046,1,496425
7459.928,7460.575,7442.44,7457.985,70667,1,241321
7458.632,7465.757,7444.383,7459.28,63713,1,203549
7459.28,7471.586,7455.394,7463.166,51806,1,185234
7463.166,7466.404,7446.974,7448.269,56823,1,185830
7448.917,7457.337,7441.793,7447.622,38730,1,135753
7448.269,7456.689,7442.44,7456.042,24915,1,78481
7455.394,7459.928,7449.565,7457.337,10052,1,38025
7441.145,7450.86,7402.285,7404.875,145152,1,412953
7405.523,7432.078,7402.932,7427.544,116106,1,350978
7427.544,7446.326,7416.533,7428.839,108721,1,344097
7429.487,7434.668,7404.875,7417.181,82324,1,271542
7417.181,7419.772,7395.16,7399.694,59821,1,193736
7399.694,7401.637,7370.548,7371.196,62732,1,193038
7371.844,7374.434,7355.004,7358.89,62479,1,205712
7358.89,7362.776,7345.289,7353.061,54258,1,178942
7353.061,7354.357,7341.403,7343.994,32751,1,114561
7343.346,7345.289,7325.211,7336.222,15232,1,65628
7338.165,7343.994,7299.952,7332.983,145924,1,428885
7332.336,7365.367,7331.04,7362.776,108264,1,346439
7362.776,7417.181,7360.833,7408.114,136833,1,476672
7408.114,7417.181,7399.046,7413.295,78837,1,276973
7413.295,7416.533,7361.481,7369.901,129374,1,492560
7370.548,7377.025,7334.926,7358.89,93176,1,313016
7359.538,7360.833,7339.46,7342.051,48466,1,141988
7342.051,7355.004,7340.755,7345.289,31520,1,87413
7344.641,7366.015,7343.346,7364.719,27246,1,83703
7365.367,7369.901,7345.937,7345.937,10529,1,36259
7345.289,7397.751,7345.289,7382.854,136034,1,372262
7383.502,7384.797,7332.336,7338.812,139220,1,408584
7338.165,7351.118,7319.382,7340.108,111564,1,307935
7340.108,7347.232,7316.791,7325.211,70577,1,196890
7325.859,7334.279,7305.133,7312.258,55744,1,158455
7312.258,7316.144,7301.247,7308.372,43201,1,128954
7309.019,7314.848,7303.19,7312.258,41344,1,135645
7311.61,7313.553,7303.838,7309.019,26218,1,80062
7308.372,7310.315,7296.066,7299.304,22649,1,73236
7299.952,7300.599,7288.294,7290.237,12583,1,44355
7282.465,7336.222,7279.874,7334.279,130609,1,359735
7334.279,7337.517,7299.952,7302.542,121099,1,349397
7302.542,7312.905,7288.941,7296.066,97287,1,282751
7296.713,7321.325,7287.646,7309.019,82535,1,250731
7308.372,7312.905,7290.884,7301.895,52849,1,167995
7301.895,7322.62,7298.009,7318.087,51344,1,166667
7317.439,7320.03,7299.952,7301.247,49448,1,151552
7301.247,7310.315,7300.599,7306.429,26383,1,93571
7305.781,7306.429,7283.76,7290.884,41277,1,145086
7290.237,7294.77,7286.998,7294.123,5680,1,20474
7303.838,7316.144,7285.703,7308.372,121705,1,331421
7308.372,7331.688,7305.133,7321.325,89286,1,255182
7320.677,7341.403,7316.144,7341.403,90741,1,292563
7341.403,7358.89,7340.755,7357.595,83969,1,261839
7356.947,7376.377,7347.232,7373.139,64621,1,193699
7372.491,7382.854,7368.605,7382.207,49886,1,155190
7382.207,7382.854,7371.196,7375.082,40980,1,131525
7375.082,7381.559,7371.844,7375.73,31979,1,104384
7375.73,7379.616,7371.196,7375.73,22735,1,77909
7376.377,7399.046,7374.434,7387.388,17493,1,64440
7377.74,7387.388,7311.488,7312.774,115569,1,346860
7312.774,7313.418,7206.0,7213.718,172922,1,599170
7213.075,7253.598,7186.703,7210.502,144490,1,494137
7210.502,7257.457,7209.216,7222.724,87799,1,327400
7222.724,7236.874,7212.432,7223.367,52190,1,184757
7222.724,7228.512,7198.924,7204.07,44886,1,155408
7204.713,7234.945,7201.497,7226.583,46412,1,144082
7226.583,7227.869,7216.935,7222.08,24519,1,79538
7222.08,7224.01,7209.859,7215.648,22047,1,72408
7215.005,7220.151,7201.497,7218.221,8565,1,33175
7216.291,7247.166,7197.638,7230.442,155552,1,418627
7230.442,7270.965,7229.799,7270.322,141738,1,403925
7269.679,7315.347,7269.035,7305.056,124423,1,381786
7304.413,7338.503,7301.84,7330.141,92895,1,301374
7330.141,7345.579,7323.066,7331.428,66234,1,209443
7330.785,7336.574,7315.347,7332.071,55555,1,184393
7332.714,7342.363,7327.568,7330.785,45246,1,153227
7330.785,7336.574,7326.925,7334.001,31753,1,100292
7334.001,7354.584,7328.212,7348.152,42949,1,136912
7348.152,7370.021,7348.152,7367.448,16652,1,62904
7338.503,7380.956,7335.93,7366.162,191902,1,491452
7366.162,7389.961,7353.94,7370.664,163436,1,431512
7370.664,7392.534,7314.061,7319.207,185826,1,535982
7318.563,7344.292,7297.337,7339.79,129913,1,387830
7339.146,7356.513,7328.855,7347.508,74947,1,234241
7347.508,7357.157,7335.93,7355.227,53865,1,165770
7355.227,7371.307,7342.363,7362.302,63418,1,197756
7362.302,7372.594,7354.584,7363.589,40125,1,129011
7363.589,7366.162,7355.227,7359.086,25163,1,79611
7359.086,7362.302,7348.152,7348.795,8605,1,31107
7352.011,7366.162,7317.92,7355.227,170970,1,438750
7355.87,7357.8,7324.996,7329.498,166120,1,440868
7328.855,7344.935,7301.196,7308.915,122525,1,379457
7308.915,7341.076,7304.413,7326.282,87070,1,253039
7326.282,7362.302,7321.779,7355.87,73218,1,241409
7355.87,7361.659,7328.855,7348.795,80110,1,249737
7348.795,7360.373,7343.006,7346.865,59306,1,182658
7346.865,7393.177,7341.076,7390.604,107083,1,358641
7391.247,7406.041,7382.242,7397.036,59542,1,189178
7396.393,7402.825,7367.448,7367.448,13976,1,49776
7367.448,7404.755,7355.87,7371.307,168713,1,445112
7371.951,7389.318,7359.729,7377.096,137014,1,376631
7377.096,7397.036,7356.513,7391.247,137654,1,428563
7390.604,7406.041,7368.091,7376.453,124712,1,391102
7376.453,7385.458,7366.805,7376.453,62237,1,201478
7376.453,7388.674,7362.946,7368.735,57066,1,185203
7369.378,7375.81,7348.152,7350.724,53562,1,175522
7350.724,7357.8,7334.644,7347.508,54813,1,167219
7347.508,7359.729,7342.363,7355.87,27209,1,82755
7355.227,7362.946,7348.152,7352.654,10701,1,36595
7347.508,7374.524,7326.925,7362.946,125871,1,332534
7362.946,7384.172,7332.714,7371.951,169423,1,455418
7371.951,7379.026,7299.267,7301.84,169559,1,526785
7302.483,7323.709,7297.337,7315.347,95817,1,299462
7315.347,7316.634,7275.468,7277.397,83685,1,269369
7277.397,7289.618,7266.463,7282.543,65900,1,231828
7281.9,7293.478,7274.824,7281.257,54657,1,165782
7280.613,7290.905,7274.181,7283.829,34761,1,108653
7283.829,7291.548,7281.257,7286.402,22524,1,73333
7285.759,7288.975,7280.613,7288.975,8371,1,34060
7298.624,7317.92,7278.04,7312.774,154412,1,393958
7312.131,7328.855,7296.051,7328.212,144748,1,381643
7327.568,7358.443,7326.925,7353.94,126130,1,369616
7353.94,7358.443,7335.287,7344.935,78100,1,239977
7344.935,7356.513,7337.86,7343.649,64264,1,198458
7343.006,7351.368,7337.217,7345.579,46770,1,141840
7345.579,7346.865,7325.639,7337.86,71761,1,245133
7337.86,7340.433,7326.925,7334.644,42825,1,148540
7334.644,7341.076,7327.568,7329.498,29660,1,99077
7330.141,7333.357,7317.92,7320.493,11861,1,45762
7306.342,7334.001,7299.267,7314.061,146748,1,397475
7314.704,7318.563,7279.97,7308.915,191170,1,549530
7308.915,7321.779,7287.046,7287.689,138261,1,407123
7287.689,7289.618,7246.523,7251.668,146371,1,471235
7251.668,7255.528,7209.216,7235.588,107347,1,377259
7236.231,7247.809,7230.442,7232.372,48987,1,165173
7232.372,7240.734,7213.718,7215.648,72450,1,243504
7216.291,7220.151,7195.708,7211.146,72305,1,263109
7210.502,7217.578,7197.638,7202.784,39731,1,123130
7202.784,7204.07,7189.276,7200.854,14658,1,46263
7209.859,7235.588,7204.07,7218.221,162042,1,410730
7218.864,7230.442,7166.763,7183.487,236357,1,653040
7183.487,7209.216,7170.623,7171.266,175986,1,510282
7171.266,7189.919,7169.336,7175.768,95240,1,302587
7175.768,7188.633,7169.979,7173.839,69442,1,225765
7174.482,7180.271,7153.256,7159.045,87778,1,284592
7159.045,7166.763,7142.964,7142.964,108955,1,337747
7142.964,7157.758,7142.964,7151.326,92768,1,258678
7151.969,7156.472,7131.386,7131.386,44280,1,133606
7132.029,7153.899,7130.1,7152.612,13973,1,52283
7169.336,7174.482,7146.18,7162.261,176791,1,459183
7162.261,7172.552,7135.889,7136.532,192630,1,536301
7136.532,7139.105,7102.441,7109.517,178957,1,609893
7110.16,7138.462,7109.517,7122.381,114143,1,371923
7121.738,7124.954,7105.657,7117.879,82879,1,274816
7117.235,7139.105,7115.306,7130.743,69639,1,223342
7131.386,7137.175,7119.165,7119.165,57934,1,182633
7119.808,7142.321,7115.306,7137.175,50636,1,168843
7137.818,7152.612,7130.743,7138.462,56062,1,182028
7138.462,7152.612,7135.889,7137.818,11460,1,34838
7139.748,7159.045,7131.386,7156.472,126333,1,314564
7155.829,7161.618,7133.959,7155.829,177066,1,505233
7156.472,7167.407,7140.391,7144.894,137306,1,420673
7145.537,7152.612,7132.673,7144.894,82555,1,270326
7144.894,7166.12,7137.175,7151.326,76416,1,252651
7151.969,7159.688,7144.894,7157.758,48208,1,147741
7158.401,7160.974,7127.527,7128.813,60231,1,192425
7128.17,7130.1,7110.16,7114.662,61673,1,210688
7114.662,7146.18,7113.376,7135.889,45962,1,153130
7135.246,7146.823,7133.959,7144.251,10376,1,33046
7146.18,7151.326,7103.728,7115.306,136393,1,373565
7114.662,7115.306,7091.507,7099.225,132627,1,366744
7099.868,7123.024,7096.652,7107.587,100530,1,270986
7107.587,7120.451,7103.084,7106.944,70503,1,193943
7107.587,7135.246,7103.728,7127.527,68733,1,212078
7127.527,7131.386,7114.019,7116.592,45512,1,131398
7116.592,7132.029,7109.517,7126.884,53886,1,168228
7127.527,7136.532,7124.311,7132.029,30319,1,87107
7132.673,7136.532,7124.954,7128.813,29775,1,82105
7128.813,7133.316,7114.019,7117.235,7046,1,21477
7141.678,7162.261,7135.246,7138.462,139388,1,382582
7137.818,7142.321,7106.944,7108.23,182969,1,539581
7108.23,7133.316,7102.441,7124.311,141294,1,409420
7124.954,7145.537,7120.451,7121.738,98728,1,303569
7122.381,7144.251,7120.451,7139.748,72060,1,228110
7139.105,7201.497,7138.462,7191.849,121125,1,417898
7191.849,7202.784,7187.346,7187.346,62314,1,209088
7187.346,7189.919,7168.05,7174.482,54900,1,203254
7173.839,7190.562,7170.623,7184.13,35582,1,108942
7184.773,7189.919,7182.201,7183.487,9883,1,44019
7152.612,7161.618,7123.024,7124.311,157434,1,479151
7124.954,7128.813,7115.306,7122.381,138104,1,452061
7122.381,7127.527,7058.059,7060.632,219687,1,796097
7061.275,7080.572,7049.697,7059.989,123819,1,485676
7059.989,7068.351,7043.265,7052.27,83772,1,288347
7052.27,7059.345,7039.406,7050.984,64811,1,229344
7050.984,7056.129,7043.265,7047.124,56691,1,203699
7047.124,7054.2,7043.265,7051.627,34892,1,121918
7050.984,7051.627,7021.395,7024.612,61651,1,215117
7024.612,7027.184,7013.034,7016.25,21535,1,81267
7023.968,7041.979,7013.034,7021.395,158515,1,479071
7022.039,7022.682,6963.506,6979.586,200765,1,681148
6980.229,7001.456,6965.435,6985.375,123100,1,403077
6986.018,6998.24,6968.008,6971.867,97089,1,350617
6971.224,6980.873,6964.149,6973.154,63187,1,225647
6973.154,6977.656,6933.917,6959.646,82271,1,320838
6959.646,6974.44,6946.139,6948.712,77548,1,271523
6949.355,6996.953,6944.852,6983.445,77042,1,298047
6983.445,7018.823,6980.873,7011.104,63343,1,204943
7010.461,7011.104,6986.018,6986.018,14341,1,51915
7012.39,7049.054,6993.737,7027.828,185161,1,530742
7028.471,7056.129,7014.32,7015.606,171854,1,498344
7015.606,7023.968,6973.154,6989.878,164161,1,524148
6989.878,7006.601,6978.3,6986.018,110177,1,346818
6986.662,7000.812,6963.506,6990.521,96917,1,335548
6990.521,7022.682,6987.948,7019.466,67592,1,229772
7019.466,7039.406,7013.677,7033.617,82216,1,282344
7034.26,7041.335,7027.828,7034.903,49604,1,171161
7034.26,7038.762,7023.325,7027.184,48304,1,152394
7027.184,7047.124,7025.255,7036.19,11210,1,38202
7058.702,7074.14,7045.195,7058.702,153060,1,430379
7058.702,7068.351,7049.697,7065.134,127077,1,375064
7065.134,7089.577,7054.843,7088.29,164975,1,523423
7088.29,7106.944,7056.129,7078.642,152471,1,517770
7077.999,7112.733,7077.356,7099.868,93909,1,331024
7099.868,7118.522,7095.366,7097.939,92308,1,326026
7097.939,7102.441,7077.356,7082.501,78499,1,275975
7082.501,7103.084,7073.496,7095.366,69913,1,255515
7094.723,7098.582,7071.567,7074.783,66832,1,248924
7075.426,7077.999,7058.702,7071.567,11489,1,44296
7083.145,7112.09,7083.145,7101.798,142074,1,373623
7102.441,7108.873,7078.642,7081.858,110840,1,325858
7082.501,7090.863,7065.778,7078.642,146210,1,441793
7079.285,7092.15,7054.843,7061.918,108470,1,389462
7061.275,7075.426,7050.34,7061.275,76888,1,271706
7060.632,7063.205,7022.039,7036.19,92954,1,347038
7036.19,7042.622,7008.531,7011.104,79523,1,275843
7011.104,7017.536,6991.807,7000.812,63588,1,237629
7000.812,7023.968,6998.883,7009.174,64807,1,227868
7009.818,7020.752,7005.315,7013.034,15015,1,55706
6989.234,7006.601,6976.37,6995.667,155011,1,442265
6995.023,6996.31,6969.295,6983.445,143171,1,420651
6983.445,7028.471,6982.802,7003.385,185340,1,590332
7003.385,7012.39,6992.451,7000.812,97663,1,322888
7000.169,7010.461,6987.305,7001.456,65260,1,222081
7000.812,7004.672,6975.084,6980.229,56353,1,194215
6980.229,6988.591,6954.501,6960.933,95797,1,312988
6960.29,7018.823,6942.923,7001.456,186913,1,618011
7001.456,7040.049,7000.812,7006.601,110416,1,390662
7006.601,7012.39,6991.164,6996.953,12858,1,49983
6991.807,6995.667,6920.41,6927.485,188017,1,628378
6927.485,6945.495,6898.54,6901.113,166008,1,585929
6901.113,6927.485,6890.178,6908.189,176246,1,641432
6907.545,6973.797,6906.902,6967.365,152376,1,624822
6966.722,6985.375,6957.717,6982.802,96425,1,425284
6982.802,6993.737,6963.506,6974.44,97346,1,395295
6974.44,6996.953,6971.224,6990.521,78138,1,304027
6991.164,6993.094,6978.3,6980.873,52316,1,204989
6980.873,6981.516,6953.214,6964.149,48452,1,176125
6964.792,6965.435,6949.998,6961.576,10970,1,40703
6985.375,6991.807,6939.063,6948.068,171284,1,506716
6948.068,6959.646,6915.907,6925.556,204861,1,629119
6926.199,6947.425,6921.053,6939.706,117913,1,424982
6939.706,6966.722,6926.842,6955.787,121049,1,447968
6955.787,6959.646,6933.917,6943.566,76551,1,262586
6943.566,6953.214,6931.345,6949.998,64189,1,238658
6949.998,6951.284,6928.772,6935.847,53858,1,190567
6935.847,6945.495,6930.058,6936.49,47952,1,189005
6936.49,6947.425,6921.696,6926.199,40036,1,145560
6926.199,6926.199,6905.616,6908.832,13219,1,42609
6889.056,6935.625,6878.211,6907.556,135701,1,415605
6907.556,6926.694,6880.763,6889.694,124856,1,407744
6890.332,6902.453,6876.935,6896.073,103632,1,332629
6895.435,6897.349,6816.331,6824.624,149399,1,579035
6824.624,6831.004,6790.814,6798.469,111041,1,434564
6798.469,6818.883,6797.193,6818.245,67719,1,249570
6818.883,6829.09,6811.228,6812.504,66655,1,236777
6812.504,6825.9,6810.59,6818.245,40287,1,145666
6817.607,6833.556,6815.055,6824.624,50081,1,201205
6824.624,6825.262,6811.866,6819.521,11755,1,46139
6805.486,6809.952,6772.314,6790.176,161554,1,466953
6790.176,6831.004,6782.521,6794.004,194375,1,594106
6794.004,6805.486,6778.055,6783.159,149920,1,494210
6783.159,6803.573,6775.504,6784.435,114687,1,411598
6784.435,6795.917,6777.417,6785.71,59878,1,206102
6785.71,6798.469,6783.797,6790.176,49212,1,168643
6790.176,6795.28,6770.4,6774.228,60103,1,204221
6773.59,6779.331,6765.297,6774.228,54939,1,211267
6773.59,6775.504,6764.021,6770.4,36327,1,134470
6770.4,6772.952,6764.021,6764.021,10393,1,41904
6762.107,6768.486,6749.986,6755.728,122120,1,423530
6755.728,6800.383,6754.452,6799.745,171957,1,566180
6799.107,6819.521,6785.71,6816.331,116966,1,395158
6816.331,6825.9,6797.193,6808.038,97845,1,367915
6808.038,6824.624,6802.935,6815.693,79106,1,289497
6815.693,6818.245,6798.469,6800.383,45595,1,164746
6800.383,6808.676,6780.607,6784.435,76561,1,266022
6783.797,6792.09,6770.4,6775.504,49935,1,188307
6775.504,6778.055,6762.107,6763.383,37664,1,137431
6763.383,6771.676,6754.452,6757.003,17730,1,67429
6772.314,6814.418,6770.4,6813.78,154582,1,435582
6813.78,6831.642,6804.211,6822.073,134653,1,434161
6822.073,6833.556,6789.538,6807.4,181783,1,625574
6808.038,6816.969,6767.848,6788.262,125104,1,436252
6788.9,6817.607,6772.952,6812.504,88869,1,304178
6812.504,6817.607,6795.917,6797.831,68119,1,226250
6797.831,6808.038,6796.555,6798.469,40351,1,142001
6799.107,6804.849,6789.538,6799.745,46900,1,165272
6799.745,6804.211,6775.504,6788.262,49165,1,177477
6788.262,6790.814,6774.866,6785.073,12306,1,45904
6799.745,6806.762,6776.779,6791.452,129530,1,383085
6791.452,6853.969,6790.176,6846.952,202310,1,608201
6846.314,6853.969,6818.245,6840.573,151762,1,473739
6841.211,6864.176,6836.745,6857.159,96088,1,314368
6856.521,6865.452,6834.194,6836.745,81980,1,268560
6836.107,6844.4,6833.556,6836.745,40720,1,140322
6836.745,6839.935,6829.728,6833.556,39833,1,141950
6833.556,6844.4,6827.814,6832.28,41531,1,150373
6831.642,6836.107,6821.435,6834.831,31284,1,112050
6834.194,6839.935,6829.09,6837.383,10659,1,38349
6819.521,6828.452,6788.262,6790.176,163305,1,442982
6790.176,6812.504,6779.969,6796.555,159399,1,443145
6796.555,6817.607,6783.159,6784.435,128171,1,365656
6785.073,6801.659,6780.607,6785.71,79149,1,244271
6785.71,6794.004,6771.038,6789.538,74842,1,229044
6789.538,6793.366,6753.176,6764.659,90211,1,301261
6764.659,6771.676,6752.538,6755.728,64974,1,206429
6755.728,6758.279,6734.676,6739.141,60474,1,215354
6739.141,6749.348,6737.865,6740.417,40758,1,140049
6740.417,6755.09,6738.503,6748.072,16690,1,57137
6755.728,6764.021,6733.4,6742.331,144708,1,389558
6742.969,6782.521,6742.331,6763.383,186454,1,556739
6762.745,6766.572,6734.038,6753.814,157344,1,440549
6754.452,6777.417,6750.624,6763.383,106842,1,317578
6763.383,6765.297,6746.796,6758.917,58729,1,191891
6758.279,6767.848,6755.09,6761.469,46605,1,150594
6761.469,6766.572,6750.624,6752.538,47915,1,151490
6753.176,6754.452,6736.59,6745.521,46898,1,161075
6744.883,6752.538,6740.417,6743.607,39923,1,126778
6742.969,6749.348,6737.865,6741.693,10391,1,43770
6730.21,6758.917,6712.348,6756.365,166229,1,506269
6755.728,6781.245,6742.331,6776.141,173377,1,499191
6776.141,6779.969,6763.383,6771.676,107064,1,324029
6771.676,6772.952,6738.503,6749.986,116627,1,386694
6750.624,6764.021,6740.417,6748.71,70276,1,229422
6749.348,6749.348,6689.382,6697.038,117766,1,413325
6696.4,6700.865,6682.365,6690.02,76711,1,267007
6690.02,6704.055,6686.831,6699.589,54251,1,175256
6699.589,6714.9,6697.038,6709.796,48029,1,165405
6709.796,6718.727,6706.607,6714.9,11803,1,48904
6707.882,6722.555,6692.572,6701.503,185068,1,475698
6702.141,6724.469,6679.175,6696.4,232069,1,663088
6696.4,6712.986,6640.899,6645.365,206627,1,644130
6644.727,6657.486,6626.865,6651.106,131391,1,449836
6651.106,6663.865,6638.348,6662.589,87679,1,285314
6663.227,6728.934,6658.124,6698.951,157291,1,538905
6699.589,6716.176,6670.244,6702.779,116339,1,365934
6702.779,6716.814,6690.02,6712.986,67899,1,213604
6712.986,6732.124,6707.245,6726.383,63375,1,187673
6726.383,6734.038,6720.003,6721.917,10966,1,36140
6701.503,6714.9,6653.658,6662.589,174460,1,479222
6661.951,6684.279,6638.348,6678.537,171292,1,499247
6679.175,6690.658,6656.21,6661.313,161794,1,455721
6660.675,6665.141,6642.175,6654.296,129840,1,397718
6654.296,6672.158,6642.175,6659.399,91293,1,283960
6659.399,6663.865,6635.796,6650.468,82338,1,249627
6649.83,6723.831,6635.796,6690.658,174809,1,529671
6690.02,6719.365,6679.175,6713.624,157157,1,458938
6713.624,6744.245,6702.141,6723.193,82184,1,247600
6723.193,6734.038,6715.538,6727.02,11953,1,38663
6727.02,6742.969,6662.589,6684.279,208390,1,553046
6684.279,6685.555,6651.744,6666.417,169780,1,487789
6666.417,6680.451,6657.486,6660.037,119007,1,356073
6660.675,6697.038,6658.761,6691.296,126648,1,400549
6690.658,6693.848,6668.968,6676.624,79811,1,255978
6677.262,6689.382,6661.313,6663.865,66155,1,206033
6663.227,6695.124,6652.382,6683.641,106046,1,345887
6683.641,6688.106,6662.589,6682.365,94484,1,298995
6682.365,6689.382,6673.434,6681.727,43594,1,143120
6681.727,6683.641,6669.606,6669.606,13175,1,42646
6649.192,6677.9,6646.641,6674.072,165296,1,435638
6674.71,6674.71,6632.606,6635.796,195852,1,530338
6635.796,6644.727,6611.554,6644.089,174073,1,517224
6644.089,6650.468,6620.485,6623.037,102771,1,331021
6623.037,6639.623,6620.485,6631.968,65473,1,215234
6631.968,6648.555,6630.054,6639.623,62767,1,198557
6640.261,6642.813,6628.141,6628.779,43661,1,134777
6628.141,6637.71,6624.951,6629.417,46590,1,151729
6630.054,6631.33,6613.468,6616.02,36479,1,118966
6616.02,6619.21,6601.985,6601.985,14221,1,55034
6602.623,6621.123,6589.865,6598.158,201947,1,583911
6597.52,6624.313,6594.968,6617.934,172136,1,507506
6617.934,6621.761,6594.968,6598.158,155098,1,474618
6598.796,6603.261,6580.296,6600.709,101591,1,330676
6600.072,6609.641,6585.399,6601.985,79664,1,252003
6601.347,6606.451,6584.123,6586.037,66062,1,205554
6586.037,6597.52,6568.813,6572.64,99281,1,352351
6573.278,6582.847,6560.52,6561.795,95517,1,294255
6561.158,6566.899,6553.502,6561.795,45350,1,139797
6562.433,6573.278,6560.52,6572.64,15537,1,56841
6589.865,6591.778,6555.416,6573.916,136050,1,365902
6573.916,6586.037,6559.244,6577.744,173000,1,501454
6577.744,6626.227,6568.813,6623.037,175829,1,548109
6623.037,6623.675,6600.709,6603.899,102496,1,325894
6604.537,6610.916,6594.968,6594.968,64332,1,205649
6594.968,6605.175,6587.313,6603.261,63321,1,199808
6603.261,6616.658,6600.709,6612.83,63342,1,198948
6612.83,6615.382,6604.537,6604.537,36425,1,125417
6604.537,6617.934,6603.899,6608.365,42565,1,136133
6608.365,6620.485,6608.365,6612.83,13101,1,46219
6603.899,6606.451,6563.071,6572.002,159621,1,438541
6572.002,6584.123,6554.14,6564.985,168368,1,494115
6565.623,6574.554,6549.675,6552.864,136269,1,417529
6553.502,6558.606,6538.83,6552.226,116543,1,378783
6552.226,6568.175,6543.295,6547.123,95374,1,334172
6546.485,6564.347,6523.519,6562.433,103427,1,352153
6563.071,6569.451,6551.588,6564.347,74023,1,274943
6564.985,6570.727,6560.52,6569.451,38078,1,141117
6569.451,6580.296,6563.709,6566.899,56362,1,217822
6566.899,6568.175,6559.882,6566.261,12429,1,40405
6558.606,6587.313,6554.14,6557.33,169104,1,479512
6556.692,6557.33,6518.416,6520.968,166051,1,492495
6520.33,6525.433,6501.192,6503.743,123301,1,419140
6503.743,6512.037,6483.329,6488.433,104603,1,342439
6487.795,6509.485,6487.157,6506.295,59600,1,207145
6506.933,6513.95,6495.45,6512.674,60701,1,189725
6512.037,6520.968,6505.657,6511.399,65837,1,215154
6511.399,6531.175,6509.485,6523.519,61337,1,192724
6523.519,6531.813,6523.519,6524.795,28182,1,87651
6524.795,6525.433,6515.226,6522.881,13060,1,48658
6509.485,6515.226,6482.692,6499.278,221673,1,636837
6499.278,6501.192,6458.45,6460.364,175117,1,559107
6460.364,6477.588,6450.157,6453.347,140716,1,458563
6453.347,6462.278,6449.519,6452.071,95953,1,345886
6452.709,6470.571,6448.881,6464.829,81062,1,296603
6464.829,6466.105,6450.795,6461.002,55017,1,190744
6460.364,6475.036,6454.622,6468.019,70837,1,239403
6468.657,6477.588,6443.14,6451.433,99344,1,342130
6450.795,6465.467,6445.691,6462.916,55658,1,216393
6463.554,6467.381,6456.536,6463.554,12741,1,52472
6443.778,6450.157,6399.122,6399.76,217142,1,673436
6399.76,6404.864,6381.898,6385.088,153977,1,518305
6385.088,6399.76,6381.26,6392.105,129061,1,452262
6392.105,6425.277,6392.105,6424.002,121118,1,439022
6424.002,6430.381,6402.95,6408.053,87370,1,300220
6408.053,6409.329,6390.191,6395.932,73197,1,269827
6396.57,6402.312,6376.156,6378.708,99276,1,342513
6378.708,6395.295,6376.794,6387.001,69704,1,252378
6386.363,6393.381,6379.984,6392.743,38894,1,144047
6392.743,6401.674,6384.45,6394.657,16830,1,84895
6455.898,6499.278,6426.553,6494.812,279150,1,790288
6494.174,6517.14,6483.967,6513.95,202084,1,648720
6513.95,6568.813,6501.83,6559.882,224168,1,743982
6559.882,6573.278,6542.019,6557.968,144831,1,548894
6557.968,6560.52,6527.347,6540.106,121318,1,444732
6540.106,6568.813,6532.45,6566.899,87150,1,298146
6566.899,6591.14,6545.209,6556.692,140029,1,492445
6556.692,6562.433,6497.364,6515.226,137146,1,483729
6515.226,6537.554,6487.795,6532.45,89278,1,328995
6532.45,6546.485,6529.899,6538.83,12137,1,42802
6548.339,6554.678,6496.358,6519.178,276310,1,737800
6519.812,6564.82,6519.178,6549.606,193237,1,563280
6548.972,6588.275,6546.437,6586.373,147005,1,457097
6587.007,6602.855,6581.302,6593.346,106183,1,374633
6593.346,6612.364,6582.57,6588.275,107254,1,373162
6587.641,6620.605,6585.106,6615.533,75108,1,251307
6615.533,6625.042,6592.713,6599.052,84810,1,281311
6598.418,6600.32,6574.329,6592.079,74422,1,253814
6592.713,6602.855,6583.838,6590.177,49173,1,155426
6590.177,6611.73,6581.936,6611.096,17040,1,68590
6678.925,6678.925,6580.668,6587.007,252537,1,812445
6587.007,6595.882,6573.695,6577.499,110126,1,344296
6576.865,6578.133,6535.66,6537.562,129087,1,400782
6536.928,6540.098,6522.982,6531.223,82552,1,270291
6530.589,6531.857,6514.107,6523.616,63301,1,194000
6523.616,6523.616,6498.259,6522.348,24221,1,80916
6530.589,6538.83,6481.777,6486.215,249590,1,606409
6486.849,6491.92,6422.19,6433.6,223629,1,669025
6433.6,6462.76,6420.922,6449.448,161416,1,509855
6450.082,6457.689,6426.627,6443.109,126116,1,408422
6442.475,6474.171,6436.77,6462.76,128610,1,404967
6462.76,6483.045,6441.207,6444.377,136808,1,407865
6444.377,6446.278,6417.752,6419.02,87415,1,263291
6419.02,6429.163,6417.118,6424.725,57145,1,184898
6425.359,6431.698,6417.118,6425.359,56566,1,179002
6425.359,6434.234,6419.02,6434.234,15849,1,50292
6452.617,6464.028,6420.922,6457.055,274158,1,733971
6457.689,6509.036,6449.448,6497.625,250951,1,688657
6497.625,6515.375,6484.947,6493.822,165894,1,493661
6494.456,6507.134,6484.947,6492.554,111662,1,348864
6492.554,6512.205,6486.849,6497.625,79964,1,276141
6497.625,6506.5,6465.296,6469.733,109931,1,381582
6469.733,6489.384,6456.421,6486.849,86189,1,288749
6486.215,6496.991,6475.438,6486.849,65972,1,213968
6486.849,6488.117,6469.099,6469.733,48503,1,156357
6469.733,6472.903,6458.323,6465.296,15186,1,52109
6484.313,6511.571,6443.109,6450.716,255602,1,709599
6450.082,6463.394,6423.457,6445.01,198936,1,574399
6444.377,6475.438,6432.966,6469.733,178134,1,516315
6470.367,6483.679,6457.689,6470.367,125125,1,394720
6469.733,6496.358,6464.028,6492.554,113972,1,366494
6492.554,6504.598,6482.411,6502.697,99161,1,339896
6502.697,6503.965,6486.849,6496.991,71297,1,247810
6496.991,6498.259,6474.804,6484.947,93489,1,360199
6484.947,6514.107,6481.144,6509.036,79475,1,293753
6509.036,6531.857,6509.036,6531.857,20911,1,94215
6492.554,6503.965,6462.126,6492.554,270401,1,700719
6492.554,6510.938,6476.072,6507.134,208684,1,598870
6507.134,6509.67,6477.974,6493.822,202457,1,600376
6493.822,6506.5,6484.313,6498.259,126455,1,430930
6497.625,6506.5,6487.483,6495.09,81863,1,285542
6494.456,6496.358,6444.377,6456.421,185384,1,591349
6456.421,6476.072,6439.939,6466.564,121259,1,394102
6467.197,6476.072,6446.912,6451.35,80565,1,265523
6450.716,6467.831,6447.546,6464.662,46831,1,169046
6465.296,6466.564,6457.055,6457.055,9949,1,47388
6415.216,6426.627,6399.369,6411.413,189408,1,502374
6411.413,6418.386,6392.396,6395.565,162222,1,483810
6394.931,6403.806,6372.11,6390.494,217492,1,677967
6391.128,6393.663,6365.137,6371.476,115873,1,412685
6370.842,6380.351,6361.968,6372.11,82446,1,265177
6372.744,6392.396,6370.209,6380.351,103540,1,296269
6380.351,6391.762,6378.449,6388.592,62470,1,190805
6389.226,6402.538,6387.958,6396.199,66973,1,225663
6396.199,6397.467,6384.155,6394.297,54075,1,170785
6394.297,6397.467,6385.422,6395.565,11864,1,41496
6413.949,6434.234,6404.44,6432.332,165782,1,454663
6432.332,6463.394,6419.654,6452.617,219294,1,647340
6452.617,6474.171,6436.77,6439.305,148826,1,466872
6438.671,6453.885,6431.698,6443.109,116998,1,346695
6443.109,6457.055,6431.064,6433.6,71974,1,224445
6432.966,6448.814,6429.796,6442.475,72452,1,226576
6442.475,6444.377,6391.762,6394.297,100610,1,334531
6394.931,6403.172,6394.297,6398.735,43696,1,152167
6398.735,6406.976,6396.199,6402.538,32789,1,120782
6401.904,6403.172,6391.128,6393.663,10634,1,40255
6377.815,6387.958,6355.628,6384.789,184997,1,505454
6384.789,6402.538,6373.378,6400.636,169253,1,473497
6400.003,6419.02,6391.128,6416.484,123463,1,379684
6417.118,6432.332,6413.315,6425.993,92588,1,303393
6426.627,6448.814,6415.85,6441.207,85441,1,274657
6441.207,6446.278,6434.234,6437.403,52083,1,176767
6437.403,6446.912,6432.966,6442.475,52922,1,185140
6442.475,6451.984,6436.77,6443.109,48843,1,173450
6443.109,6475.438,6442.475,6471.001,82930,1,282715
6471.001,6480.51,6467.831,6471.635,17782,1,64070
6446.278,6458.323,6427.895,6430.43,154969,1,448923
6430.43,6470.367,6420.922,6459.59,176736,1,545979
6458.957,6468.465,6451.35,6455.153,116823,1,365921
6455.787,6483.045,6453.885,6477.34,90136,1,290676
6477.974,6510.304,6476.072,6507.134,104059,1,371882
6507.134,6528.687,6498.259,6524.884,86473,1,298839
6525.518,6549.606,6513.473,6544.535,100465,1,326524
6544.535,6544.535,6522.348,6525.518,79434,1,252938
6525.518,6535.66,6518.545,6530.589,39413,1,124129
6507.768,6526.152,6489.384,6514.741,213457,1,570908
6515.375,6563.552,6510.938,6545.169,196706,1,582944
6544.535,6550.874,6526.152,6535.66,120189,1,356642
6535.66,6554.678,6527.419,6552.142,103667,1,317975
6552.142,6562.285,6536.928,6555.946,87778,1,268846
6555.312,6576.231,6545.169,6575.597,86171,1,267327
6575.597,6586.373,6569.892,6571.793,78342,1,269504
6571.793,6577.499,6564.82,6571.793,52734,1,175874
6571.159,6583.838,6567.356,6576.231,31765,1,104335
6544.535,6566.722,6519.178,6563.552,195390,1,585923
6563.552,6564.82,6531.857,6548.972,175761,1,600162
6548.339,6548.339,6497.625,6519.812,181145,1,639167
6519.812,6521.714,6493.188,6506.5,98843,1,332708
6506.5,6522.348,6498.893,6517.277,86304,1,280328
6517.911,6526.152,6506.5,6520.446,73212,1,266867
6521.714,6554.678,6491.286,6500.161,199937,1,600000
6500.161,6510.304,6483.679,6484.313,99816,1,312888
6483.679,6492.554,6459.59,6464.028,44100,1,155150
6460.858,6493.822,6453.885,6476.072,227380,1,638747
6476.072,6495.09,6469.099,6483.679,177149,1,543941
6483.679,6502.063,6460.224,6460.858,142684,1,480296
6460.858,6463.394,6417.752,6418.386,127578,1,486704
6419.02,6427.261,6405.074,6406.976,87116,1,331691
6407.609,6420.288,6403.172,6420.288,64475,1,225720
6419.654,6424.091,6408.243,6410.779,69729,1,224737
6410.779,6419.02,6405.074,6412.681,53454,1,186233
6412.047,6420.288,6400.636,6415.85,48660,1,199511
6426.627,6450.716,6411.413,6436.77,176457,1,505166
6436.77,6458.957,6421.556,6430.43,171396,1,498922
6430.43,6446.912,6418.386,6428.529,142088,1,430999
6429.163,6429.796,6378.449,6382.253,160292,1,551450
6382.253,6385.422,6362.602,6374.646,76504,1,283894
6374.646,6374.646,6354.361,6370.842,70147,1,238330
6370.842,6382.253,6365.771,6373.378,61923,1,207740
6373.378,6389.226,6373.378,6384.155,50217,1,177326
6384.789,6394.931,6381.619,6394.931,29803,1,108833
6398.101,6400.003,6361.968,6364.503,178791,1,477816
6363.869,6367.673,6320.763,6327.102,180662,1,543688
6327.102,6332.808,6278.925,6280.827,162795,1,542649
6280.193,6297.308,6271.952,6296.04,90815,1,331325
6295.407,6306.183,6280.827,6303.647,93814,1,311421
6303.647,6322.665,6300.478,6310.621,98246,1,335605
6311.254,6320.129,6285.898,6292.871,85148,1,289019
6292.237,6303.014,6286.532,6288.434,51417,1,175695
6289.067,6298.576,6277.023,6282.094,35035,1,128199
6275.755,6285.898,6244.693,6247.863,189950,1,573185
6248.497,6285.264,6236.453,6261.809,254849,1,763233
6261.175,6279.559,6251.033,6259.907,165223,1,515816
6259.907,6295.407,6258.64,6277.023,117298,1,383344
6277.023,6287.8,6270.05,6273.853,70332,1,224564
6273.853,6275.755,6256.104,6259.907,75306,1,232019
6260.541,6268.148,6251.033,6253.568,93352,1,310012
6254.202,6260.541,6245.327,6249.131,55778,1,196269
6249.131,6255.47,6238.354,6245.327,38457,1,139216
6252.3,6254.836,6218.703,6229.479,211309,1,589630
6229.479,6242.792,6203.489,6205.391,197878,1,620452
6204.757,6206.025,6159.115,6167.356,205877,1,763308
6167.356,6183.838,6153.41,6162.918,102563,1,372483
6162.285,6173.695,6155.945,6164.82,86153,1,324151
6164.82,6173.061,6160.383,6169.258,58135,1,216089
6169.258,6171.793,6143.267,6152.142,84734,1,313536
6152.776,6157.213,6145.169,6157.213,54767,1,216557
6157.213,6157.847,6126.151,6137.562,42142,1,165367
6141.999,6141.999,6098.893,6113.473,164794,1,511343
6114.107,6148.972,6099.527,6101.429,267437,1,807432
6100.795,6104.598,6053.885,6079.242,232753,1,808290
6078.608,6146.437,6078.608,6124.25,182258,1,680246
6123.616,6170.525,6116.009,6155.311,117529,1,399176
6154.678,6173.695,6104.598,6115.375,117620,1,399319
6116.009,6141.365,6110.303,6135.66,78507,1,253211
6135.66,6145.803,6119.178,6137.562,60171,1,207226
6137.562,6148.972,6120.446,6134.392,51127,1,176087
6124.884,6127.419,6075.438,6091.286,206658,1,577329
6091.286,6097.625,6065.296,6091.92,188192,1,541321
6091.92,6092.554,6038.037,6042.475,165665,1,509061
6042.475,6063.394,6025.993,6040.573,128888,1,437720
6040.573,6052.617,6034.234,6051.349,71204,1,226637
6051.349,6059.59,6041.841,6057.055,62358,1,186499
6057.055,6058.322,6027.261,6034.234,64766,1,191402
6033.6,6039.939,6022.823,6027.895,48040,1,159818
6027.895,6029.796,6006.975,6024.091,41003,1,126414
6018.386,6072.903,6009.511,6053.885,248428,1,716148
6053.885,6102.063,6053.251,6085.581,204483,1,624072
6084.947,6117.91,6084.313,6102.063,146044,1,464445
6102.063,6105.866,6077.34,6082.411,117772,1,388749
6082.411,6091.286,6064.028,6068.465,78539,1,243404
6069.099,6083.679,6060.858,6082.411,91182,1,278336
6082.411,6091.92,6038.671,6050.716,114489,1,359072
6050.716,6080.51,6045.644,6058.956,73787,1,239090
6058.956,6060.858,6030.43,6050.082,51005,1,140644
6013.948,6044.376,5985.422,6032.332,302178,1,807495
6032.332,6057.055,6003.806,6015.85,258906,1,779541
6015.85,6031.698,5991.761,6024.091,215318,1,689346
6024.091,6043.742,6008.877,6030.43,115603,1,378567
6030.43,6052.617,6027.895,6048.814,78554,1,264056
6049.448,6071.001,6048.18,6053.885,107692,1,359051
6053.251,6054.519,6039.305,6041.207,65366,1,234770
6041.841,6051.983,6034.234,6035.502,57518,1,198025
6036.135,6041.841,6032.966,6038.037,27519,1,95414
6041.207,6042.475,5998.101,5998.735,243903,1,625784
5998.735,6028.529,5995.565,6007.609,205914,1,602192
6007.609,6046.278,6005.708,6036.135,173976,1,588363
6036.769,6074.17,6036.135,6053.251,113834,1,381555
6053.251,6059.59,6042.475,6058.322,57889,1,185373
6057.689,6077.974,6056.421,6066.563,81077,1,272660
6067.197,6069.099,6048.18,6051.983,71223,1,235912
6051.983,6073.536,6051.349,6069.733,51221,1,167834
6069.099,6074.17,6049.448,6052.617,40109,1,140339
6054.503,6076.501,6031.248,6033.133,252178,1,701529
6033.762,6045.075,5997.936,5998.565,203544,1,647989
5997.936,6021.82,5996.051,6021.82,140004,1,515279
6021.191,6028.105,5987.251,5987.88,102827,1,383876
5987.251,5996.051,5983.48,5992.908,59820,1,260674
5992.28,6007.993,5991.651,6006.736,55452,1,227097
6006.736,6028.734,6004.221,6027.477,71616,1,303419
6027.477,6038.161,6021.191,6033.762,61447,1,254900
6033.133,6033.762,6002.336,6009.878,37820,1,147304
5996.051,5996.679,5938.856,5948.912,218359,1,656802
5948.283,5969.025,5945.141,5953.94,174963,1,549264
5953.312,5958.34,5939.484,5950.169,116063,1,388039
5950.169,5957.083,5941.37,5945.769,69522,1,256128
5945.769,5962.111,5945.141,5953.94,58069,1,192800
5954.569,5959.597,5944.512,5945.769,51907,1,162168
5945.769,5946.398,5902.402,5907.43,119082,1,449290
5908.058,5917.486,5904.287,5910.572,52920,1,198201
5910.572,5912.458,5892.974,5898.631,44828,1,170347
5896.117,5918.743,5860.291,5865.948,234118,1,617686
5866.576,5869.09,5829.494,5839.55,171348,1,534012
5838.922,5854.634,5833.893,5837.664,111302,1,346225
5837.036,5852.749,5830.122,5849.606,83916,1,298087
5850.235,5852.749,5843.95,5850.863,40228,1,145675
5850.863,5855.891,5843.321,5845.207,52563,1,166849
5845.207,5848.978,5836.407,5839.55,63866,1,230034
5838.922,5843.321,5828.865,5833.265,55485,1,205268
5833.893,5836.407,5810.01,5815.038,52340,1,206104
5815.038,5854.634,5798.696,5841.436,280553,1,726835
5841.436,5873.49,5837.664,5848.349,203126,1,565186
5847.721,5910.572,5844.578,5900.516,211827,1,636865
5900.516,5914.344,5896.117,5898.002,84779,1,272252
5898.002,5904.916,5879.147,5884.803,87962,1,260206
5884.803,5896.117,5870.976,5892.345,83625,1,253866
5892.345,5904.287,5884.175,5886.689,81364,1,242445
5886.689,5900.516,5884.803,5893.602,62209,1,204884
5893.602,5913.715,5884.175,5888.574,59128,1,222313
5883.546,5929.428,5876.633,5926.285,264064,1,673173
5925.657,5963.368,5924.4,5958.968,197294,1,570926
5958.34,5962.111,5930.056,5938.856,148446,1,453716
5938.227,5952.055,5931.313,5933.199,92049,1,293726
5932.571,5947.655,5924.4,5946.398,62670,1,195706
5947.026,5959.597,5940.741,5952.055,77036,1,242500
5952.683,5971.539,5913.087,5952.683,213177,1,646640
5952.683,5972.796,5941.37,5962.111,71074,1,230563
5962.111,5977.824,5959.597,5971.539,39604,1,148424
5952.055,5971.539,5929.428,5940.741,271934,1,689269
5940.741,6007.364,5933.828,6004.85,278801,1,763728
6003.593,6028.105,5999.193,6022.448,174672,1,541123
6022.448,6033.762,6011.135,6022.448,93748,1,317451
6021.82,6024.334,6009.878,6009.878,67398,1,211874
6010.507,6011.135,5992.908,5994.165,85286,1,267013
5994.794,6017.42,5992.908,5995.422,85088,1,295967
5995.422,6002.336,5986.623,5991.651,66840,1,216407
5991.651,6012.392,5991.023,6011.764,39551,1,145465
5994.794,6012.392,5958.968,5991.651,296173,1,757618
5992.28,6057.645,5983.48,6036.276,265665,1,754596
6036.276,6036.276,5994.794,6004.85,172897,1,520372
6004.85,6011.764,5999.822,6004.85,61817,1,214130
6004.85,6005.478,5985.994,5995.422,64772,1,210313
5996.051,6007.364,5975.31,5976.567,66709,1,228930
5975.938,5981.595,5946.398,5947.655,101726,1,352035
5947.655,5958.968,5940.741,5953.312,61453,1,206141
5953.312,5956.454,5931.313,5937.599,38268,1,140452
5955.197,5988.509,5917.486,5927.542,281097,1,744074
5927.542,5960.225,5919.372,5943.255,233479,1,631900
5943.255,5974.053,5928.799,5952.055,189945,1,543271
5951.426,5962.111,5939.484,5943.255,102688,1,321351
5943.255,5955.826,5936.342,5947.655,80486,1,248398
5947.655,5961.482,5930.056,5942.627,93202,1,282622
5943.255,5946.398,5910.572,5918.115,102081,1,313074
5918.115,5930.685,5913.715,5926.285,61813,1,187334
5926.285,5934.456,5920.0,5926.914,33177,1,108510
5909.315,5929.428,5840.179,5844.578,369992,1,998188
5843.95,5867.833,5836.407,5861.548,206575,1,627932
5861.548,5885.432,5857.777,5879.775,137230,1,446019
5880.404,5911.201,5877.89,5899.888,127682,1,419285
5899.259,5911.201,5887.317,5901.773,89509,1,280705
5902.402,5928.171,5901.773,5915.601,100615,1,333162
5915.601,5919.372,5901.145,5904.287,72672,1,244227
5903.659,5911.829,5899.888,5904.916,47590,1,152305
5904.287,5908.058,5898.002,5905.544,25542,1,87875
5897.374,5918.115,5872.861,5889.203,272720,1,715625
5889.203,5940.113,5877.89,5926.285,249382,1,723892
5926.285,5933.828,5904.916,5921.886,141991,1,469509
5921.886,5926.285,5912.458,5914.972,69033,1,241815
5914.344,5914.972,5895.488,5898.002,77672,1,234539
5898.002,5917.486,5887.317,5911.829,75225,1,230400
5912.458,5922.514,5904.287,5909.315,66626,1,216841
5909.315,5921.886,5908.058,5917.486,40302,1,138744
5917.486,5924.4,5906.173,5921.886,31974,1,112644
5926.285,5967.139,5919.372,5962.111,216232,1,601373
5962.111,5982.223,5945.141,5968.396,227596,1,682717
5968.396,5974.681,5938.227,5950.798,142874,1,460509
5950.169,5954.569,5924.4,5939.484,128049,1,430678
5939.484,5958.34,5929.428,5946.398,74133,1,240531
5946.398,5962.111,5922.514,5924.4,84903,1,281567
5924.4,5938.856,5919.372,5928.799,86160,1,300788
5928.799,5929.428,5914.344,5925.657,47251,1,169234
5925.657,5935.713,5921.886,5930.056,23101,1,94972
5911.829,5938.856,5900.516,5927.542,216849,1,577112
5926.914,5927.542,5875.375,5876.004,201409,1,592499
5876.004,5902.402,5875.375,5894.86,109101,1,349907
5894.231,5910.572,5886.06,5899.259,80714,1,265601
5899.888,5913.715,5887.946,5888.574,69381,1,223422
5888.574,5891.088,5867.205,5879.775,94958,1,311321
5879.775,5881.661,5863.434,5869.09,73498,1,259430
5869.09,5879.147,5864.691,5864.691,44963,1,162783
5864.691,5870.347,5857.777,5870.347,36451,1,131782
5882.918,5886.06,5857.149,5866.576,259227,1,729908
5866.576,5889.203,5849.606,5867.833,242842,1,745902
5867.205,5905.544,5864.062,5898.631,162560,1,571077
5898.631,5907.43,5887.946,5887.946,80897,1,278759
5887.946,5896.117,5882.918,5892.974,49202,1,169485
5892.974,5896.745,5879.147,5882.289,62726,1,225791
5882.289,5901.145,5880.404,5894.86,75656,1,273163
5894.86,5896.117,5883.546,5884.175,40759,1,165143
5883.546,5892.345,5882.918,5885.432,25169,1,104586
5858.406,5898.002,5855.891,5887.317,214583,1,589206
5887.946,5889.203,5843.321,5865.948,208515,1,645377
5865.948,5869.09,5816.295,5817.552,168831,1,566901
5817.552,5830.122,5808.124,5819.437,97880,1,339106
5820.066,5830.122,5815.666,5820.695,62592,1,235163
5820.695,5831.379,5810.01,5816.295,59466,1,238893
5816.295,5825.094,5807.496,5822.58,67594,1,256780
5821.952,5830.751,5819.437,5820.066,49248,1,198925
5820.066,5830.751,5815.666,5825.094,27953,1,120674
5898.002,5935.085,5884.175,5909.315,262105,1,815181
5909.315,5956.454,5908.687,5955.197,229827,1,699804
5955.197,5985.366,5939.484,5975.31,154818,1,532897
5974.681,6012.392,5973.424,6005.478,108590,1,394827
6004.85,6037.533,5999.822,6029.991,99608,1,368572
6030.619,6044.447,6019.934,6041.932,97666,1,341959
6041.932,6095.356,6036.904,6092.214,147776,1,544195
6092.214,6094.728,6019.934,6053.246,159528,1,566093
6053.246,6063.302,6034.39,6040.047,63158,1,202161
6066.445,6112.326,6047.589,6050.103,331609,1,916436
6049.475,6139.353,6048.846,6121.126,293544,1,834257
6121.126,6212.889,6116.726,6211.003,218641,1,696126
6211.003,6230.488,6184.606,6225.459,149561,1,498669
6225.459,6231.745,6177.692,6178.949,129720,1,418917
6179.578,6194.034,6147.523,6150.666,134886,1,417589
6150.037,6156.323,6113.583,6144.381,125928,1,398941
6143.752,6152.551,6126.782,6140.61,95652,1,292738
6139.981,6153.18,6131.81,6143.124,41280,1,133830
6174.55,6215.403,6156.951,6207.232,291951,1,766585
6207.232,6251.229,6202.833,6243.686,254270,1,730751
6243.686,6292.711,6237.401,6283.283,233472,1,769538
6283.911,6291.454,6255.0,6277.626,147172,1,477344
6277.626,6277.626,6229.859,6234.887,122986,1,374514
6234.259,6257.514,6230.488,6254.371,95015,1,300112
6254.371,6271.341,6238.03,6266.313,91077,1,286026
6266.313,6285.168,6263.17,6280.14,67562,1,204996
6280.14,6297.739,6270.713,6291.454,64826,1,207072
6275.741,6341.106,6265.056,6292.711,381054,1,1067186
6293.339,6318.48,6277.626,6296.482,303459,1,837999
6297.11,6332.936,6288.94,6329.165,203222,1,638723
6329.165,6331.05,6296.482,6297.739,129910,1,422018
6297.11,6302.767,6249.343,6276.998,155938,1,528867
6276.998,6289.568,6216.66,6217.289,148184,1,455436
6216.66,6240.544,6199.69,6239.915,126656,1,435812
6240.544,6256.257,6232.373,6251.229,95258,1,303937
6250.6,6258.142,6232.373,6246.829,41746,1,136810
6270.713,6313.452,6268.199,6305.281,315126,1,802721
6305.281,6327.908,6281.397,6317.223,226308,1,610500
6317.223,6344.878,6310.309,6317.851,187640,1,574370
6317.851,6320.365,6282.654,6283.911,142419,1,427651
6284.54,6287.054,6241.801,6261.913,125275,1,399347
6261.913,6268.827,6246.829,6255.628,94781,1,283604
6255.628,6259.399,6241.172,6243.058,84026,1,269782
6243.686,6248.086,6207.232,6212.261,100794,1,327749
6212.889,6228.602,6209.746,6212.261,46044,1,153325
6166.775,6187.337,6115.058,6145.589,287879,1,738266
6145.589,6192.321,6134.997,6153.066,199309,1,556002
6153.69,6235.315,6148.082,6230.953,197459,1,686070
6230.953,6239.677,6182.975,6204.783,139709,1,502559
6204.16,6224.099,6197.306,6217.868,75990,1,215452
6217.868,6229.707,6195.437,6196.683,82314,1,245161
6196.683,6224.722,6186.091,6218.491,102713,1,329845
6217.868,6235.315,6214.753,6220.984,81071,1,224417
6220.361,6267.093,6215.999,6253.385,70252,1,230403
6243.415,6316.941,6242.792,6309.463,254890,1,639524
6310.086,6330.649,6298.871,6321.302,196516,1,504906
6321.925,6333.764,6299.494,6323.171,191504,1,515177
6323.795,6342.487,6318.81,6321.302,114298,1,343312
6321.925,6346.226,6316.941,6342.487,87424,1,263570
6342.487,6380.496,6339.372,6370.527,127293,1,411776
6369.904,6397.943,6364.919,6390.466,143456,1,424420
6391.089,6392.335,6366.165,6376.758,122838,1,363485
6376.758,6404.797,6376.758,6396.074,57227,1,176591
6336.88,6351.834,6318.81,6323.795,301949,1,789052
6323.795,6344.357,6301.986,6303.856,229826,1,637197
6303.232,6326.287,6293.886,6297.001,180837,1,541499
6296.378,6311.333,6277.062,6285.163,155396,1,458165
6285.786,6300.74,6263.977,6267.093,120182,1,378873
6267.716,6270.831,6231.576,6240.923,114133,1,356692
6240.3,6256.5,6234.692,6239.054,116805,1,362776
6238.431,6252.762,6232.2,6241.546,75568,1,227236
6241.546,6250.269,6234.069,6234.069,35122,1,122536
6243.415,6288.901,6237.184,6285.786,271463,1,679909
6285.786,6323.171,6284.54,6318.187,226913,1,606677
6317.564,6321.925,6291.394,6298.248,173433,1,446609
6298.248,6310.086,6273.324,6280.178,121452,1,354111
6280.178,6285.786,6267.093,6275.816,77986,1,210997
6275.816,6299.494,6271.455,6288.901,98461,1,263225
6288.278,6328.779,6154.936,6182.975,428177,1,1209540
6182.352,6191.698,6148.705,6159.921,175462,1,490269
6160.544,6185.467,6153.066,6185.467,48536,1,172335
6217.868,6266.47,6195.437,6255.877,287458,1,719416
6255.877,6267.093,6224.722,6257.746,257758,1,693931
6257.746,6316.317,6257.123,6299.494,221488,1,610000
6299.494,6350.588,6298.871,6341.864,173083,1,482060
6341.864,6353.08,6330.026,6330.649,122452,1,330172
6331.272,6346.849,6305.102,6339.372,158760,1,444351
6339.372,6346.226,6307.594,6318.187,110615,1,322398
6318.187,6321.925,6297.625,6300.117,88558,1,244728
6300.117,6318.81,6297.625,6318.81,38130,1,129268
6309.463,6389.843,6287.032,6382.989,398812,1,984960
6382.989,6420.997,6371.773,6399.812,272266,1,714984
6400.435,6406.666,6335.01,6349.965,263162,1,687016
6349.965,6359.934,6316.317,6355.572,173348,1,467916
6355.572,6361.18,6328.156,6341.864,113733,1,280298
6341.864,6381.119,6331.272,6377.381,103226,1,272279
6376.758,6387.35,6363.673,6378.004,91670,1,251903
6378.627,6382.366,6349.341,6368.657,84344,1,223590
6368.657,6401.682,6367.411,6375.512,45841,1,134434
6455.268,6472.714,6424.736,6439.067,294262,1,686324
6439.69,6464.614,6416.636,6457.137,245771,1,625800
6457.137,6467.73,6424.736,6452.775,211657,1,559327
6452.775,6460.876,6419.128,6429.721,137807,1,366719
6430.344,6440.313,6402.305,6424.113,131396,1,328204
6424.113,6455.268,6422.244,6446.544,132895,1,347513
6445.921,6464.614,6434.706,6462.122,98676,1,260899
6461.499,6475.83,6450.906,6467.73,102401,1,280877
6467.73,6477.699,6461.499,6476.453,30588,1,93110
6468.353,6475.207,6432.213,6433.459,289480,1,716986
6432.836,6460.252,6415.39,6434.706,260933,1,660885
6434.706,6480.192,6432.213,6462.745,199020,1,558889
6462.745,6475.83,6445.298,6459.006,140911,1,400192
6459.629,6477.076,6449.66,6458.383,109647,1,287999
6458.383,6465.86,6416.636,6419.128,138902,1,389799
6419.128,6435.329,6409.159,6428.475,116548,1,344711
6427.852,6444.675,6416.636,6439.067,76780,1,227321
6439.067,6443.429,6431.59,6438.444,26473,1,76745
6392.958,6478.322,6389.843,6473.961,333092,1,816827
6473.961,6483.93,6386.104,6396.074,339288,1,933557
6396.074,6430.344,6394.827,6422.867,220369,1,570118
6422.244,6426.605,6384.858,6400.435,142151,1,394957
6400.435,6426.605,6387.35,6425.982,111248,1,324043
6425.982,6440.313,6421.621,6435.329,121296,1,366167
6435.329,6435.952,6414.767,6425.982,106172,1,311738
6425.982,6455.891,6425.359,6449.66,77408,1,232831
6450.283,6459.629,6437.198,6443.429,33749,1,103135
6482.061,6528.17,6477.076,6482.684,287447,1,754001
6482.684,6495.769,6460.252,6476.453,295204,1,781485
6477.076,6486.422,6412.897,6414.143,231556,1,685104
6414.767,6437.821,6397.943,6436.575,133901,1,417833
6437.198,6443.429,6419.128,6437.198,113838,1,341877
6437.198,6449.037,6424.736,6428.475,101326,1,291997
6427.852,6459.006,6414.767,6456.514,105868,1,336652
6456.514,6465.86,6437.821,6442.806,98379,1,274405
6442.806,6443.429,6422.244,6432.836,44916,1,144874
6417.259,6447.167,6409.159,6446.544,246447,1,622987
6446.544,6450.283,6426.605,6428.475,184292,1,521945
6428.475,6429.098,6366.788,6377.381,234320,1,729209
6377.381,6385.481,6349.341,6362.426,120112,1,379984
6362.426,6366.165,6343.111,6355.572,83543,1,261926
6355.572,6356.819,6321.302,6336.88,110020,1,363276
6336.256,6351.211,6320.056,6322.548,92903,1,287082
6322.548,6336.256,6321.302,6335.01,55461,1,181874
6334.387,6341.241,6328.156,6341.241,37275,1,133227
6360.557,6390.466,6336.256,6382.366,263819,1,698172
6382.366,6383.612,6305.102,6335.01,291677,1,783202
6334.387,6358.688,6298.871,6329.402,253939,1,663979
6330.026,6366.165,6325.041,6342.487,151878,1,411667
6341.864,6378.627,6339.995,6376.135,112628,1,329170
6376.758,6379.873,6337.503,6342.487,99502,1,277637
6342.487,6343.734,6308.84,6310.71,99542,1,288272
6311.333,6331.895,6308.84,6324.418,69774,1,197627
6325.041,6336.88,6322.548,6335.633,30533,1,95260
6262.108,6269.585,6218.491,6229.084,266041,1,756042
6229.084,6239.677,6207.276,6213.507,232131,1,710503
6213.507,6248.4,6211.014,6225.969,186494,1,604735
6225.969,6235.315,6194.814,6203.537,135010,1,420761
6203.537,6209.145,6189.206,6196.06,80549,1,255231
6196.06,6198.552,6181.106,6191.075,77724,1,254598
6191.075,6217.245,6165.528,6179.86,209404,1,632051
6179.86,6187.337,6175.498,6184.221,57217,1,164225
6184.221,6193.568,6179.236,6179.236,30174,1,102665
6197.929,6203.537,6156.805,6187.96,212135,1,588440
6187.96,6216.622,6177.367,6196.683,237949,1,678585
6196.683,6225.969,6188.583,6199.799,178561,1,545311
6200.422,6228.461,6197.929,6217.868,108360,1,362562
6217.245,6230.33,6204.16,6214.13,87101,1,253530
6214.13,6254.008,6212.261,6244.661,115354,1,366847
6245.285,6252.762,6219.115,6244.038,110573,1,344886
6244.038,6244.661,6225.969,6229.084,73095,1,208446
6229.084,6242.169,6213.507,6213.507,32580,1,110436
6174.875,6199.176,6153.69,6155.559,257684,1,673714
6154.936,6164.282,6136.243,6148.082,216446,1,630092
6147.459,6186.714,6134.374,6171.759,191702,1,590846
6172.382,6174.252,6118.173,6129.389,136412,1,457092
6129.389,6139.358,6114.435,6115.681,75765,1,244704
6115.681,6125.65,6100.726,6108.204,98802,1,299175
6107.581,6121.912,6105.088,6119.419,70535,1,250046
6118.796,6153.066,6116.304,6150.574,77901,1,298914
6149.951,6176.121,6146.212,6169.267,46969,1,173500
6130.012,6151.82,6123.781,6135.62,219935,1,576629
6136.243,6141.228,6101.973,6102.596,238985,1,677888
6103.219,6109.45,6070.195,6077.672,194509,1,611391
6077.672,6098.857,6065.21,6075.18,116546,1,377694
6075.18,6091.38,6074.556,6082.657,86808,1,285144
6082.034,6110.696,6081.411,6085.149,102709,1,339149
6085.149,6097.611,6070.818,6083.903,110404,1,336453
6083.903,6095.119,6075.803,6088.265,73413,1,219557
6088.265,6103.842,6087.641,6097.611,34246,1,113651
6050.256,6060.225,6012.87,6017.855,228910,1,611739
6017.855,6018.478,5982.961,5996.046,183666,1,561925
5996.046,6003.524,5984.831,5992.308,153448,1,484037
5992.308,5998.539,5982.961,5989.192,86956,1,280314
5989.815,5996.046,5977.977,5996.046,77680,1,261302
5996.046,6007.885,5991.062,6004.77,82089,1,242701
6005.393,6013.493,6001.654,6004.77,71027,1,212058
6004.147,6013.493,6000.408,6002.9,56332,1,184931
6002.9,6015.985,6000.408,6015.985,33526,1,124400
6041.532,6041.532,5994.177,5999.162,239249,1,663757
5999.162,5999.162,5963.022,5966.138,254244,1,763422
5966.138,6040.286,5964.892,6030.94,258425,1,816038
6030.94,6062.095,6025.955,6032.186,177129,1,607851
6032.809,6035.925,6014.116,6022.216,94895,1,337658
6022.216,6028.447,5996.67,5999.162,82812,1,259942
5999.785,6023.463,5983.585,6021.593,99023,1,330901
6022.216,6026.578,6001.031,6007.262,74400,1,239196
6007.262,6020.347,6006.016,6019.101,27890,1,94358
6044.025,6071.441,6029.07,6031.563,235063,1,622822
6032.186,6049.633,6020.97,6020.97,185307,1,498304
6020.97,6036.548,6009.755,6032.809,160653,1,472110
6032.809,6068.326,6028.447,6053.371,119709,1,365373
6053.371,6065.833,6047.763,6053.994,67051,1,204438
6054.617,6065.833,6032.809,6039.663,76040,1,221640
6039.04,6054.617,6002.277,6006.016,187416,1,559150
6006.639,6018.478,5997.293,6016.609,65925,1,194966
6016.609,6032.186,6014.739,6021.593,27504,1,95567
6005.393,6041.532,6002.9,6029.07,235524,1,645086
6029.07,6031.563,5997.293,5997.916,238409,1,724530
5997.916,6000.408,5958.038,5959.284,188180,1,629775
5959.907,5972.992,5956.791,5966.761,83712,1,278284
5966.761,5973.615,5956.791,5958.038,56698,1,176671
5957.415,5966.138,5949.314,5964.269,80164,1,250048
5964.269,5964.892,5925.014,5929.375,107436,1,367560
5929.375,5942.46,5928.129,5939.345,53503,1,160104
5939.345,5949.937,5936.229,5949.314,35918,1,118664
5938.722,5952.43,5916.29,5941.837,259246,1,679467
5941.837,5961.776,5921.898,5930.621,211583,1,641816
5929.998,5939.968,5893.236,5898.22,170034,1,571423
5898.22,5905.698,5878.281,5891.366,106995,1,384566
5891.99,5911.305,5888.874,5909.436,65337,1,213527
5910.059,5915.044,5898.22,5898.22,60670,1,182759
5898.844,5916.913,5896.351,5906.321,68881,1,218759
5906.944,5911.929,5894.482,5906.944,55309,1,171679
5907.567,5912.552,5895.728,5896.974,24456,1,82632
5875.166,5887.628,5847.75,5858.965,169051,1,449627
5858.965,5878.281,5849.619,5874.543,150419,1,400666
5874.543,5912.552,5868.935,5904.451,156342,1,461945
5904.451,5914.421,5891.99,5912.552,88574,1,282122
5911.929,5914.421,5896.351,5899.467,50976,1,164498
5899.467,5913.175,5896.974,5912.552,53480,1,177342
5912.552,5927.506,5904.451,5919.406,60838,1,204897
5918.783,5929.375,5916.29,5925.014,35807,1,126345
5925.637,5928.752,5919.406,5925.637,27378,1,101473
5936.758,5957.764,5921.93,5937.375,241907,1,684488
5937.993,5939.229,5857.057,5864.471,227866,1,751509
5865.089,5913.898,5860.146,5913.28,174035,1,598561
5913.28,5924.401,5893.509,5895.363,125315,1,467034
5895.363,5908.955,5889.185,5900.306,77413,1,269319
5900.306,5922.548,5894.745,5922.548,71648,1,240875
5922.548,5929.962,5913.28,5924.401,75588,1,263078
5924.401,5931.197,5912.662,5926.255,61696,1,208006
5925.637,5927.49,5895.981,5902.159,40541,1,153780
5899.688,5918.841,5887.949,5902.159,217615,1,575271
5901.541,5936.14,5884.242,5926.255,246187,1,709807
5926.255,5981.859,5925.019,5973.21,231484,1,718468
5973.21,5992.98,5967.649,5983.095,109913,1,379089
5983.713,5997.923,5981.242,5994.834,69720,1,236846
5994.216,5999.159,5971.356,5986.184,90627,1,294463
5986.802,5991.127,5970.121,5971.974,87958,1,278462
5971.974,5989.891,5968.267,5988.038,55570,1,186483
5988.656,6004.719,5986.184,6004.719,35353,1,119912
5968.267,5989.273,5947.879,5959.0,204471,1,529352
5959.617,5992.363,5951.586,5978.77,247461,1,673525
5978.77,5988.038,5952.821,5962.089,207978,1,623772
5961.471,5975.681,5951.586,5957.146,106274,1,326142
5957.146,5960.853,5950.968,5956.528,52558,1,165205
5955.91,5980.624,5945.407,5975.063,93788,1,304323
5975.681,5980.624,5962.089,5968.267,62797,1,218409
5968.267,5975.063,5962.089,5963.324,41753,1,134529
5962.707,5980.006,5962.707,5980.006,30507,1,107923
6005.337,6017.694,5978.152,5989.273,222004,1,587506
5989.273,5991.127,5949.732,5956.528,232963,1,641852
5955.91,5968.267,5953.439,5963.324,118347,1,345173
5963.324,5985.566,5963.324,5976.917,94005,1,273354
5976.917,5976.917,5954.675,5957.146,67676,1,206735
5956.528,5970.121,5947.879,5966.414,67508,1,201436
5966.414,5976.299,5954.675,5957.146,60844,1,191318
5957.146,5962.089,5948.496,5950.35,40929,1,131269
5949.732,5957.764,5943.554,5946.025,24232,1,82204
5925.019,5942.936,5912.662,5939.847,145484,1,400917
5939.229,5961.471,5916.369,5947.261,196209,1,551246
5946.643,5978.152,5946.025,5964.56,157682,1,443411
5964.56,5983.095,5960.853,5974.445,97685,1,307265
5974.445,5978.77,5963.942,5976.299,64031,1,211451
5975.681,5984.331,5954.057,5956.528,80739,1,253756
5955.91,5977.535,5955.293,5975.681,63463,1,214109
5975.681,5980.006,5968.267,5970.738,45599,1,141037
5970.121,5976.299,5957.146,5969.503,32060,1,111775
5970.738,6065.267,5970.738,6062.796,266373,1,792538
6062.796,6114.694,6054.764,6104.808,291106,1,1008267
6104.808,6140.025,6091.834,6100.483,239540,1,835152
6100.483,6104.808,6071.445,6081.331,128408,1,469260
6080.713,6083.802,6052.292,6055.382,104633,1,339035
6055.999,6061.56,6043.643,6054.764,104344,1,365150
6054.764,6064.649,6046.114,6057.235,75221,1,246838
6056.617,6069.592,6051.057,6064.649,58720,1,197359
6064.649,6066.503,6054.764,6062.178,26299,1,88383
6067.738,6104.808,6052.292,6088.127,300263,1,763350
6088.127,6097.394,6030.05,6036.847,269729,1,732620
6036.229,6070.21,6033.757,6060.324,163197,1,469477
6060.324,6076.388,6039.936,6060.942,111467,1,335839
6060.942,6089.98,6055.999,6086.273,95267,1,285159
6085.655,6097.394,6077.006,6078.241,82399,1,254373
6077.624,6094.923,6075.152,6078.241,73606,1,225317
6078.241,6083.184,6068.356,6082.566,51968,1,181096
6082.566,6096.776,6078.241,6095.541,24670,1,94059
6089.98,6091.834,6051.675,6076.388,245168,1,650324
6076.388,6115.311,6069.592,6085.655,252313,1,729586
6085.655,6109.133,6071.445,6104.808,192464,1,587006
6104.808,6110.369,6062.178,6079.477,148704,1,465865
6078.859,6089.98,6074.534,6080.095,65582,1,213683
6080.713,6085.038,6065.267,6065.885,73047,1,234225
6065.885,6096.776,6065.885,6095.541,76673,1,243381
6095.541,6119.018,6093.687,6112.84,68375,1,224102
6112.84,6118.401,6098.63,6099.248,36437,1,131447
6099.866,6148.674,6072.063,6136.318,332467,1,887688
6136.936,6210.458,6130.139,6195.63,272549,1,831481
6195.63,6229.611,6195.63,6220.343,186181,1,602029
6220.343,6224.668,6200.572,6209.222,98283,1,341017
6208.604,6223.432,6204.279,6213.547,69871,1,248001
6213.547,6217.254,6190.069,6196.248,88238,1,310100
6195.63,6200.572,6180.184,6193.158,87382,1,307869
6193.158,6202.426,6181.42,6200.572,59822,1,203806
6200.572,6203.044,6190.069,6199.955,26959,1,93705
6259.884,6298.19,6249.999,6289.54,276580,1,771810
6288.922,6335.878,6288.305,6331.553,246791,1,748947
6331.553,6379.744,6325.992,6378.508,172488,1,573099
6378.508,6382.833,6330.935,6335.878,152682,1,497553
6335.26,6346.999,6322.285,6344.527,108140,1,362967
6345.145,6356.266,6321.05,6322.285,104586,1,339481
6322.285,6350.706,6319.814,6346.999,94358,1,299971
6347.617,6374.801,6332.171,6350.088,126928,1,404288
6350.088,6368.623,6340.82,6353.795,48346,1,160911
6350.088,6359.973,6314.871,6341.438,281384,1,725150
6341.438,6369.241,6321.668,6350.706,220659,1,639901
6350.706,6368.623,6343.292,6360.591,149247,1,467114
6361.209,6379.744,6350.088,6373.566,117157,1,392551
6374.183,6397.661,6364.916,6384.069,101409,1,346507
6384.069,6384.069,6345.763,6377.89,113713,1,384115
6377.89,6388.394,6357.502,6385.922,117026,1,415328
6385.922,6391.483,6369.859,6374.801,70354,1,234842
6375.419,6377.273,6351.941,6355.648,32800,1,109650
6325.375,6350.706,6304.986,6340.203,262406,1,708612
6340.82,6371.712,6330.317,6332.171,249009,1,710913
6332.789,6368.005,6326.61,6351.324,177791,1,538708
6351.324,6363.062,6340.82,6345.763,100227,1,336700
6345.763,6355.031,6332.171,6342.674,90284,1,288097
6342.056,6345.763,6317.343,6329.699,77628,1,225493
6328.464,6369.859,6256.795,6287.687,432241,1,1143151
6287.687,6293.865,6227.139,6237.642,180440,1,544554
6237.642,6283.362,6235.789,6274.095,45986,1,161179
6345.145,6387.158,6332.171,6351.324,257028,1,743857
6350.706,6371.094,6335.26,6359.355,219826,1,598775
6358.738,6385.304,6351.941,6363.68,175873,1,546140
6363.062,6385.304,6359.973,6376.037,120089,1,403403
6376.655,6380.98,6358.12,6370.476,78119,1,234337
6370.476,6371.094,6353.177,6361.209,77503,1,218299
6361.827,6373.566,6342.056,6371.094,90123,1,272234
6370.476,6384.069,6363.68,6382.215,59247,1,189026
6382.833,6395.808,6376.037,6391.483,28766,1,98594
6385.304,6403.222,6369.859,6402.604,196023,1,560583
6403.222,6434.731,6400.75,6426.081,190927,1,576493
6426.081,6428.553,6383.451,6387.776,133742,1,427490
6387.776,6398.897,6379.126,6382.215,88156,1,282549
6382.215,6390.247,6374.801,6387.158,62913,1,219153
6387.158,6416.814,6386.54,6411.871,61251,1,203441
6412.489,6423.61,6408.782,6422.374,43298,1,139903
6422.374,6436.585,6419.285,6433.495,41074,1,147492
6432.878,6441.527,6427.317,6435.349,32797,1,123776
6418.05,6422.992,6390.865,6422.374,226120,1,627513
6422.374,6427.935,6380.362,6385.922,238796,1,675289
6386.54,6390.247,6343.91,6352.559,178109,1,567524
6351.941,6370.476,6348.234,6366.152,84992,1,297798
6366.152,6372.33,6358.738,6362.445,58295,1,193570
6362.445,6374.801,6356.266,6374.183,76472,1,258808
6374.801,6386.54,6371.094,6384.069,74904,1,250600
6384.069,6390.865,6380.362,6387.158,50243,1,178440
6387.776,6390.247,6351.324,6355.031,40847,1,151007
6402.604,6411.871,6373.566,6382.833,195530,1,558055
6382.215,6421.139,6373.566,6403.839,251057,1,757355
6404.457,6411.253,6353.177,6366.769,189780,1,555540
6367.387,6393.336,6361.827,6390.865,108535,1,343611
6391.483,6395.808,6378.508,6395.19,71599,1,223041
6395.19,6398.279,6373.566,6374.183,72825,1,220261
6374.183,6398.279,6359.973,6396.425,85629,1,295461
6396.425,6416.196,6393.954,6414.343,63931,1,219023
6414.343,6437.82,6412.489,6435.349,43577,1,160883
6435.967,6457.591,6405.075,6408.782,247697,1,793471
6409.4,6426.081,6400.75,6403.839,208396,1,660866
6404.457,6437.82,6398.897,6410.018,202320,1,614411
6410.636,6447.088,6409.4,6443.999,133599,1,437879
6443.999,6455.737,6438.438,6446.47,84789,1,271134
6446.47,6477.979,6445.852,6470.565,103428,1,335398
6470.565,6481.686,6462.534,6478.597,65071,1,207072
6478.597,6484.158,6467.476,6476.126,59316,1,186950
6476.126,6499.604,6475.508,6491.572,35480,1,131876
6474.89,6479.215,6443.999,6463.151,193529,1,527844
6463.769,6531.731,6460.68,6513.196,241819,1,758914
6512.578,6513.196,6443.999,6497.132,230551,1,742081
6497.132,6497.132,6465.623,6486.011,101519,1,292484
6485.393,6495.279,6476.744,6484.158,56517,1,168474
6484.158,6495.279,6471.183,6483.54,64885,1,212075
6483.54,6518.139,6471.801,6515.667,72377,1,235510
6515.667,6520.61,6501.457,6501.457,52824,1,168088
6501.457,6512.578,6486.629,6492.19,36190,1,115091
6487.247,6529.26,6470.565,6501.457,234977,1,660525
6500.839,6516.285,6479.833,6481.069,238840,1,680549
6481.686,6482.304,6450.177,6453.884,206874,1,620466
6453.884,6458.209,6438.438,6445.852,108816,1,354742
6445.234,6455.737,6439.056,6448.941,60500,1,188071
6448.323,6467.476,6447.088,6465.623,79351,1,265509
6466.241,6477.362,6463.151,6466.241,62148,1,203927
6465.623,6481.686,6465.005,6478.597,43965,1,138707
6478.597,6484.158,6472.419,6484.158,27860,1,92821
6475.508,6489.718,6426.081,6433.495,280004,1,792446
6433.495,6452.03,6417.432,6439.674,207505,1,625878
6440.292,6460.68,6422.374,6454.502,173070,1,541872
6455.12,6513.814,6453.884,6498.368,155185,1,540737
6498.986,6510.107,6489.1,6508.871,78173,1,275575
6509.489,6516.903,6497.75,6499.604,75563,1,236456
6498.986,6530.495,6489.718,6519.992,103164,1,338269
6519.992,6523.699,6507.635,6515.667,52765,1,159150
6515.667,6520.61,6505.782,6516.903,29480,1,95880
6494.661,6499.604,6453.266,6455.12,260055,1,706892
6455.737,6473.037,6441.527,6461.298,229192,1,690085
6461.298,6483.54,6454.502,6468.094,199292,1,622068
6468.094,6498.986,6459.444,6479.215,127970,1,420735
6479.833,6487.865,6455.12,6460.062,92340,1,279649
6460.68,6463.151,6436.585,6438.438,94090,1,305917
6438.438,6441.527,6424.228,6431.024,83568,1,282439
6431.642,6435.967,6416.196,6419.903,60123,1,210705
6419.903,6422.374,6400.132,6409.4,37499,1,134127
6451.692,6490.92,6441.272,6485.403,243956,1,687633
6485.403,6514.211,6481.113,6492.758,200092,1,641558
6492.145,6495.21,6454.757,6465.176,170520,1,541301
6465.176,6476.209,6448.627,6451.079,100009,1,342220
6451.079,6468.241,6416.755,6420.433,117579,1,382059
6420.433,6428.401,6412.465,6421.659,68741,1,215866
6422.271,6465.789,6417.368,6460.886,89307,1,299913
6460.273,6472.532,6454.757,6466.402,76566,1,256791
6466.402,6500.726,6465.789,6495.21,42950,1,161962
6527.695,6559.568,6521.566,6546.083,223530,1,638518
6546.696,6584.085,6545.47,6578.568,223313,1,643879
6578.568,6595.117,6568.149,6579.181,189118,1,599692
6579.181,6587.762,6550.374,6558.342,124042,1,381620
6558.342,6571.826,6550.987,6566.31,75498,1,230821
6566.31,6567.536,6531.986,6543.018,87657,1,289645
6543.631,6560.181,6536.889,6555.277,78856,1,254648
6555.89,6581.633,6554.051,6573.665,69066,1,230787
6574.278,6593.279,6573.052,6586.536,31003,1,107491
6549.148,6589.601,6547.922,6569.374,173512,1,455938
6569.987,6571.826,6557.116,6565.697,133455,1,350070
6565.697,6588.988,6532.599,6541.793,164710,1,464736
6541.793,6545.47,6535.05,6544.857,52756,1,153376
6544.857,6551.6,6541.18,6549.148,40101,1,119660
6549.761,6568.762,6546.696,6564.471,60376,1,177242
6564.471,6577.955,6563.245,6575.504,44812,1,138297
6574.891,6581.02,6573.052,6577.955,25146,1,71695
6577.343,6587.149,6570.6,6585.311,30174,1,101743
6613.505,6645.378,6605.537,6631.28,268917,1,785886
6631.28,6672.959,6630.054,6663.153,226143,1,674090
6663.153,6667.443,6645.378,6659.475,169842,1,475287
6660.088,6667.443,6652.733,6656.41,82853,1,263803
6655.797,6672.347,6650.281,6668.056,77311,1,231122
6668.056,6671.734,6653.346,6664.378,77598,1,246038
6664.378,6672.347,6655.185,6666.83,70281,1,229704
6666.83,6668.056,6648.442,6653.959,61127,1,195297
6653.959,6664.991,6649.668,6653.959,39605,1,140260
6671.121,6691.347,6658.249,6671.734,240794,1,656146
6671.734,6690.734,6657.636,6678.476,229785,1,614577
6678.476,6709.735,6674.185,6709.122,217354,1,615779
6708.509,6742.22,6702.38,6734.865,147679,1,453421
6734.865,6741.608,6717.09,6719.542,68274,1,214487
6719.542,6720.768,6703.606,6706.671,86826,1,279069
6707.283,6725.058,6680.928,6688.283,171622,1,501574
6688.283,6696.864,6680.315,6693.799,53399,1,165521
6694.412,6704.832,6689.509,6697.477,27275,1,92543
6672.347,6682.153,6652.733,6672.347,225341,1,594944
6672.347,6679.089,6598.795,6599.408,271229,1,804452
6600.021,6619.022,6580.407,6583.472,172510,1,545002
6582.859,6609.215,6577.955,6605.537,99224,1,315472
6605.537,6607.989,6587.149,6590.827,62372,1,193344
6590.827,6595.117,6583.472,6591.44,46648,1,161079
6591.44,6607.376,6590.827,6598.795,58377,1,185392
6598.182,6601.247,6590.827,6595.117,35925,1,102541
6595.117,6605.537,6588.988,6589.601,29589,1,111884
6609.828,6623.312,6579.794,6597.569,306658,1,813011
6598.182,6598.182,6539.954,6571.826,279173,1,815165
6571.213,6578.568,6514.211,6520.953,194523,1,563431
6520.953,6538.728,6515.437,6534.437,88258,1,280562
6534.437,6555.277,6530.76,6549.148,69590,1,240795
6548.535,6550.987,6529.534,6535.05,66253,1,210437
6534.437,6536.276,6501.339,6504.404,76188,1,262628
6504.404,6508.082,6489.081,6498.888,62566,1,232081
6498.275,6500.726,6476.822,6481.726,31888,1,128885
6549.761,6600.634,6533.212,6583.472,256728,1,702969
6583.472,6611.054,6582.246,6592.053,204574,1,587784
6592.053,6607.989,6580.407,6600.021,164743,1,508747
6600.021,6604.924,6586.536,6587.149,73471,1,252597
6587.149,6603.086,6585.924,6598.795,56483,1,181130
6598.795,6606.15,6592.053,6601.247,46089,1,162693
6601.86,6625.151,6600.021,6623.925,97336,1,312994
6623.925,6627.603,6615.344,6622.699,59355,1,204360
6622.086,6641.087,6615.957,6630.667,44791,1,167947
6630.667,6663.153,6619.635,6645.378,292139,1,789167
6645.991,6691.347,6639.861,6677.25,224863,1,629985
6677.863,6685.218,6664.378,6683.379,146653,1,458050
6683.379,6690.734,6668.669,6679.702,114108,1,356399
6679.089,6682.153,6663.153,6674.798,71852,1,224545
6675.411,6689.509,6671.121,6678.476,61287,1,176545
6678.476,6699.928,6677.25,6696.864,66625,1,205768
6697.477,6707.896,6695.638,6702.993,60245,1,206507
6702.993,6707.896,6700.541,6700.541,28326,1,112316
6677.25,6733.027,6663.153,6710.348,337293,1,908064
6710.348,6714.639,6646.604,6668.669,293435,1,808355
6668.056,6687.057,6619.022,6624.538,244634,1,729548
6625.151,6633.732,6609.215,6628.216,110861,1,336038
6628.216,6628.216,6613.505,6624.538,60110,1,182060
6625.151,6625.764,6606.763,6621.473,70840,1,207872
6622.086,6653.959,6621.473,6632.506,122804,1,363734
6632.506,6663.766,6630.667,6657.023,69638,1,214086
6656.41,6668.669,6642.313,6642.926,36776,1,123627
6742.22,6747.737,6697.477,6714.639,241540,1,646752
6714.639,6760.608,6704.832,6745.285,289495,1,849738
6745.898,6755.705,6693.186,6705.445,211997,1,659435
6704.832,6712.8,6667.443,6681.54,186004,1,568768
6680.928,6714.026,6678.476,6699.315,89521,1,256874
6698.702,6702.993,6678.476,6687.057,80442,1,234280
6687.67,6698.09,6668.669,6695.025,84849,1,257628
6694.412,6702.993,6684.605,6689.509,49614,1,153142
6689.509,6692.573,6673.572,6675.411,30720,1,98725
6658.862,6693.186,6652.12,6657.636,260847,1,699664
6657.023,6706.671,6645.991,6701.154,256934,1,694368
6701.767,6702.38,6618.409,6625.764,243731,1,722170
6625.151,6631.893,6615.957,6627.603,78975,1,247989
6627.603,6650.894,6626.377,6648.442,50519,1,170549
6648.442,6661.314,6640.474,6648.442,74553,1,245636
6647.829,6656.41,6638.635,6641.087,51824,1,159327
6641.7,6658.249,6640.474,6652.733,41979,1,141659
6652.733,6659.475,6645.378,6658.249,21989,1,84274
6613.505,6626.377,6601.247,6615.957,230838,1,612831
6615.957,6634.958,6595.73,6601.86,230315,1,643542
6601.86,6610.441,6585.311,6589.601,159810,1,450757
6589.601,6617.796,6587.149,6612.279,114387,1,326305
6612.279,6615.957,6603.086,6612.279,52977,1,161874
6612.892,6654.572,6609.215,6653.346,101189,1,335221
6653.959,6669.282,6644.765,6666.217,99598,1,334101
6666.83,6678.476,6660.088,6674.185,60309,1,204379
6674.185,6691.96,6669.895,6690.121,40213,1,163030
6653.959,6679.089,6629.441,6632.506,250991,1,740983
6632.506,6645.991,6607.989,6622.699,252472,1,736748
6622.086,6642.926,6609.828,6632.506,188226,1,540091
6632.506,6653.959,6621.473,6631.893,119554,1,350645
6631.893,6639.861,6598.795,6606.763,100193,1,310855
6606.763,6626.377,6600.021,6625.764,68780,1,222072
6625.764,6648.442,6614.731,6644.765,86061,1,290503
6644.765,6666.83,6644.765,6663.153,63296,1,208777
6663.153,6671.121,6647.829,6656.41,33433,1,114162
6679.089,6701.767,6662.54,6663.766,280572,1,800763
6663.766,6669.282,6625.151,6661.927,280576,1,773044
6662.54,6683.379,6647.829,6678.476,217032,1,630041
6679.089,6693.186,6671.734,6680.928,105380,1,354444
6680.928,6707.283,6669.282,6699.315,105329,1,366063
6699.315,6723.22,6699.315,6716.477,123677,1,412271
6716.477,6717.703,6693.186,6712.187,90352,1,297547
6712.187,6715.865,6702.38,6710.348,52165,1,162647
6709.735,6726.897,6708.509,6725.058,33917,1,130646
6714.026,6733.027,6671.734,6690.121,325874,1,908039
6690.121,6740.382,6680.315,6717.09,310712,1,896309
6717.703,6751.414,6715.252,6739.769,170619,1,539280
6739.156,6763.673,6729.962,6753.866,143499,1,453265
6754.479,6766.125,6742.833,6761.221,92257,1,298847
6761.221,6775.319,6756.318,6764.286,81562,1,262747
6764.286,6771.028,6752.027,6757.544,73355,1,261477
6757.544,6762.447,6742.22,6753.253,61053,1,204929
6753.253,6759.382,6745.898,6754.479,32975,1,119414
6734.865,6742.22,6696.864,6708.509,215590,1,621578
6708.509,6714.639,6677.25,6693.799,237963,1,715486
6693.186,6700.541,6675.411,6688.283,161757,1,484784
6688.283,6709.735,6684.605,6703.606,92108,1,291062
6704.219,6708.509,6689.509,6707.283,71922,1,231661
6706.671,6748.963,6702.993,6740.382,110882,1,395260
6740.382,6756.931,6739.769,6756.931,66169,1,220421
6756.931,6760.608,6750.801,6751.414,45692,1,169929
6751.414,6755.705,6748.35,6753.253,24184,1,95313
6719.542,6726.284,6683.992,6685.218,179261,1,544700
6685.831,6685.831,6633.119,6636.797,246594,1,777748
6636.797,6652.733,6626.99,6645.378,175201,1,621150
6645.378,6652.733,6629.441,6630.054,91151,1,337649
6630.667,6638.635,6625.764,6630.054,68001,1,240594
6630.054,6631.893,6615.957,6622.086,74136,1,264600
6622.086,6623.925,6587.762,6590.827,121983,1,438612
6591.44,6602.473,6590.827,6594.505,52455,1,179077
6593.892,6598.182,6575.504,6576.117,55336,1,219749
6607.376,6618.409,6568.762,6579.794,311259,1,860672
6579.794,6615.957,6547.309,6554.051,307123,1,916337
6553.438,6590.827,6549.148,6568.149,220179,1,668928
6568.762,6588.988,6565.084,6588.988,103556,1,308667
6588.988,6598.795,6573.665,6579.181,94926,1,284257
6579.794,6590.214,6571.213,6571.826,79763,1,249291
6571.826,6591.44,6555.277,6573.052,114220,1,364937
6573.665,6576.73,6563.858,6566.923,51741,1,169637
6566.923,6568.762,6552.825,6568.149,32456,1,116513
6549.148,6563.245,6528.308,6533.212,241466,1,640010
6533.212,6537.502,6512.372,6515.437,239850,1,700124
6515.437,6532.599,6501.952,6513.598,191991,1,606163
6513.598,6516.05,6492.758,6498.275,112342,1,389317
6498.275,6512.372,6493.371,6508.082,72758,1,233614
6508.082,6511.146,6490.92,6502.565,67603,1,209892
6502.565,6515.437,6444.95,6450.466,256931,1,734522
6450.466,6459.66,6429.627,6438.208,105052,1,356886
6438.208,6446.176,6424.723,6432.691,42959,1,148177
6454.757,6467.628,6373.237,6389.786,315115,1,907458
6389.786,6397.754,6347.494,6385.496,272261,1,889869
6385.496,6422.271,6375.076,6396.528,212241,1,673074
6397.141,6408.787,6384.883,6397.141,106626,1,344414
6396.528,6398.367,6370.172,6382.431,72467,1,236421
6383.044,6387.334,6369.56,6375.689,72363,1,234061
6375.689,6383.044,6339.526,6340.752,95403,1,341485
6340.139,6343.817,6327.267,6329.719,72591,1,263088
6330.332,6362.204,6326.655,6357.914,43068,1,162739
6322.117,6343.959,6301.488,6323.937,303116,1,830389
6323.937,6384.003,6323.33,6360.948,267250,1,771276
6360.948,6377.936,6338.499,6367.622,178788,1,603720
6368.228,6372.475,6332.431,6346.386,120096,1,390403
6346.993,6367.015,6341.532,6354.88,76763,1,244684
6355.487,6373.082,6348.206,6359.734,68515,1,216058
6359.127,6367.622,6330.611,6333.038,73577,1,235420
6333.038,6347.599,6330.611,6334.858,51195,1,170314
6334.858,6339.105,6328.791,6335.465,29686,1,105018
6314.836,6334.858,6280.253,6334.251,280053,1,818593
6334.251,6360.948,6329.398,6334.858,239217,1,681538
6334.858,6358.521,6286.927,6288.747,243621,1,716313
6288.14,6308.769,6287.533,6308.769,95827,1,295136
6308.162,6339.105,6304.522,6336.072,97073,1,307265
6336.678,6369.442,6333.645,6356.094,110721,1,354999
6356.7,6363.374,6342.139,6348.813,84351,1,256470
6348.206,6351.847,6337.892,6339.712,49036,1,148540
6339.105,6351.847,6336.072,6351.847,26013,1,85618
6367.622,6393.711,6359.734,6367.622,307024,1,819845
6367.622,6410.093,6351.24,6404.025,334539,1,986624
6404.025,6422.834,6395.531,6407.666,224183,1,703480
6407.666,6419.194,6396.745,6417.373,110744,1,358858
6417.373,6418.587,6398.565,6410.093,75064,1,237950
6410.093,6450.137,6408.879,6444.069,124454,1,438567
6443.463,6461.665,6442.856,6453.17,113923,1,399038
6453.777,6459.238,6444.676,6457.417,58974,1,215195
6458.024,6467.125,6455.597,6459.238,34585,1,134936
6422.834,6450.137,6415.553,6439.216,232975,1,650554
6439.216,6470.159,6435.575,6452.564,236181,1,684867
6451.957,6502.315,6451.957,6483.507,232460,1,748560
6483.507,6493.821,6445.283,6447.103,131452,1,432415
6446.496,6451.957,6431.328,6433.755,102085,1,326050
6433.755,6444.676,6428.901,6433.148,61477,1,193124
6433.148,6469.552,6430.721,6465.912,84780,1,275437
6466.518,6470.765,6451.35,6455.597,53360,1,174862
6454.991,6470.765,6451.35,6464.698,30690,1,109739
6464.698,6475.619,6425.868,6439.822,256246,1,709101
6439.822,6445.89,6399.171,6408.879,244300,1,714250
6408.879,6431.328,6408.272,6420.407,164895,1,484182
6421.014,6422.227,6377.329,6379.149,144930,1,470916
6379.756,6383.397,6362.161,6377.329,95012,1,332734
6377.936,6378.543,6358.521,6375.509,84972,1,277813
6374.902,6391.284,6359.127,6373.689,103896,1,353963
6373.689,6389.464,6373.082,6386.43,44565,1,152507
6386.43,6388.857,6370.048,6371.869,40818,1,137964
6387.037,6450.743,6362.768,6430.721,362454,1,1036080
6430.721,6437.395,6378.543,6382.79,312284,1,900318
6382.79,6407.059,6337.892,6339.105,239116,1,772840
6339.105,6379.756,6338.499,6356.094,132260,1,430041
6356.094,6360.948,6329.398,6334.858,104014,1,348382
6334.858,6345.779,6330.611,6343.352,64874,1,203924
6343.959,6350.026,6315.443,6323.937,105354,1,348746
6323.33,6326.364,6313.623,6316.656,45303,1,145497
6316.656,6318.476,6302.702,6312.409,28985,1,104816
6286.927,6292.994,6250.523,6259.624,237585,1,636071
6259.624,6268.118,6235.961,6252.343,205985,1,583275
6251.736,6282.679,6247.489,6265.691,199294,1,591359
6265.084,6280.253,6255.377,6273.579,121425,1,365978
6273.579,6274.185,6249.916,6257.804,82669,1,254609
6257.804,6259.624,6240.208,6246.276,97732,1,314201
6246.276,6256.59,6241.422,6248.703,77300,1,232708
6248.703,6253.556,6240.815,6248.096,53023,1,172072
6248.703,6249.309,6239.602,6248.096,31637,1,109078
6254.77,6265.691,6224.433,6233.534,291523,1,801227
6232.928,6246.882,6220.186,6245.062,224691,1,640271
6245.669,6288.747,6245.669,6266.905,200381,1,625470
6266.298,6281.466,6260.231,6265.691,102357,1,317536
6265.691,6273.579,6257.804,6260.837,73023,1,227496
6260.837,6282.073,6259.017,6272.365,76685,1,254540
6272.972,6291.78,6266.298,6285.713,85887,1,285436
6285.713,6287.533,6262.051,6263.871,59054,1,202711
6263.871,6266.298,6257.197,6259.017,27216,1,108539
6246.276,6284.5,6146.772,6179.536,340834,1,1075059
6179.536,6197.131,6159.513,6184.389,233292,1,710438
6184.389,6185.603,6147.379,6163.154,204199,1,727401
6163.761,6180.142,6159.513,6171.648,97496,1,360881
6172.255,6177.109,6164.367,6175.895,49609,1,164605
6175.895,6184.389,6163.154,6182.569,67232,1,231942
6183.176,6223.22,6181.962,6214.119,121789,1,434873
6213.512,6220.793,6206.838,6206.838,57534,1,192799
6207.445,6221.4,6203.805,6219.58,29671,1,111943
6200.771,6212.906,6176.502,6185.603,296621,1,836589
6185.603,6217.759,6182.569,6192.277,249813,1,749077
6192.277,6274.185,6191.063,6272.972,246462,1,836944
6272.972,6296.634,6268.118,6275.399,149761,1,563411
6274.792,6282.073,6262.657,6276.005,70320,1,230680
6276.005,6291.174,6272.972,6286.927,88761,1,311294
6286.32,6310.589,6283.893,6302.095,89776,1,312512
6302.095,6307.555,6294.207,6296.634,52840,1,205590
6296.028,6302.095,6291.174,6295.421,29155,1,112160
6288.747,6300.881,6250.523,6250.523,219793,1,652291
6251.13,6254.77,6223.827,6233.534,182273,1,594380
6234.141,6251.736,6211.085,6212.906,209162,1,699621
6212.906,6222.007,6201.378,6207.445,93530,1,346216
6207.445,6217.153,6189.85,6197.131,77686,1,287968
6196.524,6201.985,6189.243,6191.063,63077,1,237749
6190.457,6192.884,6178.929,6184.996,67782,1,266757
6184.389,6193.49,6179.536,6189.85,47094,1,183774
6189.85,6198.344,6184.389,6188.03,31037,1,123520
6235.355,6268.725,6228.074,6229.894,258889,1,773146
6229.287,6243.242,6218.366,6223.827,212397,1,607768
6224.433,6237.175,6203.198,6208.659,157330,1,464686
6208.659,6213.512,6196.524,6197.131,85550,1,275414
6197.737,6207.445,6188.636,6202.591,78595,1,265654
6201.985,6228.681,6196.524,6217.759,90991,1,298375
6217.759,6234.748,6211.085,6218.366,83610,1,265523
6218.973,6221.4,6205.625,6208.659,46534,1,158533
6209.265,6217.759,6201.378,6215.333,27611,1,98908
6241.422,6262.657,6231.108,6242.029,249615,1,710499
6242.029,6260.231,6234.748,6247.489,212363,1,677779
6247.489,6280.253,6245.062,6276.612,193655,1,598857
6276.612,6278.432,6265.084,6270.545,70344,1,229506
6269.938,6281.466,6261.444,6279.646,65232,1,213591
6279.039,6283.286,6249.916,6251.13,87307,1,315035
6251.13,6274.792,6250.523,6271.152,81716,1,292842
6271.758,6277.826,6264.478,6266.298,44102,1,151088
6265.691,6280.859,6263.264,6276.612,23008,1,81039
6309.982,6353.06,6306.342,6331.825,251202,1,798984
6332.431,6346.993,6303.915,6310.589,232412,1,753166
6310.589,6315.443,6289.353,6299.668,174611,1,556849
6299.668,6305.128,6283.893,6303.308,91893,1,316228
6303.308,6315.443,6297.241,6307.555,69807,1,256292
6307.555,6320.903,6298.454,6309.376,74070,1,233876
6308.769,6311.802,6271.152,6300.275,165511,1,551774
6300.275,6305.128,6291.174,6294.814,51215,1,157110
6294.814,6302.095,6285.713,6296.028,26997,1,91520
6291.174,6292.994,6246.276,6276.005,221753,1,672629
6276.612,6332.431,6268.118,6322.117,235037,1,768002
6321.51,6332.431,6299.668,6302.095,133251,1,465949
6302.095,6321.51,6294.207,6318.476,86091,1,290639
6319.083,6338.499,6317.87,6337.285,79950,1,271865
6337.892,6341.532,6320.903,6322.117,83384,1,298726
6322.724,6329.398,6314.836,6316.05,61748,1,213606
6316.656,6316.656,6296.634,6297.848,54124,1,207865
6298.454,6302.095,6289.353,6292.994,24929,1,110284
6333.038,6348.206,6292.994,6300.275,246716,1,773995
6300.881,6342.746,6296.028,6330.004,216798,1,685088
6330.004,6354.88,6306.342,6340.925,182495,1,609451
6340.925,6352.453,6326.364,6328.791,93673,1,325470
6329.398,6331.218,6309.376,6317.263,67629,1,233008
6317.263,6322.724,6296.634,6300.275,69217,1,228220
6300.275,6318.476,6289.353,6317.263,73162,1,279941
6317.87,6318.476,6289.96,6291.78,57622,1,217760
6291.78,6297.848,6290.567,6294.207,26369,1,109144
6308.162,6321.51,6293.601,6294.207,209324,1,616121
6293.601,6322.117,6282.679,6307.555,233776,1,667714
6307.555,6333.645,6296.028,6311.802,178369,1,549220
6311.802,6314.229,6286.927,6288.747,107999,1,355932
6288.14,6290.567,6268.118,6273.579,98182,1,321786
6273.579,6288.14,6268.118,6283.893,70037,1,223486
6283.893,6285.713,6269.938,6271.152,65268,1,215430
6271.758,6289.353,6268.725,6284.5,54166,1,188846
6284.5,6297.241,6274.185,6276.612,38137,1,132824
6242.635,6268.725,6239.602,6262.051,206523,1,607875
6262.051,6268.118,6203.198,6209.265,267790,1,859165
6209.872,6209.872,6180.749,6194.097,172312,1,580474
6194.097,6194.097,6168.614,6182.569,97373,1,355889
6182.569,6188.636,6177.109,6186.21,38355,1,144250
6186.816,6205.625,6180.142,6205.018,78695,1,269833
6205.018,6217.153,6198.344,6209.872,78022,1,273299
6209.872,6210.479,6197.131,6201.985,49477,1,171190
6201.378,6222.007,6200.164,6209.872,40719,1,157292
6215.333,6222.613,6179.536,6215.333,263607,1,803054
6214.726,6229.894,6205.625,6223.827,210622,1,638529
6223.22,6223.827,6184.996,6206.838,211291,1,693691
6206.838,6209.872,6186.816,6195.31,98659,1,341199
6194.704,6218.973,6187.423,6213.512,76504,1,262134
6213.512,6226.254,6209.872,6218.973,66693,1,214502
6218.366,6224.433,6210.479,6214.726,63369,1,213368
6214.726,6217.759,6205.018,6212.299,42419,1,142616
6212.299,6217.759,6206.838,6217.153,27487,1,102019
6189.85,6244.456,6182.569,6234.748,223679,1,690662
6234.141,6251.736,6218.366,6220.793,211328,1,683043
6220.793,6232.321,6188.636,6200.771,196139,1,658354
6200.771,6235.355,6200.771,6219.58,124939,1,454386
6220.186,6233.534,6217.153,6223.22,69556,1,227105
6223.827,6226.254,6203.805,6214.119,88338,1,286185
6213.512,6231.714,6211.692,6225.04,70913,1,230960
6225.04,6234.141,6209.265,6211.692,47935,1,157951
6211.692,6218.366,6205.625,6211.692,30565,1,103338
6210.479,6218.366,6172.255,6172.862,248353,1,713332
6172.255,6192.884,6157.087,6191.67,224176,1,693401
6191.063,6209.872,6147.986,6172.255,339506,1,1096962
6171.648,6216.546,6161.94,6174.682,143536,1,518165
6174.075,6189.85,6174.075,6178.322,68642,1,240596
6178.929,6203.198,6175.895,6186.21,62416,1,219490
6185.603,6186.816,6141.312,6157.087,95623,1,361238
6157.693,6172.255,6155.266,6169.828,55324,1,209585
6170.435,6170.435,6148.592,6152.839,30184,1,110455
6171.648,6183.783,6130.997,6140.098,228279,1,744601
6140.098,6168.008,6131.604,6148.592,245410,1,825940
6147.986,6150.413,6120.076,6126.75,188658,1,668402
6126.75,6129.784,6104.301,6107.335,116268,1,420734
6107.335,6107.942,6092.167,6101.874,69745,1,264040
6101.874,6110.368,6084.279,6090.953,90278,1,336485
6090.953,6103.694,6085.493,6094.593,81307,1,290195
6095.2,6112.795,6092.167,6112.189,59775,1,232584
6112.189,6113.402,6101.874,6106.121,33668,1,137310
6088.526,6128.57,6081.852,6112.189,240806,1,771646
6112.795,6152.839,6100.661,6147.986,232415,1,761087
6147.986,6164.367,6141.312,6144.952,169217,1,589910
6145.559,6164.974,6143.132,6162.547,112312,1,396606
6163.154,6185.603,6160.12,6180.142,93531,1,352136
6180.142,6216.546,6178.322,6208.052,123959,1,506838
6207.445,6213.512,6192.884,6200.771,87394,1,333939
6200.771,6208.659,6193.49,6206.838,55279,1,198891
6206.838,6222.613,6201.985,6220.793,33589,1,138299
6228.624,6287.055,6227.419,6258.743,245187,1,754324
6258.743,6311.15,6256.936,6285.248,248220,1,838607
6284.646,6315.367,6269.586,6291.874,207273,1,742490
6291.874,6305.729,6281.031,6299.103,134032,1,535742
6299.103,6308.138,6274.405,6302.115,92861,1,357378
6302.717,6318.379,6294.284,6305.127,78948,1,293345
6305.127,6328.619,6300.91,6320.788,81212,1,304264
6320.186,6326.812,6309.343,6315.969,67752,1,243628
6315.367,6321.391,6292.477,6297.898,42264,1,148103
6318.981,6340.065,6285.248,6306.934,298333,1,868936
6306.331,6309.946,6247.298,6281.031,254142,1,836693
6281.031,6344.281,6280.429,6329.222,241515,1,857061
6329.222,6352.715,6314.765,6342.474,132068,1,475706
6341.872,6353.919,6327.415,6353.317,82168,1,283376
6353.919,6380.424,6352.112,6373.798,121508,1,437705
6373.798,6376.81,6338.257,6353.919,113245,1,371047
6353.919,6360.546,6344.884,6356.931,60912,1,217473
6357.534,6364.16,6342.474,6363.558,41966,1,152045
6338.257,6352.112,6276.212,6299.103,330567,1,944469
6299.705,6324.403,6281.634,6320.186,237945,1,677939
6320.186,6324.403,6280.429,6282.838,194848,1,645146
6282.838,6296.693,6273.803,6276.212,102078,1,363002
6276.815,6314.765,6267.176,6313.56,122563,1,409308
6314.162,6321.993,6293.681,6305.729,108714,1,343350
6305.127,6305.729,6257.538,6270.791,99923,1,328617
6270.791,6297.296,6265.972,6291.272,66002,1,220499
6290.669,6292.477,6263.562,6270.791,34065,1,125229
6286.453,6296.091,6266.574,6284.646,196748,1,516867
6284.646,6293.079,6261.153,6270.188,194121,1,540206
6270.791,6284.043,6262.96,6273.2,121594,1,361978
6273.2,6279.224,6255.731,6264.767,87142,1,287832
6264.767,6270.188,6256.334,6260.55,51819,1,157063
6259.948,6262.357,6247.9,6256.936,56620,1,181713
6257.538,6258.743,6251.515,6256.334,27250,1,87573
6256.334,6258.141,6248.503,6250.912,23522,1,76843
6250.912,6255.129,6248.503,6253.924,19132,1,68007
6267.176,6307.536,6261.755,6303.922,263402,1,723357
6303.922,6347.293,6297.296,6338.257,218057,1,638635
6338.86,6355.727,6328.619,6339.462,194852,1,646221
6338.86,6354.522,6326.812,6341.269,118979,1,407074
6341.872,6349.703,6337.655,6348.498,57997,1,177237
6349.1,6365.967,6347.896,6361.148,94390,1,336613
6360.546,6361.75,6340.667,6350.908,82923,1,281863
6351.51,6359.341,6347.293,6351.51,48189,1,162936
6352.112,6369.581,6350.305,6364.762,27698,1,110526
6315.367,6328.619,6277.417,6323.8,332322,1,888352
6323.8,6346.088,6290.669,6310.548,322666,1,957248
6310.548,6331.029,6297.296,6329.824,186032,1,560006
6329.824,6337.655,6313.56,6331.029,103668,1,344690
6330.427,6345.486,6323.198,6331.631,90820,1,296082
6332.234,6349.703,6320.186,6332.836,110598,1,358088
6332.836,6333.438,6305.127,6311.15,103197,1,355142
6311.15,6320.186,6303.319,6309.343,60154,1,218079
6309.343,6323.198,6305.127,6322.596,29501,1,120112
6279.224,6296.693,6273.2,6281.031,197337,1,538060
6280.429,6304.524,6262.357,6264.767,256520,1,733801
6264.165,6273.803,6230.431,6238.865,186164,1,581821
6238.865,6251.515,6237.057,6244.888,74487,1,244835
6245.491,6254.526,6235.25,6246.696,67396,1,209852
6246.093,6253.322,6243.684,6250.31,45998,1,155623
6250.31,6255.731,6239.467,6246.696,49658,1,160562
6246.696,6247.9,6232.841,6235.25,39638,1,142578
6234.648,6240.672,6234.046,6237.057,21866,1,76369
6196.095,6221.395,6191.276,6219.588,180709,1,560411
6218.986,6223.203,6194.288,6202.119,235639,1,725690
6202.722,6217.179,6199.107,6205.131,117838,1,381821
6205.131,6210.553,6184.048,6190.072,91570,1,315867
6190.072,6200.915,6187.662,6190.072,71135,1,227670
6189.469,6193.686,6172.0,6172.0,84853,1,277761
6172.0,6178.024,6156.941,6159.953,100500,1,365034
6160.555,6178.626,6156.941,6173.807,57326,1,194046
6173.205,6174.41,6159.953,6168.386,30995,1,114619
6157.543,6300.91,6147.905,6294.886,365262,1,1127142
6294.886,6305.127,6248.503,6260.55,284901,1,924039
6260.55,6273.2,6231.034,6251.515,225380,1,794964
6251.515,6281.031,6241.876,6278.019,119706,1,421940
6278.019,6282.838,6256.334,6259.346,79688,1,278495
6258.743,6273.803,6249.105,6267.176,88769,1,304810
6267.176,6289.465,6260.55,6279.826,84492,1,307084
6280.429,6288.26,6276.212,6281.634,48414,1,177601
6281.634,6288.862,6271.393,6281.031,25840,1,96649
6279.826,6283.441,6232.841,6247.9,272945,1,747233
6247.9,6291.272,6246.093,6273.803,247003,1,736891
6274.405,6279.826,6247.9,6260.55,174252,1,549592
6259.948,6267.779,6244.286,6265.972,99039,1,314645
6265.972,6274.405,6258.743,6268.381,68952,1,240948
6268.984,6273.2,6261.755,6264.165,46742,1,184155
6264.767,6280.429,6258.743,6267.779,68823,1,254030
6268.381,6274.405,6261.755,6264.165,45102,1,175368
6264.767,6267.779,6246.093,6249.707,23746,1,91317
6264.165,6301.512,6262.96,6293.079,238546,1,676806
6292.477,6314.765,6282.838,6300.307,226200,1,674764
6300.91,6329.824,6293.681,6326.21,151255,1,494112
6325.607,6336.45,6321.993,6332.836,86013,1,298552
6332.836,6341.872,6325.005,6328.619,66271,1,250791
6328.619,6341.269,6320.186,6338.86,68180,1,259283
6338.86,6343.679,6326.21,6340.667,65425,1,254317
6340.065,6344.884,6334.041,6337.053,49070,1,179605
6337.655,6350.908,6335.848,6344.884,27716,1,115581
6349.1,6390.665,6345.486,6388.255,179891,1,545272
6387.653,6420.181,6384.038,6418.977,190052,1,621970
6419.579,6419.579,6359.943,6374.4,231977,1,830795
6375.003,6404.519,6368.377,6392.472,122008,1,451430
6393.074,6408.736,6390.665,6393.074,71341,1,241181
6393.677,6399.7,6380.424,6385.243,56703,1,187748
6385.243,6389.46,6355.124,6357.534,78992,1,285248
6357.534,6362.955,6349.703,6359.341,60491,1,205776
6358.738,6359.943,6345.486,6351.51,21495,1,93124
6399.7,6408.134,6374.4,6381.629,180102,1,531114
6381.027,6398.496,6366.569,6373.798,210555,1,592908
6373.798,6379.219,6306.331,6309.343,221822,1,728973
6309.343,6309.946,6255.731,6256.936,162395,1,604302
6256.334,6266.574,6217.781,6228.624,120218,1,482742
6228.624,6249.707,6214.167,6248.503,92950,1,360696
6247.9,6258.743,6244.286,6249.707,63624,1,240822
6249.707,6250.31,6235.25,6243.081,59144,1,205080
6243.081,6250.912,6232.841,6250.31,36809,1,145441
6294.886,6309.343,6274.405,6299.705,261230,1,764772
6299.705,6299.705,6246.093,6267.779,288676,1,900895
6267.779,6275.61,6234.046,6241.274,177927,1,595893
6241.274,6247.298,6214.769,6223.203,125216,1,456185
6223.203,6246.093,6209.95,6230.431,104007,1,346517
6230.431,6247.9,6229.226,6234.046,85478,1,293459
6233.443,6235.25,6211.155,6215.372,103907,1,340260
6215.372,6237.057,6211.757,6225.01,67920,1,222539
6225.01,6227.419,6210.553,6212.962,33840,1,132642
6209.95,6229.226,6181.638,6226.817,256932,1,755837
6227.419,6244.286,6188.867,6243.081,245902,1,762032
6243.081,6258.743,6232.238,6256.334,158608,1,549552
6256.334,6261.153,6248.503,6255.731,81525,1,311141
6256.334,6263.562,6252.719,6258.743,48528,1,188972
6259.346,6265.972,6234.648,6247.298,82252,1,290222
6248.503,6271.996,6184.65,6200.312,421314,1,1204346
6200.312,6249.707,6190.674,6246.093,156510,1,483296
6246.093,6252.719,6235.853,6243.081,38159,1,140779
6193.084,6226.817,6183.445,6216.576,269362,1,776298
6215.974,6255.731,6209.95,6249.105,218822,1,731922
6249.105,6258.141,6238.262,6255.731,149679,1,541497
6255.129,6259.948,6238.865,6245.491,103789,1,395158
6244.888,6250.31,6219.588,6228.624,96751,1,333455
6228.022,6232.238,6190.674,6197.903,104892,1,351355
6197.903,6204.529,6179.831,6183.445,94378,1,329576
6184.048,6184.048,6163.567,6173.807,79828,1,301482
6173.807,6176.819,6163.567,6176.217,25238,1,98621
6239.467,6287.657,6237.057,6282.838,213551,1,688321
6282.838,6306.331,6256.334,6304.524,244055,1,762256
6305.127,6321.391,6302.115,6320.186,156109,1,576823
6320.186,6325.005,6311.15,6319.584,81208,1,319162
6319.584,6338.86,6311.753,6317.777,97702,1,372632
6318.379,6330.427,6310.548,6323.198,78277,1,246115
6323.8,6352.715,6320.186,6349.1,95463,1,301961
6349.1,6350.305,6332.234,6333.438,66916,1,217240
6333.438,6356.329,6332.836,6347.896,41152,1,146534
6385.243,6444.879,6385.243,6421.989,294764,1,923843
6421.386,6442.469,6403.917,6435.241,269834,1,815838
6435.241,6463.553,6421.386,6462.348,189940,1,627499
6462.348,6505.72,6458.734,6503.912,162516,1,620050
6503.912,6532.224,6495.479,6509.936,128180,1,507375
6509.936,6534.634,6509.334,6521.381,102520,1,379041
6521.381,6521.984,6491.865,6503.912,142516,1,523292
6503.912,6505.117,6473.191,6488.25,114016,1,398963
6488.853,6512.948,6486.443,6502.105,49699,1,169019
6503.912,6505.117,6503.912,6505.117,5,1,25
6449.096,6449.698,6387.05,6411.146,265363,1,818314
6411.146,6471.384,6400.905,6459.939,303367,1,940564
6459.336,6490.66,6447.289,6451.505,216280,1,710326
6451.505,6472.589,6445.481,6464.155,126296,1,438615
6464.155,6485.239,6462.95,6471.384,101275,1,335196
6471.986,6496.081,6464.155,6467.167,116185,1,372472
6467.167,6485.841,6455.722,6462.95,94605,1,300201
6462.348,6493.672,6462.348,6484.034,72214,1,223518
6484.636,6494.274,6481.624,6487.648,28134,1,96376
6522.586,6537.646,6467.167,6481.624,310664,1,939531
6481.624,6483.431,6434.036,6454.517,294782,1,928137
6453.915,6469.577,6437.048,6464.155,185282,1,626049
6464.155,6498.491,6448.493,6465.36,164232,1,575777
6464.758,6465.36,6428.012,6433.434,126084,1,432973
6433.434,6438.253,6415.965,6426.808,104077,1,344787
6427.41,6467.769,6421.989,6440.662,116678,1,414630
6440.662,6448.493,6434.639,6446.686,57715,1,188363
6446.686,6480.42,6446.084,6480.42,38305,1,175917
6496.081,6535.236,6488.853,6505.117,282419,1,819680
6504.515,6517.165,6476.203,6505.117,256831,1,805531
6505.117,6544.272,6500.9,6511.743,218860,1,740447
6511.141,6517.165,6486.443,6500.9,134851,1,433171
6500.9,6508.129,6487.046,6505.72,82770,1,280698
6505.117,6511.743,6490.66,6503.31,77362,1,271299
6503.31,6523.189,6495.479,6509.334,83660,1,275348
6508.731,6516.562,6491.865,6500.298,61487,1,197344
6500.9,6514.755,6500.298,6505.117,27555,1,99667
6493.753,6521.864,6477.604,6496.145,205330,1,587908
6496.145,6530.238,6488.37,6502.725,200602,1,595994
6502.725,6526.649,6496.744,6514.089,153200,1,489061
6514.089,6521.864,6490.164,6506.911,110387,1,409760
6506.313,6538.014,6506.313,6516.481,74768,1,251121
6516.481,6525.453,6420.185,6451.885,167118,1,611001
6452.483,6477.604,6446.502,6460.857,105163,1,343529
6460.857,6502.725,6456.67,6497.342,76911,1,277644
6497.342,6526.051,6488.968,6515.883,45422,1,154122
6340.037,6396.858,6319.701,6339.439,255376,1,836295
6339.439,6340.635,6280.823,6293.384,254646,1,798223
6292.786,6292.786,6241.348,6243.142,207212,1,676684
6243.74,6247.329,6216.227,6240.75,147786,1,531920
6240.75,6241.946,6206.657,6215.031,111711,1,377754
6215.031,6230.582,6212.04,6228.189,85543,1,276326
6228.787,6232.974,6209.049,6225.199,91890,1,300554
6224.6,6245.535,6224.002,6234.768,71127,1,241792
6234.768,6237.759,6212.638,6226.395,44768,1,158542
6196.489,6196.489,6153.425,6182.732,278441,1,864047
6182.732,6228.189,6176.153,6222.208,235505,1,728659
6221.61,6225.199,6183.928,6189.91,241862,1,825984
6190.508,6219.217,6179.742,6201.872,122131,1,399057
6202.47,6226.993,6187.517,6225.797,99996,1,334560
6225.797,6285.01,6221.61,6241.946,155313,1,524008
6241.348,6254.506,6207.853,6212.04,111635,1,371842
6212.04,6238.955,6207.255,6219.217,88014,1,295941
6219.217,6239.553,6215.629,6229.385,28047,1,97216
6278.431,6290.991,6235.965,6265.272,252825,1,698874
6264.674,6280.225,6239.553,6250.918,230658,1,661555
6252.114,6308.935,6251.516,6298.169,229076,1,685653
6298.169,6299.963,6265.272,6281.422,107123,1,336996
6281.422,6283.216,6254.506,6266.469,99045,1,313766
6266.469,6275.44,6239.553,6261.086,108275,1,339292
6261.086,6262.88,6210.246,6221.012,114887,1,374608
6220.414,6244.338,6216.227,6242.544,59074,1,193653
6243.142,6261.684,6231.778,6249.123,46386,1,175855
6250.918,6265.87,6222.806,6235.965,244964,1,665823
6235.965,6271.254,6225.797,6253.31,286902,1,817519
6253.908,6275.44,6227.591,6235.965,218945,1,687734
6235.965,6261.684,6235.367,6258.693,119232,1,387495
6259.291,6270.655,6243.142,6244.338,92724,1,287019
6244.338,6266.469,6243.142,6248.525,82972,1,276893
6247.927,6261.684,6240.151,6257.497,88705,1,296569
6256.899,6264.076,6250.918,6262.88,51208,1,184039
6262.88,6290.393,6259.291,6279.029,34467,1,130773
6261.684,6312.524,6256.301,6283.814,285360,1,763526
6283.216,6304.15,6261.086,6268.263,264780,1,748921
6267.665,6283.216,6242.544,6265.87,182513,1,552954
6265.272,6285.01,6260.487,6268.263,100784,1,307891
6268.861,6282.02,6246.133,6255.702,73625,1,243075
6256.301,6264.674,6247.329,6257.497,66461,1,220394
6256.899,6272.45,6249.721,6262.282,65167,1,218858
6262.282,6280.225,6259.889,6266.469,51231,1,170938
6266.469,6267.665,6249.721,6252.114,30565,1,109190
6238.357,6256.899,6205.461,6218.021,224322,1,657010
6217.423,6248.525,6214.432,6237.161,206860,1,581028
6237.759,6265.272,6219.217,6258.693,176235,1,537721
6258.693,6270.057,6239.553,6243.74,99333,1,301997
6243.74,6262.88,6242.544,6256.301,63945,1,194377
6256.301,6265.87,6234.768,6237.759,89319,1,274787
6237.759,6242.544,6228.189,6228.787,84263,1,270675
6228.787,6239.553,6222.806,6238.357,56631,1,166263
6238.357,6243.142,6231.18,6231.778,28729,1,98610
6226.395,6265.272,6222.806,6253.908,213530,1,609473
6253.31,6262.282,6238.357,6258.693,206630,1,587202
6258.693,6281.422,6257.497,6267.067,172209,1,531145
6267.067,6277.833,6250.319,6260.487,113765,1,369707
6259.889,6269.459,6240.75,6252.114,84545,1,275200
6252.712,6266.469,6249.721,6261.684,77652,1,238922
6261.684,6346.018,6259.889,6334.654,147234,1,533075
6335.252,6343.028,6325.682,6333.458,85236,1,310552
6332.86,6372.933,6331.065,6359.177,63896,1,249825
6316.112,6463.249,6287.403,6418.39,332107,1,995488
6418.39,6436.932,6358.579,6368.148,284257,1,845157
6368.747,6403.437,6340.635,6362.167,207899,1,665791
6362.167,6371.139,6313.72,6340.037,203670,1,614121
6340.037,6344.822,6308.337,6316.112,109064,1,328074
6316.112,6316.71,6280.823,6284.412,105539,1,319208
6284.412,6316.71,6281.422,6313.72,77754,1,258355
6314.318,6344.822,6313.72,6331.065,76989,1,252234
6331.663,6340.037,6316.112,6317.309,37409,1,126669
6336.448,6357.382,6304.748,6315.514,306415,1,874513
6315.514,6360.373,6291.589,6350.803,281164,1,859476
6350.803,6377.718,6343.626,6350.205,209988,1,660657
6350.205,6375.924,6346.018,6361.569,105903,1,329986
6361.569,6381.905,6352.597,6373.531,88461,1,279580
6373.531,6389.083,6368.747,6384.298,74698,1,231590
6383.699,6401.045,6383.699,6393.867,71136,1,223959
6393.269,6403.437,6383.101,6389.681,56893,1,199305
6390.279,6399.849,6386.092,6388.484,24345,1,83450
6328.075,6360.373,6323.888,6337.644,192671,1,559129
6338.243,6340.635,6303.552,6335.252,226821,1,687436
6335.252,6347.812,6319.103,6324.486,190504,1,583618
6325.084,6325.682,6304.15,6313.122,103857,1,314858
6313.122,6329.869,6311.925,6328.075,59457,1,183185
6328.673,6347.812,6328.075,6347.214,77192,1,241857
6347.812,6356.784,6341.831,6345.42,65797,1,207023
6345.42,6363.363,6344.822,6360.373,59201,1,201007
6359.775,6362.765,6328.075,6339.439,40289,1,129461
6323.888,6334.056,6296.973,6313.122,209949,1,623936
6313.122,6332.261,6285.01,6308.935,231842,1,700835
6309.533,6344.822,6304.748,6314.318,191464,1,629729
6314.318,6354.392,6310.729,6345.42,131688,1,433111
6345.42,6354.392,6322.093,6328.075,94115,1,284948
6328.075,6344.224,6314.318,6320.897,102859,1,326852
6320.897,6329.271,6304.15,6311.327,96629,1,318256
6311.327,6318.505,6294.58,6301.159,74443,1,231818
6301.159,6302.356,6276.038,6283.216,41643,1,145135
6328.075,6353.794,6319.103,6328.673,224364,1,627463
6328.673,6343.626,6315.514,6331.663,224053,1,667688
6332.261,6337.046,6300.561,6329.271,181598,1,590035
6329.869,6343.626,6325.682,6333.458,109597,1,363927
6334.056,6349.009,6331.663,6339.439,82085,1,271775
6338.841,6349.607,6328.673,6333.458,80887,1,251836
6333.458,6335.85,6317.309,6329.271,81479,1,277592
6329.271,6331.065,6315.514,6323.888,56160,1,206824
6323.888,6335.252,6318.505,6318.505,31454,1,108562
6293.384,6302.954,6247.329,6302.356,311859,1,923832
6302.356,6302.356,6264.076,6273.048,203293,1,602010
6273.646,6274.842,6225.199,6238.357,187440,1,636042
6238.357,6249.123,6232.974,6241.348,88231,1,318082
6240.75,6255.702,6238.955,6241.946,71802,1,231097
6242.544,6259.291,6238.357,6241.348,81158,1,272283
6240.75,6264.076,6239.553,6254.506,86225,1,312640
6253.908,6264.674,6250.918,6255.104,46904,1,156785
6255.104,6258.095,6246.133,6253.31,32129,1,118221
6276.637,6323.29,6266.469,6298.169,239656,1,717345
6298.767,6298.767,6221.61,6224.002,400615,1,1186921
6224.002,6256.301,6197.087,6213.834,249519,1,817018
6213.834,6247.329,6200.078,6202.47,170358,1,509666
6202.47,6213.834,6184.527,6204.863,129541,1,406152
6205.461,6209.049,6194.096,6207.255,68659,1,221708
6207.255,6218.021,6183.33,6186.919,80918,1,259799
6186.919,6189.91,6160.004,6170.172,85924,1,314732
6169.574,6191.704,6164.789,6188.713,45958,1,190325
6231.778,6289.795,6229.385,6284.412,309617,1,899375
6285.01,6338.243,6279.627,6326.878,266051,1,799974
6326.28,6351.401,6320.897,6330.467,190394,1,602255
6329.869,6336.448,6302.356,6320.897,143154,1,493431
6320.897,6344.822,6316.112,6339.439,94781,1,311628
6340.037,6349.607,6322.692,6323.888,82231,1,267937
6323.888,6329.869,6305.944,6326.28,110508,1,386978
6325.682,6350.803,6319.701,6349.009,74540,1,249409
6349.009,6359.775,6347.812,6349.009,39293,1,152989
6338.243,6406.428,6334.056,6401.643,292546,1,836432
6402.241,6414.802,6349.009,6349.607,301421,1,911712
6350.205,6368.747,6343.028,6360.971,193602,1,625526
6361.569,6362.765,6323.29,6333.458,138437,1,447137
6334.056,6353.794,6317.309,6344.822,102306,1,327057
6345.42,6363.363,6335.252,6359.775,108183,1,338507
6359.177,6372.933,6352.597,6368.148,83428,1,286833
6368.148,6376.522,6361.569,6370.541,57535,1,194821
6369.943,6373.531,6356.784,6365.756,41270,1,139440
6336.448,6385.494,6320.897,6372.335,282675,1,793594
6372.933,6387.288,6351.999,6383.699,228454,1,653397
6383.699,6390.279,6359.177,6377.718,199006,1,594143
6377.12,6379.513,6360.373,6372.933,100941,1,338867
6372.335,6409.418,6362.765,6405.83,97957,1,313946
6405.83,6411.213,6391.475,6392.671,87255,1,292709
6392.671,6429.754,6392.073,6420.783,112465,1,393744
6420.185,6441.717,6419.586,6440.521,64488,1,226411
6440.521,6448.894,6430.951,6446.502,42519,1,161160
6451.885,6454.875,6373.531,6377.12,348041,1,922947
6377.12,6388.484,6359.775,6359.775,241129,1,705455
6360.373,6361.569,6317.907,6334.654,197360,1,653855
6335.252,6349.607,6324.486,6325.682,114504,1,362960
6325.084,6344.822,6319.701,6340.037,71478,1,220222
6340.037,6343.028,6321.495,6340.037,82676,1,252862
6340.037,6361.569,6338.243,6356.784,59156,1,199960
6356.784,6359.775,6273.646,6346.018,144778,1,491226
6346.616,6417.194,6345.42,6386.69,115220,1,327134
6402.839,6440.521,6375.924,6395.064,314030,1,806363
6394.466,6420.783,6381.307,6387.288,202715,1,575331
6387.288,6404.035,6371.139,6386.092,160929,1,486628
6385.494,6414.802,6372.335,6407.624,91417,1,304582
6407.026,6415.4,6381.307,6386.092,83610,1,264745
6385.494,6388.484,6359.177,6382.503,72550,1,249747
6383.101,6389.083,6354.99,6356.186,62849,1,211908
6355.588,6365.756,6341.831,6343.626,64992,1,227358
6343.626,6349.009,6317.907,6341.831,51266,1,174378
6470.43,6481.147,6367.432,6403.154,340033,1,948272
6403.154,6410.894,6296.584,6307.3,244751,1,728318
6307.3,6307.895,6237.642,6257.885,217691,1,712688
6257.289,6303.728,6256.099,6288.248,122011,1,395323
6288.248,6295.988,6272.174,6276.341,89170,1,293274
6276.341,6277.532,6176.915,6192.99,172821,1,596031
6193.585,6210.851,6174.534,6189.418,119572,1,409440
6188.822,6210.851,6186.441,6188.822,83402,1,277048
6189.418,6209.66,6188.227,6208.469,45086,1,149610
6167.389,6237.642,6154.291,6174.534,300376,1,839569
6174.534,6212.042,6168.58,6200.73,258975,1,705776
6200.134,6226.33,6139.407,6163.817,287003,1,845324
6164.412,6166.199,6119.165,6121.546,172145,1,522652
6120.951,6167.985,6094.755,6151.314,172170,1,526935
6150.719,6159.65,6108.448,6112.02,120791,1,362129
6112.02,6129.286,6098.922,6108.448,106640,1,320610
6108.448,6154.291,6090.587,6131.667,139816,1,426501
6131.667,6182.273,6120.951,6156.077,71203,1,222487
6215.614,6256.099,6136.43,6148.338,379263,1,1095812
6147.742,6203.111,6142.979,6196.562,257972,1,701343
6195.967,6202.516,6133.453,6142.384,222208,1,646017
6141.789,6148.933,6090.587,6109.043,166516,1,534366
6109.043,6127.5,6104.281,6114.997,98350,1,320594
6114.997,6137.026,6107.257,6134.644,78180,1,235871
6134.049,6137.621,6104.281,6125.714,93343,1,302519
6125.714,6137.026,6117.974,6132.858,44711,1,151094
6132.858,6138.812,6122.142,6122.737,35661,1,106043
6060.819,6126.309,6036.409,6042.363,374012,1,989791
6042.363,6050.102,6016.762,6041.767,237140,1,712712
6041.172,6045.935,6014.38,6020.334,192036,1,590009
6020.334,6046.53,6010.808,6037.6,107954,1,344275
6038.195,6044.744,6028.074,6032.837,68680,1,206103
6032.837,6035.814,6020.334,6029.265,59321,1,174984
6028.669,6043.553,6006.045,6016.166,83103,1,278365
6016.166,6047.721,6015.571,6047.125,68899,1,253124
6047.125,6081.061,6045.339,6054.27,63105,1,219485
6056.651,6112.616,6045.935,6078.68,250602,1,632348
6078.68,6085.229,6038.195,6040.576,225794,1,605624
6040.576,6116.188,6037.004,6109.639,235448,1,686836
6109.043,6133.453,6088.206,6119.165,152622,1,460886
6119.76,6137.026,6116.188,6126.904,74935,1,243348
6126.904,6131.667,6114.402,6120.951,76261,1,238417
6120.951,6131.072,6115.592,6120.951,59038,1,172564
6120.951,6190.609,6117.379,6187.632,104135,1,353818
6187.036,6188.227,6171.557,6173.938,47166,1,153460
6173.938,6186.441,6165.008,6173.343,10349,1,33884
6191.799,6275.15,6188.227,6231.093,311595,1,873789
6231.093,6242.405,6180.487,6200.134,227735,1,654912
6200.134,6206.683,6167.985,6179.892,185989,1,521872
6179.892,6182.273,6148.933,6156.077,154593,1,460110
6155.482,6162.031,6134.644,6148.338,99533,1,331055
6148.933,6179.892,6145.956,6163.817,85293,1,278908
6164.412,6187.036,6141.789,6158.459,129574,1,399805
6159.054,6184.06,6147.147,6156.673,101978,1,318107
6156.077,6164.412,6144.17,6154.291,53368,1,175194
6154.887,6160.84,6141.193,6157.863,11103,1,35315
6184.06,6212.637,6163.222,6163.817,263733,1,655323
6164.412,6194.181,6163.817,6176.32,184035,1,495447
6176.32,6202.516,6156.673,6189.418,191102,1,562278
6190.013,6190.609,6140.002,6169.175,173178,1,537279
6169.175,6173.938,6139.407,6156.077,96530,1,280933
6155.482,6169.771,6148.933,6156.673,90768,1,278455
6156.077,6186.441,6154.291,6175.129,100437,1,308667
6174.534,6198.944,6173.938,6194.776,63325,1,191911
6195.371,6214.423,6169.771,6212.042,74329,1,228540
6212.042,6215.614,6196.562,6196.562,12122,1,45422
6268.601,6388.865,6266.22,6326.947,379902,1,1078465
6326.947,6374.576,6281.104,6328.733,335536,1,942992
6329.924,6407.321,6309.682,6357.311,286205,1,920136
6357.906,6393.033,6345.999,6363.86,146054,1,460586
6364.455,6397.2,6358.502,6369.218,115906,1,366418
6369.813,6398.986,6360.288,6384.698,94329,1,299855
6384.698,6432.327,6363.264,6426.373,119768,1,409282
6426.373,6472.216,6423.396,6449.592,129522,1,428068
6450.188,6453.165,6402.559,6430.541,87805,1,281241
6430.541,6431.136,6372.79,6393.628,20817,1,81957
6382.316,6461.5,6357.906,6422.801,291016,1,759853
6423.396,6428.159,6302.537,6316.231,345221,1,992265
6316.231,6365.051,6311.468,6349.571,172376,1,480925
6348.976,6359.692,6273.96,6300.156,174155,1,517866
6300.156,6365.646,6293.607,6362.669,132320,1,399769
6363.264,6412.084,6359.692,6410.298,111930,1,320733
6410.298,6412.084,6363.86,6382.316,114317,1,318787
6382.316,6388.865,6364.455,6369.813,62427,1,176071
6369.813,6393.033,6359.692,6367.432,54275,1,147525
6367.432,6404.94,6362.074,6389.461,10592,1,34028
6381.721,6399.582,6285.867,6308.491,296114,1,755479
6308.491,6337.664,6306.705,6318.612,194671,1,521959
6318.612,6395.414,6298.965,6371.004,245559,1,672135
6371.6,6381.125,6348.976,6356.715,142529,1,424827
6356.12,6382.912,6352.548,6356.715,106707,1,313804
6357.311,6365.051,6337.664,6347.785,94096,1,262814
6347.785,6363.264,6343.022,6361.478,72001,1,221121
6361.478,6374.576,6299.56,6336.473,136243,1,421880
6335.878,6366.837,6321.589,6363.86,66353,1,181357
6365.051,6381.721,6359.692,6379.339,12181,1,37400
6382.316,6423.396,6353.739,6357.906,321890,1,799165
6357.906,6388.865,6335.282,6343.022,281314,1,748403
6343.022,6375.767,6316.231,6366.837,240673,1,739581
6366.837,6402.559,6353.143,6380.53,196020,1,586178
6380.53,6405.535,6376.363,6396.605,114451,1,347564
6396.605,6402.559,6366.241,6398.391,113925,1,343812
6397.796,6448.997,6397.2,6438.28,146215,1,442971
6437.685,6443.043,6417.443,6429.35,85116,1,254727
6429.35,6446.02,6423.992,6441.853,50792,1,138700
6441.853,6462.095,6438.876,6459.714,13375,1,46378
6566.284,6606.174,6506.748,6509.724,364457,1,1038341
6510.32,6556.163,6508.534,6543.66,229847,1,639809
6544.256,6553.781,6491.268,6514.487,180738,1,506853
6515.083,6534.73,6491.863,6526.395,124280,1,368856
6526.395,6547.232,6516.869,6521.036,106010,1,311754
6520.441,6534.73,6504.366,6518.059,105487,1,331870
6518.059,6520.441,6484.719,6510.32,102369,1,300706
6510.915,6516.273,6451.974,6456.141,113272,1,346863
6456.737,6467.453,6434.113,6457.332,99508,1,306121
6457.332,6483.528,6448.997,6479.956,16594,1,59843
6431.136,6443.043,6363.86,6366.837,281557,1,739777
6366.837,6410.894,6362.074,6389.461,187879,1,518296
6389.461,6441.257,6372.79,6408.512,241343,1,706497
6408.512,6423.396,6371.004,6372.195,158949,1,493512
6372.79,6431.731,6367.432,6419.229,108728,1,369133
6419.229,6426.373,6371.6,6374.576,127938,1,418413
6374.576,6424.587,6374.576,6422.801,114276,1,338390
6422.801,6423.992,6398.986,6417.443,67447,1,193659
6417.443,6423.992,6403.749,6420.42,44973,1,129899
6420.42,6429.35,6413.871,6415.657,13247,1,35958
6427.564,6428.755,6332.901,6344.808,276895,1,758694
6344.808,6351.953,6322.78,6344.808,185452,1,517790
6344.808,6378.149,6342.427,6366.241,185931,1,527298
6365.646,6406.131,6357.311,6387.079,136218,1,423275
6387.674,6394.819,6356.715,6364.455,112249,1,371186
6364.455,6371.004,6347.19,6365.646,95777,1,287196
6365.051,6365.051,6323.97,6337.068,106379,1,326897
6337.068,6345.404,6328.733,6338.854,56476,1,167344
6339.45,6342.427,6329.924,6335.878,39552,1,122815
6335.878,6350.166,6334.092,6349.571,10942,1,52795
6335.878,6342.427,6299.56,6335.282,254126,1,644475
6335.282,6373.386,6323.375,6351.357,237038,1,688412
6350.762,6402.559,6323.375,6372.79,221905,1,672164
6372.195,6384.102,6358.502,6378.744,122812,1,390257
6378.744,6394.819,6373.386,6388.27,81130,1,248363
6388.27,6394.223,6371.004,6391.842,79762,1,237576
6392.437,6399.582,6373.386,6392.437,73115,1,220768
6393.033,6440.067,6392.437,6414.466,121376,1,391997
6414.466,6417.443,6384.102,6397.2,57786,1,184662
6397.2,6400.177,6388.27,6388.27,7589,1,25177
6373.386,6428.755,6372.79,6418.633,201412,1,511956
6419.229,6453.76,6409.703,6437.09,204776,1,598407
6437.685,6446.616,6415.657,6420.42,151227,1,450398
6420.42,6432.922,6396.605,6421.61,128237,1,380652
6422.206,6444.83,6415.061,6429.35,103174,1,322135
6429.945,6439.471,6409.703,6419.229,88017,1,267240
6419.824,6438.876,6418.038,6434.113,62080,1,194964
6434.708,6442.448,6382.316,6403.749,135825,1,412423
6403.154,6415.657,6378.149,6378.744,51776,1,173657
6378.149,6409.108,6378.149,6400.177,12915,1,46026
6339.45,6359.692,6320.994,6345.404,219494,1,571353
6345.999,6362.669,6335.878,6338.854,128907,1,345488
6338.259,6344.808,6319.207,6331.115,138433,1,413441
6331.115,6343.022,6319.207,6332.901,85985,1,280925
6333.496,6354.929,6324.566,6349.571,54933,1,172928
6349.571,6368.027,6340.641,6345.999,62139,1,191730
6345.404,6347.785,6323.375,6328.733,48111,1,136912
6328.138,6337.068,6326.352,6330.519,14906,1,45530
6330.519,6335.282,6326.352,6334.092,10553,1,31451
6334.092,6346.594,6326.352,6337.664,7323,1,30361
6338.854,6363.264,6322.78,6343.022,189243,1,503752
6342.427,6394.223,6339.45,6390.056,190401,1,556586
6389.461,6389.461,6369.813,6385.293,115101,1,366613
6384.698,6403.154,6382.912,6387.674,80560,1,253984
6387.079,6426.373,6372.195,6418.633,111612,1,384899
6418.633,6454.355,6409.108,6419.824,147749,1,539745
6420.42,6465.667,6414.466,6451.974,88139,1,296505
6451.379,6456.141,6438.876,6444.83,35678,1,112481
6444.83,6449.592,6423.396,6434.113,31999,1,103028
6434.113,6465.667,6433.518,6446.616,9999,1,32327
6462.095,6472.216,6404.345,6406.131,219187,1,620206
6406.726,6425.182,6392.437,6404.345,175431,1,506972
6404.94,6432.922,6393.628,6422.206,152758,1,468101
6422.206,6426.373,6398.986,6401.368,81943,1,256605
6400.772,6407.321,6392.437,6397.2,47633,1,143617
6397.2,6411.489,6372.195,6382.316,84004,1,248984
6382.912,6397.796,6373.386,6393.033,64085,1,200052
6393.033,6394.223,6386.484,6390.651,28265,1,93444
6390.651,6406.131,6387.079,6391.842,39080,1,142972
6391.842,6402.559,6391.247,6391.247,10688,1,39714
6346.594,6354.334,6304.323,6327.543,225212,1,632802
6328.138,6340.045,6314.445,6331.71,145067,1,433450
6331.71,6343.617,6304.323,6307.895,140926,1,450643
6306.705,6319.207,6303.728,6312.063,88613,1,299157
6312.063,6323.97,6287.058,6305.514,118287,1,409816
6305.514,6318.612,6295.393,6303.728,77998,1,256256
6303.728,6305.514,6287.653,6291.225,67516,1,216707
6290.63,6305.514,6288.844,6297.179,42027,1,131314
6297.179,6304.919,6288.248,6293.607,43541,1,144117
6293.607,6293.607,6275.746,6275.746,12768,1,41951
6262.145,6312.408,6239.675,6305.312,208234,1,582912
6305.903,6325.417,6298.216,6318.913,157363,1,491295
6318.913,6320.095,6276.928,6280.476,145793,1,466853
6280.476,6289.346,6248.545,6259.189,140792,1,542010
6258.597,6264.511,6244.405,6251.501,74700,1,290184
6252.093,6264.511,6246.179,6246.179,76952,1,268284
6246.179,6250.319,6185.273,6202.421,177636,1,605162
6203.013,6204.195,6179.951,6185.864,81486,1,268059
6186.456,6188.821,6163.985,6174.629,63640,1,228549
6174.629,6176.994,6155.707,6167.533,16338,1,69471
6175.812,6205.969,6161.62,6199.465,179689,1,469989
6199.465,6204.787,6174.629,6193.551,204190,1,553778
6193.551,6197.691,6142.697,6153.933,183155,1,552880
6153.933,6199.465,6148.019,6170.49,154137,1,487092
6170.49,6175.812,6158.663,6171.081,90177,1,277495
6171.672,6190.003,6155.115,6181.134,99774,1,326421
6181.725,6185.864,6163.985,6176.403,85256,1,276172
6176.403,6197.099,6174.629,6184.09,60711,1,193616
6184.682,6187.638,6174.629,6177.586,27712,1,94098
6178.177,6178.177,6167.533,6171.672,8612,1,36601
6166.35,6176.994,6141.515,6162.211,163534,1,443107
6161.62,6229.031,6158.663,6178.177,262286,1,738832
6178.177,6183.499,6152.75,6174.038,187081,1,555800
6174.629,6233.762,6164.576,6223.709,153421,1,507230
6224.3,6229.031,6191.777,6199.465,82695,1,260232
6199.465,6203.604,6187.638,6201.239,49106,1,151602
6201.239,6213.657,6191.777,6211.883,41129,1,125083
6211.883,6214.839,6198.873,6200.056,29792,1,84692
6200.647,6209.517,6200.056,6208.335,20108,1,55180
6208.335,6211.883,6204.195,6205.378,6750,1,27002
6190.595,6240.266,6184.682,6236.127,200979,1,524712
6236.718,6244.997,6212.474,6227.257,169942,1,479810
6226.666,6239.084,6210.109,6236.718,146681,1,436183
6237.31,6258.597,6233.762,6247.362,137166,1,409463
6247.953,6261.554,6244.997,6256.232,67571,1,209498
6256.823,6262.145,6242.04,6257.415,63301,1,192538
6257.415,6275.746,6255.049,6275.746,46152,1,139536
6275.746,6289.346,6272.789,6281.659,43803,1,138982
6282.25,6285.798,6273.972,6281.068,34654,1,102986
6281.068,6291.712,6278.111,6282.25,9777,1,39433
6269.241,6269.833,6214.839,6216.613,190752,1,567237
6217.204,6258.597,6204.195,6243.814,218062,1,726657
6243.223,6250.319,6214.248,6223.709,155674,1,490266
6223.709,6232.579,6214.839,6220.161,89812,1,304869
6220.161,6230.805,6210.7,6229.622,64305,1,229377
6229.622,6249.727,6221.935,6246.179,72125,1,240962
6246.771,6265.102,6243.814,6248.545,90254,1,287946
6249.136,6268.059,6242.632,6264.511,60446,1,205242
6265.102,6265.102,6218.387,6225.483,50123,1,182113
6224.892,6237.31,6217.204,6237.31,11249,1,43648
6257.415,6271.606,6205.969,6208.335,234654,1,653861
6208.335,6220.752,6199.465,6210.7,173663,1,523517
6210.7,6212.474,6191.186,6193.551,142197,1,447563
6192.96,6222.526,6192.96,6195.917,120750,1,387589
6195.917,6214.839,6194.143,6202.421,73900,1,250383
6203.013,6203.013,6175.812,6186.456,88230,1,295573
6185.864,6187.047,6159.254,6182.908,96295,1,366140
6182.908,6198.282,6179.36,6185.864,56162,1,187331
6185.864,6200.647,6182.316,6197.691,36970,1,128197
6197.099,6198.282,6182.316,6185.273,11786,1,41562
6214.248,6240.858,6198.282,6214.839,197459,1,501873
6214.839,6216.022,6181.134,6191.186,168518,1,481558
6191.186,6200.056,6174.629,6176.403,116976,1,337679
6176.403,6201.83,6172.264,6191.186,94409,1,302263
6191.186,6206.561,6175.22,6179.36,80479,1,258043
6179.36,6200.056,6168.716,6192.96,93484,1,324214
6192.96,6203.604,6184.09,6192.96,59948,1,186760
6192.96,6204.195,6181.725,6197.691,54322,1,173950
6197.691,6207.152,6192.96,6199.465,36532,1,120333
6199.465,6234.353,6192.96,6217.204,14845,1,70420
6213.657,6238.492,6198.873,6221.344,180745,1,484551
6221.344,6276.337,6216.022,6270.424,216884,1,641081
6271.015,6272.198,6210.7,6213.657,137608,1,437379
6213.657,6216.022,6197.099,6208.926,71657,1,234455
6208.926,6221.935,6203.604,6221.344,43871,1,142348
6220.752,6246.771,6219.57,6239.675,49448,1,170258
6239.675,6244.405,6225.483,6235.536,49402,1,149671
6235.536,6237.31,6220.752,6231.396,37527,1,129118
6230.805,6236.127,6224.3,6233.17,25785,1,98094
6233.17,6235.536,6219.57,6220.752,7948,1,30923
6223.709,6254.458,6213.657,6244.405,180766,1,472411
6243.814,6301.173,6239.084,6300.581,171595,1,548003
6300.581,6343.157,6289.938,6324.235,162928,1,589910
6323.643,6353.801,6316.547,6349.662,109175,1,394898
6349.662,6353.21,6323.643,6333.696,78268,1,280228
6333.696,6334.878,6317.139,6323.643,72918,1,260226
6323.643,6330.148,6313.591,6317.139,67008,1,221784
6316.547,6323.643,6306.495,6307.677,48033,1,160905
6307.677,6310.634,6280.476,6284.616,58650,1,198010
6284.616,6326.6,6284.024,6326.009,21838,1,81605
6317.139,6327.191,6272.789,6278.702,221431,1,570014
6278.702,6291.712,6223.118,6260.963,243785,1,659385
6260.963,6286.39,6241.449,6264.511,185084,1,564418
6264.511,6265.102,6226.666,6257.415,141573,1,439610
6258.006,6273.972,6244.997,6255.641,97344,1,317430
6255.641,6284.616,6246.179,6263.328,101902,1,303578
6263.328,6294.668,6256.823,6290.529,78339,1,233929
6291.12,6334.287,6271.015,6303.538,143068,1,474458
6303.538,6311.817,6293.486,6297.625,44244,1,131410
6297.625,6301.173,6285.798,6291.712,11201,1,36114
6308.86,6375.089,6308.86,6333.696,228446,1,619522
6333.696,6351.436,6317.139,6336.061,177391,1,501452
6336.061,6353.801,6322.461,6340.2,149955,1,469263
6339.609,6350.844,6304.129,6315.956,121441,1,385885
6315.956,6328.965,6280.476,6291.12,110405,1,352754
6291.12,6326.009,6281.659,6321.869,106148,1,341852
6321.869,6322.461,6284.024,6294.668,106367,1,328033
6295.26,6335.47,6285.798,6299.99,171567,1,429010
6299.399,6301.764,6258.006,6277.52,97112,1,292517
6278.111,6281.068,6263.328,6276.337,12469,1,34616
6324.235,6324.826,6270.424,6273.972,210964,1,517680
6273.972,6315.956,6271.606,6308.86,207215,1,573629
6308.86,6334.287,6298.807,6304.721,176953,1,503673
6305.312,6345.522,6304.721,6324.826,119458,1,365420
6325.417,6339.609,6317.139,6321.869,79957,1,265200
6322.461,6329.556,6266.285,6300.581,151795,1,505376
6300.581,6310.043,6292.894,6304.129,66536,1,199882
6303.538,6318.321,6301.173,6307.086,56192,1,164204
6306.495,6311.817,6295.851,6305.903,44646,1,144971
6305.903,6309.451,6291.712,6304.129,10552,1,39381
6305.903,6324.235,6279.885,6281.659,182223,1,491522
6281.659,6288.164,6266.876,6268.65,131157,1,396414
6268.65,6274.563,6252.684,6261.554,170010,1,538820
6260.963,6274.563,6255.049,6263.919,82503,1,264957
6263.919,6263.919,6242.04,6253.867,83057,1,287736
6253.867,6272.198,6250.319,6265.693,62861,1,208065
6266.285,6286.981,6265.102,6285.207,62834,1,213807
6284.616,6292.303,6275.154,6277.52,46729,1,156975
6276.928,6295.26,6273.38,6294.077,38878,1,127755
6294.668,6313.591,6289.346,6306.495,14971,1,53879
6327.191,6330.739,6291.712,6298.216,168040,1,450898
6298.216,6316.547,6291.712,6312.408,134821,1,404483
6312.408,6321.869,6300.581,6302.947,118643,1,348196
6302.947,6314.182,6279.885,6286.39,118630,1,379572
6286.39,6298.807,6283.433,6297.034,63521,1,208493
6297.034,6311.817,6292.303,6307.086,62423,1,222055
6307.086,6309.451,6270.424,6288.755,95632,1,321274
6288.755,6302.355,6279.885,6293.486,50609,1,155152
6293.486,6296.442,6270.424,6281.068,48572,1,177245
6281.068,6282.25,6272.789,6281.659,8587,1,30161
6277.52,6308.86,6269.833,6305.903,147302,1,401896
6305.312,6310.043,6235.536,6237.31,212342,1,694978
6237.31,6242.04,6161.028,6177.586,224389,1,839341
6177.586,6184.682,6136.784,6148.611,122860,1,438207
6148.611,6163.985,6132.053,6162.211,100966,1,376487
6162.802,6197.691,6156.889,6183.499,97792,1,344777
6184.09,6185.273,6158.072,6172.264,79883,1,256646
6172.264,6175.812,6159.846,6166.35,48370,1,173693
6166.35,6177.586,6163.985,6165.759,36380,1,119079
6165.759,6171.081,6158.663,6161.028,11293,1,41384
6160.437,6177.586,6143.88,6157.481,189093,1,531519
6157.481,6159.254,6110.174,6158.072,214951,1,712166
6158.072,6182.908,6156.298,6163.985,163969,1,541771
6163.985,6175.22,6148.611,6159.254,96668,1,306147
6159.254,6170.49,6145.654,6154.524,72517,1,235885
6154.524,6154.524,6128.506,6136.193,89545,1,323030
6136.193,6164.576,6132.645,6158.072,77942,1,275227
6158.072,6163.985,6153.341,6162.211,35220,1,116217
6161.62,6171.081,6153.933,6160.437,35691,1,113615
6161.028,6163.394,6153.933,6155.707,8525,1,28039
6167.533,6178.768,6145.654,6153.933,146703,1,389767
6153.933,6187.047,6143.88,6166.942,174663,1,506385
6166.35,6172.264,6108.992,6131.462,182862,1,570770
6131.462,6136.784,6116.088,6130.871,82537,1,266493
6131.462,6133.236,6109.583,6117.862,69932,1,227953
6117.862,6137.375,6116.679,6132.053,58056,1,201605
6132.053,6147.428,6129.097,6146.245,66131,1,230645
6145.654,6145.654,6128.506,6139.149,69321,1,260640
6139.741,6140.923,6123.775,6124.958,33313,1,110554
6124.958,6130.871,6113.722,6116.679,11182,1,37658
6123.775,6129.688,6080.017,6098.939,174742,1,475361
6098.939,6128.506,6093.026,6111.357,159519,1,423563
6110.766,6111.357,6089.478,6093.617,104645,1,298251
6093.026,6094.209,6056.364,6069.373,110166,1,373981
6069.373,6081.199,6061.686,6080.608,49730,1,160565
6080.608,6100.713,6079.425,6097.165,53829,1,176623
6097.757,6119.636,6097.165,6111.357,64900,1,216788
6110.766,6120.227,6098.939,6111.948,39926,1,130640
6111.948,6112.54,6104.261,6108.4,20800,1,63598
6108.4,6120.227,6090.661,6104.261,9864,1,34115
6104.261,6143.88,6097.165,6129.097,97272,1,230430
6128.506,6145.063,6122.592,6133.236,76635,1,177725
6133.236,6147.428,6130.871,6139.149,55679,1,147071
6139.149,6150.976,6135.01,6143.88,33166,1,81723
6144.471,6156.298,6142.697,6155.707,27694,1,71180
6155.707,6169.307,6154.524,6160.437,42833,1,104175
6160.437,6163.985,6152.75,6155.115,34216,1,80346
6155.115,6166.35,6150.976,6161.028,27290,1,69072
6160.437,6174.629,6158.663,6174.038,21130,1,59118
6174.038,6181.134,6169.898,6174.629,7673,1,30067
6145.654,6240.858,6143.88,6237.31,197049,1,581943
6237.901,6263.328,6225.483,6249.727,159975,1,528781
6249.727,6256.232,6232.579,6248.545,106052,1,410713
6248.545,6259.78,6235.536,6258.006,79713,1,288844
6258.006,6262.145,6239.675,6244.405,63841,1,240942
6244.997,6272.198,6243.814,6260.371,57915,1,212374
6260.371,6260.963,6237.31,6240.858,59248,1,201823
6240.266,6260.963,6237.901,6253.867,41360,1,142837
6253.275,6263.919,6249.727,6261.554,27473,1,89456
6260.963,6266.876,6252.093,6263.919,12819,1,49206
6228.44,6240.858,6214.839,6233.762,139223,1,369815
6233.762,6255.641,6223.709,6236.127,136037,1,404683
6236.127,6243.814,6209.517,6229.622,114943,1,364232
6229.622,6250.91,6224.892,6235.536,75787,1,259262
6234.944,6242.632,6228.44,6230.214,43865,1,152198
6230.214,6231.396,6190.595,6193.551,70296,1,255692
6193.551,6213.657,6183.499,6210.7,66872,1,230236
6211.291,6223.118,6204.195,6216.022,44923,1,147967
6216.022,6229.031,6215.43,6227.257,19188,1,61739
6226.666,6239.675,6221.344,6233.17,9261,1,26193
6211.993,6233.759,6163.756,6167.286,161358,1,447009
6166.697,6172.58,6147.285,6153.756,110241,1,345980
6153.756,6184.345,6151.991,6178.462,98685,1,307911
6179.051,6223.758,6173.756,6217.876,88715,1,285112
6217.876,6223.17,6199.64,6221.993,76190,1,220223
6221.405,6280.231,6217.287,6258.465,99515,1,334788
6257.877,6270.819,6237.876,6256.701,81181,1,286910
6256.701,6260.818,6244.935,6247.288,40236,1,127852
6247.877,6256.112,6244.347,6250.23,25866,1,89352
6250.818,6264.348,6247.877,6260.818,10204,1,37811
6267.289,6345.527,6259.642,6333.174,160673,1,416392
6333.762,6347.88,6312.585,6344.939,116836,1,321148
6344.351,6349.645,6322.585,6328.468,92524,1,262468
6328.468,6334.939,6316.115,6320.232,46956,1,140954
6320.232,6321.997,6306.114,6321.409,53076,1,154766
6321.997,6346.704,6316.703,6345.527,47497,1,139446
6344.939,6349.645,6332.586,6341.998,47646,1,125216
6341.998,6351.998,6339.057,6341.998,42564,1,122637
6341.41,6352.586,6341.41,6345.527,23915,1,81776
6344.939,6353.175,6344.351,6353.175,7492,1,29713
6380.235,6398.47,6318.468,6333.174,257137,1,688505
6332.586,6368.469,6330.821,6356.116,174531,1,493894
6356.116,6370.234,6341.41,6359.057,136801,1,392577
6358.469,6406.706,6356.704,6386.117,154733,1,521499
6386.117,6420.824,6382.588,6419.648,104595,1,331101
6420.236,6437.884,6406.706,6434.354,94156,1,309084
6434.942,6456.708,6425.53,6450.237,88329,1,275716
6450.237,6464.944,6442.001,6453.767,65176,1,206831
6453.178,6469.061,6447.884,6464.355,46216,1,147338
6464.355,6482.003,6459.061,6476.12,13483,1,49696
6441.413,6470.826,6430.236,6445.531,216692,1,572194
6445.531,6453.767,6420.236,6433.766,160589,1,480825
6433.766,6465.532,6429.648,6460.237,141741,1,423441
6460.826,6481.415,6453.178,6454.943,144637,1,442370
6454.943,6457.296,6418.471,6441.413,124674,1,400208
6440.825,6462.59,6432.001,6448.472,83506,1,277054
6448.472,6454.355,6436.119,6447.296,57286,1,188922
6447.884,6457.296,6441.413,6449.649,63377,1,203795
6449.061,6455.531,6421.413,6426.119,49058,1,150621
6426.119,6433.178,6424.354,6426.119,8058,1,26930
6416.706,6423.177,6351.41,6369.058,205768,1,579286
6369.058,6405.53,6361.41,6403.177,177407,1,512489
6403.177,6407.883,6374.352,6389.058,137063,1,417368
6388.47,6400.235,6369.058,6389.647,114770,1,367763
6389.647,6390.235,6357.881,6370.234,93368,1,306295
6370.822,6374.352,6351.41,6352.586,67920,1,216597
6352.586,6360.234,6330.821,6348.469,94027,1,301888
6347.88,6348.469,6329.644,6332.586,45149,1,147252
6332.586,6339.645,6327.291,6333.174,35547,1,124567
6332.586,6334.939,6327.291,6330.821,9923,1,44372
6341.41,6350.233,6308.467,6317.291,182449,1,513978
6316.703,6323.174,6232.582,6246.112,256598,1,857264
6246.112,6270.819,6237.876,6257.877,133243,1,429076
6257.877,6257.877,6204.346,6210.228,150992,1,527470
6210.228,6219.052,6206.11,6214.346,57536,1,197821
6214.346,6215.523,6203.169,6210.228,56375,1,200318
6210.228,6212.581,6189.051,6203.169,71608,1,275986
6203.169,6203.169,6188.463,6191.992,44033,1,146676
6192.581,6194.934,6178.462,6180.227,34421,1,129331
6180.227,6187.875,6170.815,6187.875,13745,1,62070
6241.406,6260.23,6203.757,6237.288,211181,1,571319
6236.7,6260.23,6219.052,6258.465,188191,1,529253
6258.465,6275.525,6247.877,6275.525,144402,1,448065
6275.525,6275.525,6244.935,6253.171,100931,1,342250
6253.171,6256.112,6215.523,6224.346,111760,1,366392
6223.758,6230.817,6207.875,6209.052,86972,1,260282
6209.052,6223.17,6201.993,6217.876,84053,1,256072
6217.876,6217.876,6205.522,6216.699,48269,1,152989
6216.111,6222.582,6212.581,6216.111,31953,1,95291
6216.699,6217.287,6207.875,6213.17,8960,1,27495
6213.17,6235.523,6191.404,6218.464,208001,1,513571
6219.052,6232.582,6201.993,6210.817,134402,1,361076
6210.817,6211.405,6167.286,6177.874,190089,1,579131
6177.874,6199.64,6173.168,6177.874,101940,1,324016
6177.874,6179.639,6159.05,6164.932,82004,1,267030
6164.932,6171.992,6159.05,6170.227,50645,1,160203
6170.227,6173.756,6150.814,6151.991,71194,1,238747
6151.403,6156.109,6143.167,6147.285,55575,1,186722
6147.873,6154.932,6143.167,6150.814,29462,1,95211
6150.226,6150.814,6142.579,6147.285,9472,1,36364
6146.697,6183.757,6132.578,6167.874,192456,1,523894
6167.286,6167.874,6127.872,6142.579,224111,1,703311
6143.167,6154.932,6130.814,6130.814,124442,1,375622
6131.402,6156.697,6130.814,6146.108,88326,1,304795
6146.108,6153.167,6136.108,6137.873,56405,1,191943
6137.873,6146.108,6098.459,6104.93,106861,1,388308
6104.342,6121.401,6099.636,6118.46,92748,1,349671
6117.872,6130.225,6114.342,6119.637,49488,1,167715
6119.637,6121.99,6099.048,6101.401,38701,1,131640
6100.812,6106.107,6095.518,6097.283,12695,1,56063
6103.754,6115.519,6077.282,6087.871,187891,1,502103
6087.283,6125.519,6036.104,6048.458,308588,1,874609
6048.458,6096.695,6044.34,6080.223,167784,1,550054
6080.223,6109.048,6059.046,6064.341,150028,1,522617
6064.341,6064.929,6033.751,6037.281,105374,1,344772
6036.692,6039.634,6003.162,6012.574,104331,1,360420
6012.574,6015.515,5986.102,6000.221,92227,1,331908
6000.221,6024.339,5993.161,6021.986,73560,1,270650
6022.574,6039.046,6017.28,6023.163,59419,1,215373
6023.751,6035.516,6006.691,6031.986,15254,1,49999
6034.928,6085.518,6032.575,6073.164,195941,1,523965
6072.576,6080.223,6019.633,6041.987,190407,1,579328
6041.399,6046.693,6008.456,6019.045,129932,1,383639
6019.633,6031.398,6009.044,6012.574,95573,1,306235
6012.574,6030.222,6002.574,6016.692,86340,1,283436
6016.103,6017.28,5995.514,6010.221,83281,1,284291
6010.221,6020.221,6005.515,6015.515,65708,1,216554
6015.515,6031.398,6010.221,6028.457,45829,1,153372
6029.045,6029.045,6020.221,6023.751,30937,1,98740
6023.751,6026.692,6011.986,6013.75,10355,1,39270
6046.105,6056.693,6011.986,6028.457,174517,1,432421
6029.045,6039.046,6019.633,6036.692,117479,1,308728
6036.692,6055.517,6029.633,6043.752,111882,1,309044
6043.752,6056.693,6028.457,6029.633,76708,1,236331
6029.633,6046.105,6028.457,6042.575,50797,1,159775
6042.575,6054.34,6039.634,6048.458,40974,1,123740
6048.458,6083.165,6048.458,6076.694,89147,1,278327
6077.282,6093.165,6070.811,6075.517,51253,1,160571
6076.106,6084.93,6074.341,6081.988,22145,1,69485
6081.988,6081.988,6070.811,6077.87,9581,1,36099
6081.988,6086.694,6046.105,6052.575,229377,1,597893
6052.575,6059.046,6036.692,6041.399,157427,1,463700
6041.399,6053.164,6030.81,6041.987,141934,1,446660
6042.575,6048.458,6023.751,6030.81,109275,1,350690
6030.81,6040.222,6012.574,6016.103,83098,1,267503
6016.103,6029.633,6013.75,6020.221,61523,1,191275
6020.221,6031.986,6017.28,6029.045,49533,1,151448
6028.457,6031.398,6017.28,6022.574,45147,1,140479
6022.574,6025.516,6017.868,6023.751,24150,1,79674
6023.163,6027.28,6014.927,6017.28,10974,1,37409
6007.28,6015.515,5980.808,6008.456,202252,1,552095
6008.456,6017.868,5974.337,5984.338,207710,1,615837
5984.338,6002.574,5977.867,5994.926,146581,1,460600
5994.338,6017.868,5984.926,6012.574,119014,1,383383
6012.574,6059.635,6008.456,6049.634,141511,1,461337
6049.634,6101.989,6047.281,6086.106,145810,1,521352
6086.106,6094.93,6077.282,6089.047,67703,1,215264
6088.459,6098.459,6081.4,6085.518,47461,1,156176
6086.106,6115.519,6085.518,6109.048,32651,1,113306
6109.048,6120.813,6104.93,6117.872,15637,1,65019
6188.463,6199.051,6141.402,6156.697,230008,1,665805
6156.697,6158.462,6113.166,6127.284,191004,1,562695
6127.284,6150.814,6111.989,6145.52,132433,1,408176
6145.52,6164.932,6135.52,6154.344,132414,1,458021
6154.344,6167.874,6148.461,6159.638,81419,1,289735
6159.638,6160.226,6140.226,6144.932,79420,1,263615
6144.932,6149.638,6101.401,6103.166,119030,1,394588
6103.166,6113.166,6090.224,6099.636,58983,1,205307
6099.636,6113.166,6094.342,6104.93,34437,1,117767
6104.93,6107.283,6094.93,6096.695,9638,1,38189
6100.812,6133.755,6089.636,6106.695,197805,1,539177
6107.283,6177.286,6106.695,6169.05,193796,1,593713
6169.05,6170.227,6136.696,6139.637,105479,1,327263
6139.637,6150.226,6124.931,6131.99,108918,1,369964
6131.99,6144.932,6119.048,6143.755,85127,1,313681
6143.755,6154.344,6110.813,6117.872,85613,1,289002
6117.872,6134.343,6108.46,6121.99,86634,1,280233
6121.401,6142.579,6120.225,6140.226,60343,1,205450
6140.226,6149.638,6133.167,6140.226,40035,1,131247
6139.637,6143.755,6131.99,6141.99,9014,1,31033
6141.99,6153.756,6117.872,6128.461,177383,1,503774
6129.049,6140.814,6106.695,6134.343,165192,1,480943
6134.931,6151.403,6114.931,6120.225,153365,1,453730
6120.225,6128.461,6091.989,6096.695,131218,1,425420
6096.695,6120.813,6086.694,6116.695,100121,1,350254
6116.695,6121.401,6100.224,6114.931,89423,1,313325
6114.342,6123.755,6110.813,6119.637,63346,1,205353
6120.225,6131.99,6119.048,6128.461,56794,1,173059
6127.872,6129.049,6116.107,6124.343,33737,1,100569
6124.343,6140.226,6123.755,6140.226,10081,1,37977
6142.579,6151.403,6102.577,6111.989,153249,1,452855
6111.989,6113.754,6086.694,6101.989,139285,1,442576
6101.989,6103.754,6074.929,6091.989,153649,1,462300
6091.4,6094.342,6070.811,6079.047,93850,1,313963
6079.047,6081.4,6056.693,6058.458,79887,1,306126
6058.458,6073.164,6056.693,6066.694,50927,1,167284
6066.694,6071.988,6061.988,6069.635,40052,1,132187
6069.635,6073.164,6057.281,6058.458,36065,1,119874
6059.046,6066.105,6050.222,6059.635,40398,1,150934
6059.046,6060.223,6052.575,6055.517,9523,1,40067
6067.87,6069.047,6017.868,6023.163,202706,1,601909
6022.574,6049.634,6019.045,6032.575,154564,1,505624
6032.575,6039.046,6011.986,6017.868,129632,1,455469
6017.28,6019.633,5973.161,5975.514,158782,1,564839
5974.926,6002.574,5971.984,5997.279,85235,1,342311
5997.279,5997.868,5984.926,5990.22,45934,1,149266
5990.22,5991.397,5972.572,5979.043,67931,1,227529
5979.632,5986.691,5970.219,5983.161,45024,1,152642
5983.161,5989.044,5977.867,5980.22,28486,1,119374
5980.22,5981.396,5973.749,5977.867,10489,1,42477
5975.514,6015.515,5968.455,6010.809,207328,1,621452
6010.809,6027.28,5989.632,6015.515,186742,1,608746
6015.515,6017.28,5975.514,5999.632,158708,1,567279
5999.044,6004.927,5957.866,5985.514,139559,1,545670
5986.102,5993.161,5968.455,5991.397,82033,1,312057
5990.808,6000.221,5975.514,5980.808,61189,1,238816
5980.808,5986.691,5963.16,5973.749,64045,1,225480
5973.161,5979.632,5963.16,5975.514,39096,1,136413
5975.514,5980.22,5966.102,5971.396,24949,1,87815
5970.808,5977.279,5966.102,5972.572,9136,1,31850
5991.397,5997.868,5960.807,5967.866,175530,1,512218
5967.866,5976.69,5953.16,5966.102,173457,1,586894
5965.513,5992.573,5964.337,5986.691,152076,1,504155
5987.279,6001.397,5971.984,6000.221,113258,1,409243
6000.809,6008.456,5988.455,5993.75,69333,1,249296
5993.75,6008.456,5983.161,6006.103,59948,1,206971
6006.691,6022.574,6006.103,6012.574,69863,1,231871
6012.574,6024.339,6011.986,6018.457,39981,1,129729
6018.457,6019.045,6007.868,6014.927,27913,1,97680
6015.515,6022.574,6013.162,6013.162,8682,1,32496
6027.28,6034.339,5996.691,6003.162,178683,1,513928
6002.574,6018.457,5993.75,6003.162,168406,1,517359
6003.75,6006.691,5982.573,5995.514,120944,1,384754
5994.926,6003.162,5986.102,5993.75,78767,1,275123
5994.338,6007.28,5993.75,6005.515,48872,1,168023
6005.515,6042.575,6003.75,6040.222,104896,1,352055
6039.634,6040.81,6014.927,6017.28,75060,1,252386
6017.28,6024.927,6010.221,6019.045,47657,1,153548
6019.045,6030.81,6016.103,6028.457,33830,1,113274
6028.457,6029.633,6016.692,6023.751,10120,1,37617
6047.747,6047.747,6015.557,6033.701,159669,1,455474
6034.286,6040.139,5997.413,5999.754,187189,1,591347
5999.754,6000.339,5972.831,5979.854,135010,1,467203
5979.269,5992.145,5978.099,5988.048,68343,1,264830
5988.634,5997.998,5982.196,5991.56,69355,1,264454
5991.56,5992.731,5982.781,5986.878,39779,1,134478
5986.293,5989.804,5972.246,5976.928,67723,1,247843
5976.928,5978.099,5965.222,5970.49,44466,1,167510
5969.905,5975.172,5966.393,5971.075,26167,1,95682
5971.075,5974.002,5965.808,5968.149,9467,1,41109
5952.346,5964.052,5945.323,5958.784,155827,1,436688
5959.369,5963.466,5940.64,5954.687,148805,1,483462
5954.102,5973.416,5945.323,5968.734,144623,1,479953
5969.319,5985.707,5964.052,5968.149,105315,1,365754
5968.734,5974.002,5962.881,5968.149,43720,1,162568
5968.149,6011.46,5961.711,5997.413,100498,1,348178
5996.828,6002.095,5975.757,5978.684,69172,1,258846
5978.684,5996.242,5938.299,5952.931,170805,1,584395
5952.931,5953.517,5930.691,5941.811,78294,1,294232
5941.226,5947.664,5933.617,5942.982,10987,1,47415
5914.888,5921.326,5882.112,5896.744,208722,1,648553
5896.744,5897.329,5810.122,5848.165,270406,1,895571
5848.751,5875.088,5841.727,5861.042,158251,1,504957
5860.456,5888.55,5858.7,5875.674,133579,1,481354
5875.674,5911.961,5870.406,5902.597,102254,1,378639
5902.012,5902.597,5878.6,5887.965,80264,1,282561
5887.965,5932.446,5880.941,5926.594,86931,1,290057
5926.008,5938.885,5910.791,5931.861,74977,1,263424
5932.446,5938.299,5925.423,5930.691,38000,1,146447
5930.691,5945.323,5926.594,5939.47,13445,1,44609
5992.731,6019.069,5945.908,5958.784,261632,1,820912
5958.784,6015.557,5935.373,6003.266,224036,1,668388
6002.681,6012.045,5980.44,5997.413,150991,1,471934
5998.584,6026.677,5998.584,6016.142,136031,1,516091
6015.557,6038.383,6012.045,6035.456,69096,1,240057
6034.871,6037.212,6016.142,6021.41,63062,1,220616
6020.824,6035.456,6020.239,6034.871,51877,1,175388
6034.871,6051.259,6031.945,6047.747,51958,1,196666
6047.162,6054.771,6031.945,6033.701,39004,1,146614
6034.286,6068.232,6033.701,6058.868,16413,1,75735
6065.306,6093.985,6061.209,6062.965,187791,1,538850
6062.965,6087.547,6054.186,6078.768,177180,1,545287
6078.768,6100.423,6072.329,6099.253,146261,1,459635
6099.253,6120.323,6094.57,6102.764,119155,1,449460
6103.35,6116.226,6094.57,6113.299,72255,1,247404
6113.299,6126.176,6110.373,6116.226,73928,1,248243
6115.641,6117.396,6082.279,6086.376,93473,1,319210
6086.376,6091.644,6078.768,6079.938,48479,1,171101
6080.523,6081.109,6048.918,6053.015,65880,1,255940
6053.015,6057.112,6038.383,6047.747,16539,1,67422
6040.139,6061.209,6035.456,6050.674,168051,1,481377
6051.259,6085.791,6029.604,6071.744,251158,1,769073
6071.744,6106.276,6068.818,6092.814,146911,1,457269
6092.229,6117.396,6088.132,6094.57,105530,1,357456
6094.57,6098.082,6079.353,6092.814,83144,1,278002
6093.4,6105.691,6050.089,6059.453,130330,1,406697
6060.038,6115.641,6057.697,6107.447,163158,1,505042
6107.447,6109.788,6092.814,6109.788,63538,1,196669
6109.788,6116.226,6103.35,6113.885,34462,1,106482
6114.47,6130.273,6113.885,6125.005,16679,1,62902
6098.667,6101.008,6067.062,6084.035,160369,1,458497
6084.035,6106.276,6082.865,6092.229,160890,1,469815
6092.814,6119.737,6091.644,6113.885,153939,1,465101
6114.47,6150.172,6106.276,6137.881,126831,1,434181
6138.467,6160.122,6123.249,6129.687,124218,1,445396
6129.102,6137.881,6120.323,6126.176,76108,1,262829
6125.59,6126.761,6098.082,6107.447,92295,1,311603
6107.447,6111.544,6090.473,6102.179,72777,1,247712
6102.179,6112.714,6101.594,6108.617,27753,1,99148
6108.617,6111.544,6100.423,6107.447,10368,1,40002
6086.962,6134.955,6074.085,6115.055,225154,1,643715
6114.47,6129.102,6084.035,6085.206,168501,1,525620
6084.62,6197.58,6083.45,6188.801,286079,1,972495
6188.801,6194.654,6170.657,6176.51,103831,1,360689
6175.925,6192.313,6158.952,6170.072,91639,1,314007
6170.072,6171.828,6140.808,6154.855,90247,1,320867
6154.855,6182.363,6145.49,6179.437,98565,1,346422
6179.437,6198.751,6172.413,6191.142,69560,1,228219
6191.728,6199.336,6179.437,6195.239,51042,1,180516
6194.654,6215.139,6194.069,6214.554,18837,1,68484
6228.6,6231.527,6178.851,6182.363,189568,1,565314
6182.363,6185.875,6157.781,6161.878,161756,1,491052
6162.463,6177.681,6137.296,6170.072,156775,1,514414
6170.072,6178.266,6154.855,6161.293,93834,1,314842
6160.707,6176.51,6150.758,6167.146,67767,1,253537
6166.56,6171.828,6147.246,6151.343,75154,1,258983
6151.343,6158.366,6122.079,6142.564,101879,1,343032
6143.149,6143.149,6123.249,6130.273,44109,1,134700
6129.687,6132.614,6115.055,6120.908,30168,1,101512
6120.323,6124.42,6115.641,6124.42,10097,1,39487
6131.443,6136.711,6090.473,6093.4,183560,1,507013
6093.4,6122.079,6091.644,6109.788,151758,1,448098
6109.788,6113.885,6061.794,6062.38,186193,1,615967
6062.38,6074.085,6054.771,6067.647,92616,1,342639
6067.647,6090.473,6064.721,6081.694,74555,1,289579
6082.279,6086.962,6066.477,6078.182,68145,1,220565
6078.768,6086.376,6064.721,6077.597,63353,1,197422
6078.182,6082.279,6071.159,6072.915,42528,1,154394
6073.5,6081.694,6065.891,6066.477,35512,1,119913
6066.477,6067.062,6051.844,6053.6,16134,1,57969
6048.333,6061.209,6033.701,6043.065,175880,1,517536
6043.65,6071.744,6016.727,6033.701,316825,1,956620
6033.701,6078.768,6025.507,6041.895,222580,1,706410
6041.895,6061.209,6030.189,6051.259,130412,1,450806
6051.259,6080.523,6037.798,6068.818,97539,1,341912
6069.403,6133.784,6067.647,6122.079,144989,1,511959
6122.664,6123.249,6093.4,6111.544,94628,1,336612
6111.544,6116.811,6098.082,6098.667,54098,1,181635
6098.667,6102.764,6056.527,6085.791,58142,1,217014
6085.791,6094.57,6070.574,6091.059,14353,1,69908
6098.082,6122.664,6088.132,6117.396,168253,1,481248
6117.396,6144.905,6109.202,6125.59,227779,1,704396
6126.176,6133.784,6089.303,6125.005,176845,1,585785
6124.42,6143.734,6103.935,6135.54,127459,1,442243
6135.54,6136.711,6110.958,6119.737,70543,1,244731
6119.737,6139.052,6118.567,6129.687,82053,1,281993
6129.102,6132.614,6112.129,6120.323,74030,1,233900
6120.908,6122.664,6108.617,6119.152,45011,1,155942
6119.152,6129.102,6113.299,6116.226,38817,1,139562
6116.226,6123.249,6110.958,6119.737,10961,1,41106
6104.52,6156.025,6094.57,6148.416,205405,1,588328
6148.416,6169.487,6139.637,6154.855,180096,1,547337
6155.44,6165.975,6147.246,6149.587,108055,1,384797
6150.172,6160.122,6136.711,6142.564,106442,1,368595
6141.978,6150.758,6132.614,6136.125,70524,1,266584
6135.54,6139.637,6126.761,6132.614,54498,1,205241
6132.614,6132.614,6098.082,6109.202,118666,1,440978
6109.788,6139.052,6106.861,6112.129,100247,1,367459
6112.714,6129.102,6110.373,6122.079,47191,1,179395
6122.079,6122.079,6110.373,6119.737,12042,1,48927
6137.881,6159.537,6114.47,6116.811,171320,1,499110
6116.811,6127.346,6101.594,6106.276,131424,1,403433
6106.276,6112.714,6094.57,6101.594,112224,1,399686
6101.594,6102.179,6077.012,6084.62,120791,1,461815
6084.62,6088.132,6062.38,6070.574,76408,1,280641
6071.159,6071.159,6037.212,6056.527,97951,1,361461
6056.527,6069.988,6045.992,6049.503,77436,1,283245
6049.503,6054.771,6045.992,6051.259,30163,1,117074
6051.259,6054.186,6048.918,6053.015,20550,1,84550
6053.015,6064.135,6049.503,6058.283,11476,1,49675
6077.597,6109.202,6062.965,6089.888,160565,1,563966
6089.303,6097.497,6060.624,6072.915,107231,1,354768
6072.329,6075.841,6043.065,6047.162,102799,1,349102
6046.577,6069.403,6037.798,6059.453,113234,1,369374
6058.868,6061.209,6047.162,6047.162,37702,1,119071
6047.162,6052.43,6037.212,6040.139,9959,1,41650
6026.092,6043.65,6017.898,6038.383,141122,1,394621
6038.383,6064.721,6016.727,6020.239,197955,1,625349
6020.239,6020.824,5988.048,6002.095,169522,1,614026
6002.095,6018.483,5988.048,6010.289,99423,1,376723
6010.289,6037.212,6003.851,6021.995,98511,1,356496
6022.58,6032.53,6009.704,6013.216,77816,1,280648
6013.216,6024.921,6006.778,6023.166,59810,1,213586
6022.58,6023.751,6007.948,6016.727,45166,1,156942
6016.727,6019.654,6011.46,6013.216,22705,1,76310
6013.801,6024.336,6007.948,6019.654,9863,1,40063
6043.065,6054.186,6030.189,6049.503,146456,1,427918
6049.503,6070.574,6038.968,6058.868,205946,1,638021
6059.453,6089.303,6058.283,6082.865,137431,1,480496
6082.279,6089.303,6071.744,6084.035,98738,1,368866
6084.035,6086.376,6069.403,6077.012,54642,1,192336
6077.012,6100.423,6069.988,6090.473,69744,1,251797
6091.059,6102.764,6085.206,6097.497,66999,1,238796
6098.082,6100.423,6088.132,6089.888,35706,1,131031
6089.888,6096.326,6088.132,6091.644,27266,1,97658
6091.059,6109.788,6090.473,6105.105,14285,1,59579
6077.597,6091.644,6060.624,6086.962,170220,1,524861
6087.547,6093.985,6068.232,6081.109,162594,1,482851
6081.109,6103.35,6072.915,6085.206,138748,1,468480
6084.62,6093.4,6054.771,6084.62,134060,1,468107
6084.62,6104.52,6079.353,6093.4,73720,1,261300
6093.4,6103.35,6081.109,6086.376,69583,1,265364
6086.376,6088.717,6055.356,6072.329,110739,1,428734
6072.329,6098.082,6072.329,6097.497,50176,1,183615
6096.911,6100.423,6084.62,6090.473,41843,1,148677
6089.888,6095.156,6085.791,6089.888,8447,1,33570
6085.236,6115.476,6080.002,6086.98,180433,1,512975
6086.98,6105.008,6063.137,6077.094,163287,1,494459
6077.094,6111.987,6075.349,6100.937,139542,1,451863
6101.519,6113.15,6089.306,6112.568,108709,1,370308
6112.568,6136.993,6103.263,6120.71,121768,1,429307
6120.71,6125.943,6107.916,6112.568,65899,1,206183
6113.15,6124.199,6108.497,6116.057,59315,1,198628
6116.639,6123.617,6109.66,6117.22,44844,1,168418
6117.22,6141.645,6106.171,6130.596,47615,1,175359
6130.596,6139.9,6124.78,6130.596,14118,1,72505
6109.079,6110.823,6082.91,6093.959,183751,1,544715
6093.959,6110.242,6074.186,6100.937,186289,1,555907
6100.937,6105.008,6084.073,6099.193,126708,1,385351
6098.611,6122.454,6075.349,6077.676,158765,1,509815
6077.676,6092.796,6075.931,6082.91,77268,1,288573
6082.91,6085.817,6067.208,6082.91,76810,1,255010
6082.91,6085.817,6068.953,6083.491,64305,1,232132
6083.491,6085.236,6073.605,6076.513,32566,1,114986
6076.513,6081.746,6060.811,6063.137,38770,1,139387
6063.719,6066.626,6056.159,6061.393,10893,1,43019
6077.094,6103.263,6063.137,6092.796,161881,1,480215
6092.214,6110.823,6085.817,6104.426,169847,1,517145
6105.008,6118.383,6096.866,6102.1,140138,1,474734
6101.519,6107.334,6085.236,6088.725,96078,1,338213
6088.725,6094.54,6078.839,6090.47,66471,1,250256
6090.47,6100.356,6085.236,6089.306,56656,1,193511
6089.888,6095.122,6063.137,6080.583,80128,1,279037
6080.583,6099.193,6079.42,6090.47,63919,1,227204
6090.47,6103.845,6086.399,6099.774,43692,1,152431
6099.193,6100.937,6085.236,6095.122,12022,1,51744
6077.676,6101.519,6063.719,6087.562,146889,1,431998
6087.562,6092.214,6076.513,6084.654,131432,1,396249
6084.654,6105.59,6072.442,6091.051,131549,1,425884
6092.214,6118.965,6089.306,6099.774,123480,1,451784
6099.774,6104.426,6084.654,6093.959,49263,1,182481
6093.377,6100.937,6082.91,6085.236,48927,1,190786
6085.817,6089.306,6078.839,6086.98,47693,1,178319
6086.98,6086.98,6077.676,6083.491,31848,1,138206
6083.491,6091.051,6080.583,6081.746,23416,1,111014
6081.165,6084.073,6074.186,6079.42,8246,1,35376
6092.214,6098.611,6077.676,6086.399,115538,1,345255
6086.399,6102.682,6081.165,6097.448,118757,1,386634
6096.866,6102.682,6080.002,6083.491,112261,1,366581
6083.491,6086.399,6037.549,6052.669,146564,1,528871
6052.669,6058.485,6039.876,6046.272,71563,1,273877
6046.272,6050.343,6038.131,6045.691,46576,1,164663
6045.109,6052.669,6044.528,6049.18,38167,1,142880
6049.18,6049.762,6039.294,6046.272,40602,1,181767
6046.272,6047.436,6032.316,6034.06,29003,1,124360
6034.06,6036.968,6025.337,6031.734,13896,1,65667
6043.946,6054.996,6027.082,6052.669,123575,1,383802
6052.669,6059.648,6038.712,6047.436,132768,1,406914
6047.436,6063.137,6044.528,6050.925,103660,1,325032
6050.925,6086.399,6050.925,6078.257,177531,1,587091
6078.839,6081.165,6067.208,6073.023,50465,1,174991
6073.023,6073.605,6051.506,6066.045,73607,1,265260
6066.626,6082.91,6061.974,6076.513,65210,1,239339
6075.931,6078.257,6062.556,6072.442,48914,1,182284
6072.442,6072.442,6062.556,6070.697,26760,1,96916
6070.697,6076.513,6066.626,6070.116,7731,1,33139
6057.903,6061.974,6043.946,6050.343,125740,1,376420
6050.343,6052.088,6013.125,6019.522,194474,1,645384
6020.103,6027.082,5991.026,5994.515,138194,1,491604
5994.515,6005.565,5961.949,5983.466,178256,1,708463
5983.466,6003.239,5978.814,5992.189,98481,1,381853
5991.608,6008.472,5988.118,6006.728,67951,1,249091
6006.728,6017.777,6000.331,6016.032,62666,1,228467
6016.032,6016.614,6005.565,6006.146,40540,1,155722
6006.146,6007.891,5998.005,5999.168,31949,1,125627
5999.168,6012.543,5997.423,6011.38,10326,1,47867
6000.331,6012.543,5979.395,6006.146,175959,1,540061
6006.146,6011.962,5972.998,5974.743,194936,1,597396
5974.743,6002.657,5970.672,6000.912,148195,1,474954
6000.912,6015.451,5993.934,6013.706,102423,1,345654
6013.706,6025.919,6010.799,6023.592,79434,1,267746
6023.011,6028.245,6007.891,6013.125,75281,1,274603
6013.125,6019.522,5987.537,5992.771,84033,1,310626
5993.352,6006.728,5990.445,6006.728,52850,1,192109
6006.728,6041.039,6003.82,6029.989,75146,1,287662
6029.989,6041.62,6028.826,6033.479,12766,1,53869
6018.94,6056.74,6018.94,6056.159,133987,1,402902
6056.159,6098.611,6049.18,6071.279,242651,1,777493
6070.697,6079.42,6043.365,6049.762,165270,1,555574
6049.762,6049.762,6024.174,6026.5,136159,1,495308
6025.919,6058.485,6025.919,6055.577,91951,1,336235
6054.996,6071.279,6048.599,6066.626,75638,1,261901
6067.208,6097.448,6064.3,6090.47,79248,1,312319
6090.47,6093.959,6080.583,6081.746,53418,1,209446
6081.746,6091.051,6080.583,6087.562,30428,1,110188
6088.143,6100.356,6087.562,6088.725,10985,1,54393
6090.47,6164.907,6085.236,6157.347,322101,1,1016202
6157.347,6168.396,6123.617,6125.362,230022,1,741337
6125.362,6127.107,6088.725,6091.633,184964,1,626471
6091.633,6121.873,6085.236,6115.476,115182,1,419669
6115.476,6130.014,6109.66,6117.22,80288,1,281865
6117.22,6135.83,6116.057,6122.454,77916,1,269705
6122.454,6139.319,6117.802,6138.156,58606,1,206291
6138.737,6152.694,6132.922,6150.95,63519,1,223477
6150.95,6152.694,6120.128,6125.943,41157,1,182693
6113.15,6139.9,6095.122,6106.171,263928,1,774749
6106.171,6125.362,6096.285,6107.916,180185,1,552695
6107.334,6117.22,6093.959,6115.476,120418,1,405495
6114.894,6138.737,6102.682,6138.737,90697,1,313808
6138.156,6138.737,6118.383,6123.036,81115,1,297567
6122.454,6134.667,6118.965,6125.362,68351,1,241892
6125.943,6134.667,6120.128,6131.759,59260,1,221471
6131.177,6142.227,6130.014,6136.411,57528,1,216138
6135.83,6136.993,6128.27,6133.503,22715,1,86488
6193.402,6218.99,6157.347,6166.651,246602,1,778741
6166.651,6183.516,6151.531,6173.63,189104,1,630950
6173.63,6208.522,6170.141,6190.494,169038,1,582896
6191.076,6200.381,6185.842,6192.821,91529,1,340695
6193.402,6217.245,6188.168,6213.174,86834,1,339438
6213.174,6213.756,6188.75,6193.984,104399,1,356945
6193.984,6202.707,6168.396,6182.934,113854,1,407192
6182.353,6188.75,6173.048,6178.282,57881,1,204430
6178.282,6181.771,6164.325,6171.885,24639,1,104244
6158.51,6172.467,6145.134,6172.467,184993,1,525929
6171.885,6179.445,6153.857,6159.091,194468,1,588705
6158.51,6191.076,6156.765,6181.19,150429,1,491496
6181.19,6198.054,6157.928,6163.162,123888,1,453508
6163.162,6170.722,6146.879,6149.787,76541,1,283414
6150.368,6153.857,6137.574,6149.205,81320,1,293379
6148.624,6151.531,6115.476,6117.802,90147,1,319142
6117.802,6123.036,6110.823,6113.15,48463,1,188907
6112.568,6116.639,6096.866,6100.937,39746,1,159429
6111.987,6129.433,6103.263,6125.362,132652,1,400652
6125.362,6145.716,6122.454,6140.482,128235,1,435101
6141.064,6164.325,6128.851,6153.857,123591,1,398173
6153.857,6163.744,6150.95,6159.091,65836,1,276787
6159.673,6161.417,6143.971,6149.787,58930,1,248306
6149.787,6156.184,6142.227,6142.808,45448,1,154788
6142.227,6157.347,6141.064,6153.276,48681,1,183710
6153.276,6156.765,6145.716,6147.46,32133,1,128155
6147.46,6161.417,6143.39,6157.347,25660,1,111231
6148.042,6161.417,6131.759,6132.922,173332,1,551857
6132.922,6134.085,6109.66,6117.802,163799,1,513211
6118.383,6130.014,6101.519,6105.59,122382,1,397626
6105.008,6122.454,6103.845,6119.547,81880,1,297218
6119.547,6123.617,6111.987,6111.987,45566,1,179198
6112.568,6116.639,6106.171,6113.15,40601,1,153533
6112.568,6118.965,6111.405,6116.057,37972,1,141491
6116.057,6116.639,6106.171,6112.568,37120,1,134982
6112.568,6116.057,6106.171,6107.916,21831,1,86067
6090.47,6113.15,6080.583,6109.66,160904,1,496791
6109.079,6124.78,6106.753,6117.22,155865,1,517692
6117.22,6124.78,6096.866,6102.1,130353,1,455475
6102.682,6116.057,6101.519,6114.894,48753,1,178881
6114.894,6116.057,6103.263,6108.497,37042,1,133991
6107.916,6116.639,6102.1,6111.405,41140,1,148803
6111.405,6114.313,6099.193,6100.937,46961,1,203800
6101.519,6121.291,6098.611,6114.894,52492,1,213034
6114.313,6117.802,6108.497,6111.405,25393,1,104276
6113.731,6134.085,6106.753,6123.617,119382,1,363309
6123.617,6150.368,6117.802,6143.39,146746,1,459951
6143.39,6151.531,6134.667,6141.645,107160,1,396973
6141.645,6142.227,6127.107,6127.688,59141,1,209546
6127.688,6139.9,6127.107,6137.574,41552,1,151889
6137.574,6143.39,6128.851,6134.085,56252,1,231790
6134.085,6140.482,6063.719,6083.491,260772,1,868079
6083.491,6102.682,6075.349,6100.356,104730,1,358662
6100.937,6111.405,6093.377,6107.916,32779,1,136745
6066.045,6107.334,6061.974,6106.171,173023,1,561259
6106.753,6139.319,6101.519,6133.503,169784,1,593236
6133.503,6151.531,6128.851,6144.553,146292,1,537637
6144.553,6145.134,6128.851,6138.737,61967,1,251676
6138.737,6149.205,6128.27,6144.553,72638,1,283538
6145.134,6151.531,6135.83,6150.95,69891,1,266927
6150.368,6170.722,6142.808,6160.254,104717,1,433031
6160.254,6164.325,6149.205,6161.999,60941,1,228377
6161.999,6175.956,6156.765,6171.885,32041,1,149005
6199.218,6221.316,6185.261,6205.033,229675,1,747692
6205.033,6213.756,6180.608,6182.353,169721,1,576593
6182.934,6185.261,6147.46,6151.531,150125,1,564352
6152.113,6156.765,6111.405,6114.313,115022,1,511602
6114.894,6123.036,6109.079,6114.894,59984,1,259475
6114.313,6120.128,6101.519,6118.965,60663,1,247578
6118.383,6122.454,6109.079,6121.873,47159,1,194131
6121.291,6121.291,6111.405,6116.057,30004,1,119220
6115.476,6116.639,6106.171,6111.987,22444,1,114722
6113.15,6114.313,6080.002,6088.725,143152,1,386744
6088.725,6099.774,6081.165,6088.143,122464,1,371742
6088.725,6096.866,6074.186,6093.959,111816,1,356533
6093.377,6104.426,6092.796,6094.54,58048,1,184610
6095.122,6095.703,6080.583,6083.491,49686,1,166606
6083.491,6084.654,6074.186,6081.746,47758,1,169398
6082.328,6084.654,6066.626,6069.534,55131,1,198717
6069.534,6071.279,6061.393,6061.974,36022,1,128720
6062.556,6063.137,6046.272,6052.088,35659,1,139723
6046.854,6046.854,6004.402,6039.876,203141,1,685642
6039.294,6045.691,5991.026,6011.962,195774,1,723645
6011.38,6030.571,6003.82,6028.245,118872,1,447110
6028.245,6029.408,6008.472,6015.451,65438,1,262116
6016.032,6016.032,5994.515,5999.168,60133,1,226865
5999.168,6014.288,5996.842,6012.543,47950,1,183423
6011.962,6019.522,6006.728,6016.032,48234,1,190139
6016.614,6016.614,6008.472,6011.38,30454,1,148152
6011.38,6014.869,6008.472,6011.962,17693,1,90994
6008.472,6030.571,5992.189,6007.891,193767,1,589724
6007.891,6016.614,5987.537,5988.7,178756,1,575458
5988.7,5993.934,5981.722,5989.282,106937,1,387694
5989.863,5991.608,5970.672,5980.558,81835,1,325066
5980.558,5988.118,5976.488,5984.048,54715,1,218091
5984.048,5985.792,5974.743,5979.395,49096,1,208604
5979.395,6019.522,5978.814,5995.097,136124,1,576250
5995.097,5998.005,5964.857,5973.58,65819,1,273126
5973.58,5977.651,5964.857,5977.069,23520,1,116200
5938.688,5947.411,5896.817,5940.432,261164,1,813534
5940.432,5953.226,5920.078,5946.829,209832,1,704242
5947.411,6004.402,5946.248,5968.346,219180,1,769513
5968.346,5971.254,5952.063,5958.46,73398,1,299059
5959.041,5959.623,5932.872,5944.503,67431,1,275766
5944.503,5960.786,5937.524,5949.155,58241,1,233547
5948.574,5950.318,5927.057,5932.872,57404,1,229236
5932.872,5939.269,5925.312,5931.709,47202,1,181593
5931.128,5934.035,5918.915,5927.057,28386,1,119539
5941.526,5941.526,5886.544,5910.852,220749,1,701568
5910.852,5924.163,5895.804,5920.69,148845,1,557822
5920.69,5921.269,5888.28,5895.225,122531,1,493221
5895.804,5901.591,5879.02,5896.383,80002,1,365021
5896.961,5901.013,5883.65,5891.174,54416,1,267791
5891.174,5909.115,5885.386,5894.646,72620,1,325787
5894.646,5906.221,5892.91,5900.434,44336,1,167114
5900.434,5903.906,5888.28,5893.489,45086,1,191717
5892.91,5897.54,5886.544,5888.859,23746,1,109894
5878.441,5887.701,5860.5,5883.071,177426,1,591044
5883.071,5902.749,5881.335,5896.961,136782,1,438657
5896.383,5896.383,5869.76,5882.492,145115,1,467279
5881.914,5896.383,5879.02,5891.753,67707,1,234948
5892.331,5896.961,5885.386,5891.174,43322,1,168246
5890.595,5897.54,5881.335,5891.174,55664,1,188593
5891.174,5907.958,5886.544,5905.643,70899,1,241320
5905.064,5907.379,5891.174,5893.489,39251,1,138493
5893.489,5895.804,5882.492,5890.595,20907,1,80446
5873.232,5895.804,5870.339,5891.753,147896,1,472691
5892.331,5906.8,5887.122,5902.17,122040,1,410910
5902.17,5902.17,5886.544,5896.961,146740,1,533786
5897.54,5926.478,5893.489,5917.218,108028,1,430578
5917.218,5917.797,5907.379,5912.588,44540,1,164404
5912.009,5913.745,5906.8,5909.115,32076,1,135568
5909.115,5913.745,5905.643,5910.273,32959,1,134017
5910.852,5913.745,5905.643,5906.221,25566,1,106597
5906.221,5907.958,5882.492,5894.068,34111,1,157547
5894.068,5900.434,5864.551,5873.811,206482,1,651859
5873.811,5883.65,5862.815,5865.708,128685,1,442838
5865.708,5878.441,5824.038,5870.339,192903,1,700283
5870.917,5874.969,5853.555,5856.448,60661,1,228419
5855.87,5881.335,5855.87,5878.441,62592,1,244928
5877.862,5883.65,5873.811,5877.284,42257,1,159807
5876.705,5883.071,5870.917,5882.492,42909,1,170193
5881.914,5883.071,5866.287,5868.023,37055,1,137933
5868.023,5868.602,5847.188,5854.712,27562,1,122528
5860.5,5896.961,5855.291,5891.753,149908,1,493459
5892.331,5905.064,5885.965,5900.434,137239,1,470344
5899.855,5901.591,5875.547,5877.862,104390,1,357142
5878.441,5889.438,5874.39,5883.65,61919,1,212277
5884.229,5886.544,5877.862,5883.071,31673,1,113719
5882.492,5884.807,5871.496,5879.02,38682,1,145897
5879.02,5880.756,5868.023,5873.232,36595,1,141095
5873.232,5879.599,5872.654,5875.547,21618,1,86276
5876.126,5878.441,5869.76,5878.441,19765,1,97133
5873.232,5902.749,5851.818,5901.013,184785,1,593322
5901.591,5914.324,5899.855,5904.485,139936,1,416714
5904.485,5910.852,5896.961,5901.013,68869,1,251470
5901.013,5904.485,5892.91,5903.328,48356,1,168373
5903.328,5906.221,5894.068,5896.383,34827,1,122943
5895.804,5896.383,5885.386,5887.122,40151,1,157799
5887.122,5897.54,5885.386,5895.225,36205,1,127113
5894.646,5896.961,5881.914,5882.492,40158,1,154772
5883.071,5888.859,5880.177,5888.859,21681,1,91273
5868.602,5874.969,5842.558,5846.609,206579,1,666917
5846.609,5846.609,5791.049,5810.726,237754,1,987332
5811.305,5814.778,5791.627,5810.726,124513,1,478477
5811.305,5819.987,5806.675,5813.62,64287,1,284474
5814.199,5818.829,5811.305,5812.463,30270,1,127395
5812.463,5816.514,5805.518,5808.411,51671,1,209593
5807.833,5813.62,5806.096,5813.042,38239,1,164742
5813.042,5814.778,5808.99,5812.463,23917,1,105248
5813.042,5813.62,5802.624,5812.463,27872,1,134317
5818.25,5819.987,5738.382,5769.056,309825,1,975588
5769.056,5781.21,5726.807,5740.118,217381,1,748103
5740.118,5742.433,5705.393,5727.964,162695,1,653029
5727.964,5737.803,5721.598,5729.7,65316,1,272962
5729.7,5738.961,5714.074,5716.968,53449,1,228002
5716.389,5729.7,5707.708,5724.492,63555,1,251594
5724.492,5732.594,5715.81,5726.807,62868,1,238314
5726.807,5738.382,5725.649,5733.173,36025,1,142059
5733.173,5735.488,5703.656,5710.601,35711,1,155305
5713.495,5732.015,5690.345,5717.547,270962,1,873024
5718.125,5721.598,5684.557,5693.817,195720,1,670997
5693.239,5711.18,5689.187,5691.502,102029,1,387195
5691.502,5699.026,5678.191,5689.766,64031,1,270115
5689.766,5701.92,5689.187,5699.605,38853,1,168601
5699.026,5702.499,5690.924,5695.554,46673,1,227745
5696.132,5722.177,5694.396,5719.283,67396,1,321748
5719.283,5722.177,5713.495,5716.968,30742,1,147464
5716.968,5721.598,5714.074,5718.125,20578,1,104815
5726.807,5728.543,5674.718,5710.601,226344,1,738324
5710.601,5751.693,5709.444,5736.067,164174,1,572558
5735.488,5759.217,5735.488,5749.378,105408,1,393891
5749.957,5752.851,5729.122,5729.7,61914,1,234592
5729.7,5733.752,5719.283,5720.44,56816,1,209921
5719.862,5722.177,5709.444,5715.81,58974,1,232060
5715.231,5720.44,5702.499,5704.814,52338,1,208531
5704.814,5707.129,5698.448,5702.499,34784,1,130969
5701.92,5702.499,5692.081,5693.817,22679,1,94696
5706.55,5725.649,5682.242,5716.968,210307,1,639469
5716.968,5738.382,5708.865,5735.488,136071,1,454198
5735.488,5747.063,5730.279,5741.276,87119,1,329935
5740.697,5749.378,5733.173,5736.646,61198,1,225003
5736.646,5739.539,5730.858,5735.488,34831,1,138397
5735.488,5738.961,5715.81,5716.968,57809,1,235922
5716.968,5721.598,5703.078,5716.389,69147,1,281403
5716.968,5726.807,5714.074,5723.913,47060,1,162979
5724.492,5733.173,5722.755,5730.279,21782,1,96267
5703.656,5732.594,5693.239,5730.279,190273,1,596314
5730.858,5785.84,5727.964,5770.792,231116,1,855810
5770.792,5776.001,5754.008,5763.268,111340,1,389629
5763.268,5770.213,5758.638,5765.005,56097,1,206422
5765.005,5766.162,5755.166,5757.481,33019,1,132928
5758.06,5767.898,5756.902,5763.847,40250,1,159195
5763.847,5792.785,5763.268,5780.631,95039,1,391820
5780.052,5781.21,5758.06,5767.32,60700,1,255066
5767.898,5784.682,5766.162,5783.525,30396,1,130206
5780.052,5780.052,5780.052,5780.052,1,1,17
5810.148,5835.613,5802.045,5834.456,224421,1,712451
5833.877,5867.445,5826.932,5866.866,188361,1,649498
5866.866,5869.181,5829.247,5837.928,153527,1,530872
5838.507,5857.606,5837.349,5856.448,76288,1,283187
5856.448,5859.342,5848.346,5852.976,45876,1,167738
5852.397,5869.181,5850.661,5866.866,54233,1,204094
5866.287,5891.174,5865.13,5886.544,80097,1,315676
5886.544,5896.383,5875.547,5895.804,58485,1,239571
5895.804,5899.855,5880.177,5883.65,39006,1,175611
5893.489,5894.646,5860.5,5863.972,207273,1,602369
5863.972,5873.811,5855.87,5864.551,149605,1,494390
5863.972,5865.13,5839.664,5846.031,109545,1,386720
5846.031,5853.555,5836.771,5843.716,64639,1,239161
5843.716,5852.976,5839.664,5845.452,35792,1,136012
5846.031,5847.767,5836.192,5842.558,38340,1,153067
5842.558,5850.082,5840.822,5849.503,32066,1,135723
5850.082,5865.13,5847.767,5863.393,41800,1,181835
5863.393,5863.972,5850.661,5852.397,25862,1,110253
5873.232,5885.965,5861.657,5864.551,151383,1,416412
5864.551,5892.331,5850.082,5868.602,191536,1,596007
5868.023,5885.386,5857.027,5869.76,128803,1,449375
5869.181,5873.811,5853.555,5857.027,67644,1,250913
5856.448,5860.5,5847.767,5849.503,42852,1,170648
5849.503,5855.87,5843.716,5847.188,52386,1,191526
5847.188,5850.082,5836.771,5839.664,58474,1,239465
5840.243,5844.873,5837.928,5840.243,28613,1,120820
5839.664,5843.716,5831.562,5833.298,19648,1,82984
5846.031,5869.181,5831.562,5832.719,207489,1,663389
5832.719,5882.492,5825.774,5881.335,231722,1,758787
5881.914,5885.965,5861.078,5872.654,124325,1,453884
5872.654,5873.811,5859.342,5863.972,69647,1,287863
5863.972,5873.232,5857.606,5872.654,50352,1,206211
5873.232,5888.28,5869.181,5873.232,76942,1,293183
5873.811,5879.599,5869.76,5871.496,40238,1,152165
5871.496,5874.969,5863.972,5864.551,33527,1,133102
5865.13,5866.287,5848.924,5861.657,24838,1,111245
5845.452,5874.39,5830.404,5866.866,214582,1,656289
5866.866,5874.39,5856.448,5868.602,134239,1,432424
5868.602,5872.654,5832.719,5848.346,151013,1,541613
5848.346,5851.818,5835.034,5846.031,83428,1,326046
5846.609,5847.767,5830.983,5835.034,51028,1,197827
5835.613,5849.503,5831.562,5847.767,46458,1,180872
5848.346,5860.5,5844.294,5854.712,78316,1,312573
5854.712,5859.342,5849.503,5856.448,34704,1,144951
5856.448,5860.5,5838.507,5842.558,24506,1,111313
5833.877,5845.452,5814.199,5817.093,220563,1,653009
5817.093,5830.404,5802.624,5811.884,186585,1,673738
5811.305,5818.25,5789.312,5796.836,139143,1,532124
5796.258,5804.36,5792.785,5803.781,60684,1,262451
5803.781,5807.254,5797.994,5799.151,40813,1,173466
5798.573,5799.73,5774.265,5776.001,89704,1,348108
5776.001,5778.316,5755.166,5765.583,81623,1,362284
5765.583,5771.95,5763.268,5765.583,38604,1,160268
5766.162,5772.528,5756.902,5758.638,31895,1,129909
5777.615,5808.093,5767.264,5781.066,194377,1,615447
5781.066,5798.317,5765.539,5790.842,144505,1,523280
5790.842,5794.867,5769.564,5790.267,107587,1,423554
5790.267,5805.793,5789.691,5793.142,75988,1,320330
5793.717,5800.043,5785.666,5786.816,39424,1,164472
5786.816,5794.292,5770.139,5771.29,52962,1,219408
5771.29,5776.465,5762.664,5774.165,53830,1,221020
5773.59,5775.89,5769.564,5773.015,22857,1,99928
5773.59,5777.615,5767.839,5768.989,16773,1,91717
5783.941,5821.895,5776.465,5813.269,190922,1,573407
5812.694,5824.77,5797.742,5820.17,154266,1,477315
5820.745,5837.421,5808.668,5829.946,132957,1,472143
5830.521,5844.897,5828.22,5833.971,67943,1,263209
5833.396,5843.747,5832.246,5841.447,38843,1,150641
5840.872,5846.047,5835.121,5844.322,40845,1,158940
5843.747,5846.047,5833.396,5836.846,41962,1,173159
5836.846,5841.447,5833.971,5837.996,25147,1,94712
5837.996,5843.747,5826.495,5828.22,24452,1,108317
5803.493,5842.597,5801.768,5842.597,189651,1,555367
5842.597,5842.597,5814.419,5817.869,142018,1,422266
5817.294,5817.869,5786.241,5794.867,143661,1,503623
5794.867,5804.643,5789.691,5798.317,57102,1,209605
5798.892,5805.793,5794.292,5796.592,35275,1,133033
5796.017,5799.467,5779.34,5787.391,62109,1,232829
5787.966,5788.541,5763.239,5770.139,163216,1,515428
5770.715,5781.066,5766.689,5773.015,63283,1,236747
5773.015,5779.34,5760.363,5777.04,32854,1,137527
5756.338,5782.791,5745.412,5778.19,223498,1,636766
5778.19,5806.943,5758.638,5802.343,200595,1,649095
5801.768,5821.32,5799.467,5802.343,131333,1,466067
5802.343,5809.819,5797.167,5805.218,53184,1,203389
5805.793,5806.368,5790.267,5791.992,39270,1,160383
5791.992,5793.717,5769.564,5777.04,76414,1,292435
5776.465,5781.066,5769.564,5771.865,46140,1,183680
5771.29,5777.615,5767.839,5773.015,36693,1,140938
5772.44,5773.59,5760.363,5764.964,23535,1,103078
5760.363,5789.691,5754.038,5771.29,220831,1,640500
5771.865,5776.465,5736.211,5746.562,201103,1,658468
5746.562,5752.888,5726.435,5741.962,111223,1,388563
5741.387,5743.112,5724.71,5726.435,65862,1,259098
5727.01,5731.611,5709.183,5710.908,58325,1,243608
5710.333,5710.908,5694.232,5702.283,73295,1,305185
5702.283,5711.483,5698.257,5710.908,42876,1,168942
5710.333,5716.084,5708.608,5713.209,29413,1,127644
5713.784,5738.511,5708.033,5725.86,22580,1,108749
5725.285,5734.486,5711.483,5732.186,160235,1,488025
5732.186,5749.437,5720.684,5747.712,144537,1,452913
5747.712,5748.287,5725.285,5727.585,89306,1,291352
5728.16,5770.715,5725.86,5767.839,145906,1,521206
5768.414,5782.791,5766.689,5776.465,83630,1,307521
5776.465,5778.765,5767.839,5770.715,50401,1,198764
5770.715,5796.017,5768.989,5785.091,72750,1,269004
5785.091,5798.892,5782.216,5792.567,45152,1,179410
5793.142,5794.867,5781.641,5789.691,28562,1,117867
5786.241,5819.595,5773.59,5813.844,195305,1,611063
5813.269,5814.419,5771.29,5773.015,174552,1,607368
5773.015,5785.091,5767.264,5785.091,103735,1,348375
5785.091,5791.992,5759.213,5759.213,96522,1,365941
5759.213,5761.514,5745.412,5758.638,71538,1,265689
5758.638,5761.514,5748.862,5753.463,46643,1,178203
5753.463,5777.615,5750.587,5773.59,62457,1,242769
5773.59,5774.74,5760.939,5762.664,34567,1,129576
5762.089,5765.539,5756.338,5761.514,23437,1,101507
5760.363,5766.114,5704.583,5711.483,249067,1,758847
5711.483,5732.761,5709.183,5722.41,169963,1,516124
5722.41,5730.46,5716.659,5724.71,93249,1,300569
5724.71,5735.636,5720.684,5722.985,68587,1,225679
5722.985,5725.285,5710.333,5713.784,52494,1,179329
5713.784,5735.636,5712.059,5729.885,79121,1,271573
5729.885,5731.035,5718.959,5722.985,44602,1,149397
5722.41,5724.135,5713.209,5715.509,32920,1,124487
5714.934,5720.684,5704.583,5711.483,29458,1,122763
5724.135,5746.562,5712.059,5742.537,222187,1,665368
5741.962,5755.763,5740.236,5740.811,162929,1,533141
5740.811,5753.463,5740.236,5744.262,87100,1,303207
5744.837,5747.137,5725.285,5726.435,75017,1,286494
5725.86,5729.31,5714.934,5725.285,63504,1,241371
5725.285,5725.86,5707.458,5709.183,75854,1,306652
5709.758,5713.209,5694.807,5708.033,79323,1,324637
5708.033,5709.758,5698.257,5701.132,35581,1,130338
5701.132,5701.707,5688.481,5695.382,31991,1,133846
5696.532,5721.835,5693.082,5693.657,181433,1,559141
5693.657,5697.107,5666.054,5668.929,175266,1,640048
5668.929,5694.232,5663.754,5685.606,128358,1,472781
5685.031,5701.707,5683.306,5686.181,66144,1,244430
5686.181,5697.682,5683.306,5686.181,52416,1,188230
5686.181,5690.781,5678.705,5684.456,51972,1,192650
5684.456,5694.232,5681.005,5686.756,43489,1,155676
5686.756,5689.631,5681.005,5682.731,26628,1,109364
5682.155,5685.606,5678.13,5681.005,19944,1,81776
5679.28,5679.28,5656.278,5659.728,167220,1,531931
5659.153,5691.931,5657.428,5681.005,173023,1,527060
5681.58,5687.906,5663.179,5664.904,110968,1,345216
5664.904,5667.204,5657.428,5662.028,62310,1,221771
5661.453,5668.929,5658.578,5666.054,50884,1,182215
5665.479,5674.68,5665.479,5669.504,54215,1,193843
5669.504,5670.079,5641.326,5643.052,82969,1,334240
5643.052,5647.652,5641.326,5641.326,36253,1,154846
5641.901,5653.403,5637.876,5647.652,34196,1,149748
5645.927,5669.504,5637.301,5668.354,218965,1,662063
5668.354,5670.079,5644.202,5653.978,178486,1,562934
5653.978,5673.53,5647.077,5671.229,141099,1,511793
5671.804,5687.331,5667.779,5668.929,107858,1,399721
5668.929,5714.359,5667.204,5707.458,113635,1,416836
5707.458,5708.608,5689.056,5693.082,60371,1,226167
5693.082,5700.557,5682.731,5691.931,61022,1,222475
5691.931,5704.583,5690.206,5700.557,40563,1,157233
5700.557,5705.733,5698.257,5698.832,23759,1,101337
5698.832,5732.761,5693.657,5710.908,236889,1,722832
5710.908,5720.684,5690.206,5717.809,189584,1,605019
5718.384,5727.01,5702.283,5717.809,122426,1,419801
5718.384,5725.285,5687.331,5699.407,111469,1,426172
5699.407,5704.008,5676.405,5682.731,69353,1,249060
5683.306,5689.631,5679.28,5680.43,48877,1,178378
5680.43,5693.082,5677.555,5691.931,48976,1,184081
5692.507,5698.832,5687.906,5689.056,40253,1,167835
5689.056,5696.532,5682.155,5696.532,25650,1,115569
5708.608,5734.486,5706.308,5730.46,215264,1,658245
5730.46,5731.611,5712.634,5726.435,144017,1,472188
5725.86,5740.811,5716.084,5740.236,112853,1,400953
5740.236,5740.811,5722.41,5724.71,66113,1,255494
5724.135,5737.936,5721.835,5736.786,45863,1,165041
5737.361,5744.262,5732.186,5733.336,60007,1,252035
5733.911,5733.911,5721.835,5725.285,63041,1,250404
5725.285,5731.611,5724.135,5727.585,35820,1,132153
5727.585,5733.336,5722.41,5727.585,21915,1,101741
5710.908,5737.361,5700.557,5731.611,192491,1,632429
5731.611,5765.539,5727.585,5759.788,207804,1,726142
5759.788,5763.814,5745.987,5754.038,98462,1,399948
5754.613,5760.939,5735.636,5745.987,111063,1,463190
5745.412,5748.287,5731.035,5738.511,59836,1,241799
5737.936,5756.338,5734.486,5756.338,44586,1,172001
5756.338,5765.539,5752.888,5761.514,59398,1,261787
5762.089,5765.539,5758.063,5758.638,32980,1,139220
5758.063,5768.414,5756.338,5762.089,27481,1,135742
5761.514,5768.989,5736.211,5743.112,177499,1,527086
5742.537,5744.262,5716.659,5725.86,161654,1,537072
5725.86,5736.786,5718.959,5720.684,109019,1,388682
5720.684,5723.56,5714.359,5718.959,52684,1,202046
5718.959,5724.135,5717.809,5723.56,28759,1,113598
5723.56,5727.01,5708.033,5712.059,56192,1,214470
5712.059,5717.809,5708.033,5717.234,40029,1,147559
5717.234,5732.186,5715.509,5728.16,41990,1,166556
5728.16,5728.735,5721.835,5725.86,22951,1,99299
5737.936,5754.038,5729.31,5747.137,181559,1,577624
5747.137,5747.137,5721.835,5732.186,158695,1,540259
5732.761,5739.086,5710.333,5717.809,128063,1,486975
5718.384,5719.534,5703.433,5706.883,58921,1,258111
5707.458,5717.809,5706.883,5709.758,42822,1,163145
5709.758,5720.109,5702.858,5716.659,57053,1,216990
5717.234,5736.786,5714.934,5732.761,58971,1,238532
5733.336,5733.911,5723.56,5727.585,39525,1,166053
5727.585,5732.186,5721.259,5728.735,16977,1,79341
5717.234,5717.809,5683.306,5689.056,176902,1,579682
5689.631,5708.608,5683.881,5707.458,137232,1,461929
5708.033,5710.333,5695.957,5704.583,86942,1,302493
5704.583,5706.883,5691.931,5693.082,55161,1,215320
5693.082,5704.008,5691.356,5699.982,51032,1,193972
5699.407,5705.158,5695.382,5697.107,40831,1,171498
5697.107,5707.458,5688.481,5705.158,59608,1,211874
5705.158,5707.458,5700.557,5703.433,29564,1,128172
5704.008,5716.084,5701.707,5711.483,19677,1,91361
5702.858,5746.562,5692.507,5743.687,210214,1,735566
5743.687,5751.738,5731.611,5750.012,135393,1,557608
5749.437,5777.04,5740.811,5757.488,131296,1,560146
5756.913,5783.941,5756.913,5774.165,84500,1,377054
5774.165,5789.116,5770.715,5788.541,52969,1,238743
5788.541,5789.116,5774.74,5777.04,59220,1,261937
5776.465,5806.943,5762.089,5796.592,126763,1,579485
5796.592,5802.918,5792.567,5796.017,45847,1,200332
5796.017,5806.943,5792.567,5798.317,29710,1,139765
5774.165,5791.992,5751.738,5756.913,243860,1,797213
5756.338,5785.091,5754.038,5777.04,145120,1,489248
5777.04,5783.941,5755.763,5766.114,118727,1,421944
5766.114,5771.865,5754.613,5758.638,61560,1,252644
5758.063,5764.964,5747.137,5747.137,52274,1,204249
5747.137,5749.437,5734.486,5745.412,75297,1,310233
5745.412,5747.137,5732.186,5738.511,46067,1,182986
5738.511,5743.112,5730.46,5739.661,35553,1,143586
5739.086,5759.213,5739.086,5752.888,24974,1,113198
5756.338,5758.063,5735.636,5736.211,118333,1,355904
5736.211,5744.837,5724.135,5744.262,125976,1,390998
5744.262,5768.989,5740.811,5763.814,91934,1,300675
5763.814,5768.414,5755.188,5757.488,42451,1,158310
5756.913,5759.788,5753.463,5756.338,25466,1,89738
5756.913,5771.865,5756.338,5766.114,34059,1,114768
5766.689,5772.44,5758.063,5771.29,41054,1,132206
5771.29,5773.015,5763.239,5767.264,23321,1,82771
5767.264,5778.19,5766.689,5776.465,21707,1,87791
5762.089,5806.943,5752.888,5804.643,198984,1,646251
5804.068,5828.795,5799.467,5822.47,199014,1,707785
5822.47,5825.345,5808.093,5820.745,111539,1,398788
5820.745,5825.345,5812.119,5823.045,54694,1,226687
5823.045,5832.246,5816.144,5824.195,65853,1,254637
5823.62,5824.195,5804.643,5811.544,64354,1,262102
5811.544,5814.419,5799.467,5801.768,49697,1,210210
5802.343,5805.793,5798.317,5800.618,31072,1,122514
5800.618,5805.793,5792.567,5797.167,21087,1,103061
5818.335,5852.09,5816.047,5826.345,257928,1,761061
5826.917,5844.652,5821.768,5839.503,142873,1,524572
5839.503,5896.142,5838.359,5893.853,226416,1,920591
5893.853,5899.575,5862.388,5878.407,127756,1,564020
5878.407,5887.56,5861.243,5861.815,61455,1,252289
5861.815,5863.532,5835.498,5840.075,92432,1,381726
5840.075,5846.941,5832.066,5836.643,60932,1,227635
5836.643,5846.369,5834.926,5834.926,37719,1,153989
5834.926,5838.931,5812.614,5816.047,46540,1,217520
5797.739,5813.186,5776.571,5803.46,239490,1,755444
5803.46,5819.479,5789.73,5804.605,164417,1,541086
5804.605,5809.754,5789.73,5796.023,113306,1,411959
5795.451,5797.739,5769.134,5776.571,105754,1,431471
5776.571,5784.581,5772.567,5775.999,49554,1,191443
5775.427,5778.288,5765.701,5777.716,49408,1,203555
5778.288,5778.288,5758.836,5761.697,59342,1,239043
5761.697,5770.278,5758.836,5759.408,32025,1,142935
5759.98,5772.567,5757.692,5771.422,23756,1,108804
5755.403,5756.548,5703.914,5705.63,251619,1,861024
5705.63,5711.351,5690.183,5693.044,174956,1,614865
5693.044,5713.067,5689.039,5699.909,114527,1,420312
5700.481,5707.346,5695.904,5705.058,49181,1,180667
5704.486,5715.356,5701.053,5703.342,50600,1,199511
5703.914,5711.923,5702.197,5711.351,35419,1,144477
5711.351,5713.067,5704.486,5707.918,35121,1,130040
5708.491,5708.491,5695.904,5698.193,35500,1,150699
5698.193,5704.486,5694.76,5703.914,20097,1,93254
5721.077,5722.221,5676.453,5679.313,199455,1,612145
5679.313,5686.75,5670.159,5681.029,134560,1,411626
5681.029,5681.601,5654.14,5662.722,161981,1,575590
5662.15,5664.438,5650.708,5653.568,76317,1,303642
5654.14,5659.289,5648.991,5653.568,42798,1,171010
5653.568,5658.717,5648.419,5651.28,34858,1,137894
5650.708,5663.866,5648.419,5662.15,58494,1,237696
5662.15,5669.015,5655.857,5667.871,38515,1,162137
5667.871,5674.164,5663.294,5673.02,24927,1,118225
5671.304,5688.467,5648.419,5684.462,200181,1,626508
5685.034,5697.048,5675.308,5686.178,144462,1,463673
5686.178,5686.75,5650.136,5657.573,139639,1,525729
5658.145,5660.434,5639.838,5644.414,83144,1,346035
5644.414,5645.559,5632.972,5634.117,46887,1,205427
5633.544,5647.275,5632.972,5640.982,48062,1,204986
5640.982,5649.563,5640.41,5648.419,35798,1,158075
5648.991,5650.708,5643.27,5646.131,28387,1,122811
5645.559,5648.991,5639.266,5646.703,21918,1,110175
5640.982,5661.578,5635.833,5644.414,219187,1,676428
5644.414,5651.28,5634.117,5638.121,126918,1,464191
5638.121,5669.015,5632.4,5658.145,143822,1,551298
5658.145,5659.289,5635.833,5642.698,76644,1,309567
5642.698,5646.703,5636.977,5643.842,35043,1,148147
5643.27,5661.006,5643.27,5649.563,65208,1,274544
5649.563,5655.857,5645.559,5653.568,38433,1,144415
5653.568,5663.294,5652.996,5660.434,37945,1,160377
5659.861,5666.155,5654.14,5666.155,22808,1,94491
5647.847,5662.15,5634.689,5638.121,164728,1,540937
5638.121,5644.414,5625.535,5628.395,99484,1,345003
5627.823,5628.968,5578.622,5603.795,164202,1,655642
5603.795,5615.237,5603.223,5614.665,54418,1,193030
5614.093,5616.953,5599.218,5600.362,46247,1,172252
5599.79,5607.8,5596.357,5601.506,46479,1,172203
5602.079,5604.367,5593.497,5597.502,42993,1,157748
5597.502,5603.795,5596.93,5603.223,23902,1,89954
5602.651,5611.232,5600.362,5604.367,20530,1,104261
5608.372,5616.381,5591.781,5603.223,161562,1,520775
5603.223,5628.968,5587.204,5620.386,167771,1,558545
5619.814,5623.247,5607.8,5610.66,85849,1,309807
5610.66,5611.232,5596.93,5603.795,68363,1,250938
5603.795,5609.516,5595.213,5599.218,47160,1,200315
5599.218,5601.506,5588.348,5594.641,55285,1,204345
5594.641,5596.357,5588.348,5590.636,36504,1,139940
5590.636,5591.208,5584.915,5589.492,31959,1,133638
5590.064,5590.064,5584.343,5584.915,23957,1,122233
5589.492,5592.925,5567.18,5567.18,193857,1,643042
5567.18,5585.487,5566.608,5584.343,134045,1,491206
5584.343,5602.651,5570.613,5571.185,149494,1,538498
5571.757,5578.05,5567.18,5576.906,60475,1,255868
5576.906,5579.194,5567.18,5572.901,48666,1,185671
5572.901,5587.204,5571.185,5581.483,49435,1,196682
5581.483,5586.632,5575.189,5583.199,49181,1,192619
5582.627,5586.632,5579.194,5581.483,23732,1,106407
5581.483,5587.776,5579.766,5583.771,16728,1,91761
5578.05,5582.055,5564.319,5572.329,152223,1,492286
5572.901,5574.617,5560.315,5564.892,117753,1,442411
5564.892,5568.324,5554.594,5555.166,75042,1,315954
5555.166,5561.459,5552.305,5558.598,50028,1,212925
5559.17,5560.887,5546.012,5556.31,58146,1,245422
5556.882,5561.459,5551.733,5551.733,45390,1,177033
5551.733,5587.204,5547.728,5552.305,211230,1,799854
5552.305,5560.887,5519.695,5520.267,114359,1,484122
5520.267,5529.421,5505.392,5529.421,57426,1,273331
5538.002,5559.17,5530.565,5544.868,184541,1,572611
5544.868,5551.161,5518.551,5530.565,157896,1,546012
5530.565,5536.286,5515.69,5527.132,106994,1,401442
5527.705,5536.286,5509.969,5521.411,80893,1,316224
5521.411,5527.705,5511.686,5516.262,53232,1,222876
5515.69,5519.123,5501.96,5508.253,61978,1,239782
5508.253,5515.118,5502.532,5504.82,45675,1,177123
5504.82,5512.83,5504.82,5509.397,24684,1,103729
5509.397,5525.988,5506.537,5522.556,28630,1,127812
5519.123,5546.584,5514.546,5540.863,146833,1,467338
5540.291,5562.603,5531.709,5536.858,165378,1,565773
5536.858,5537.43,5519.695,5536.286,145097,1,563796
5536.286,5544.868,5529.421,5541.435,78477,1,321492
5541.435,5549.445,5532.853,5534.57,52008,1,198535
5533.998,5544.296,5529.993,5531.137,42956,1,153393
5531.137,5533.998,5516.834,5521.411,50572,1,189399
5521.411,5530.565,5520.839,5528.849,34928,1,143431
5528.277,5536.858,5519.695,5525.988,20207,1,92854
5532.281,5540.291,5495.666,5501.96,147848,1,484916
5501.388,5504.248,5476.787,5484.796,125779,1,476436
5485.369,5489.373,5467.633,5468.205,82271,1,310766
5468.205,5477.359,5468.205,5471.066,44590,1,195313
5471.066,5476.215,5468.777,5472.21,25161,1,98822
5472.21,5472.782,5457.907,5471.066,42433,1,191850
5470.494,5478.503,5465.917,5477.359,28560,1,117360
5476.787,5479.647,5474.499,5475.643,21395,1,109509
5476.215,5481.936,5469.922,5479.075,24280,1,119993
5487.085,5497.955,5472.782,5484.796,178428,1,577006
5485.369,5498.527,5481.364,5491.662,147853,1,500414
5491.662,5503.104,5488.229,5488.801,120234,1,447694
5488.801,5499.671,5477.359,5499.671,77653,1,292360
5499.099,5507.109,5487.657,5502.532,72951,1,269839
5503.104,5511.686,5493.378,5493.378,67468,1,242820
5493.95,5496.239,5484.224,5489.945,56698,1,213630
5489.373,5497.955,5487.657,5496.239,27546,1,123204
5496.811,5497.955,5486.513,5491.662,16125,1,72859
5492.234,5518.551,5479.647,5501.96,200669,1,694041
5502.532,5510.541,5480.792,5484.796,148252,1,535030
5484.796,5489.373,5460.196,5462.484,133411,1,486939
5462.484,5468.205,5457.907,5457.907,55679,1,242634
5458.479,5466.489,5457.907,5462.484,38119,1,176602
5463.056,5464.773,5458.479,5463.056,29124,1,118707
5463.056,5463.628,5456.191,5460.196,34771,1,154184
5460.768,5465.917,5460.196,5461.912,28469,1,118726
5461.912,5463.056,5456.191,5456.191,19365,1,96886
5461.34,5472.782,5444.177,5452.758,173915,1,621177
5453.331,5476.787,5452.758,5468.777,167906,1,567154
5468.205,5479.647,5467.061,5472.21,79041,1,295406
5472.21,5479.075,5462.484,5472.782,63623,1,261521
5473.354,5476.787,5460.768,5463.056,52347,1,205762
5463.056,5486.513,5463.056,5470.494,68750,1,258916
5471.066,5473.354,5460.768,5472.21,44227,1,166802
5472.21,5477.359,5465.917,5467.633,27716,1,117009
5468.205,5473.354,5463.628,5467.633,18195,1,85288
5487.085,5506.537,5484.796,5485.369,156044,1,523344
5485.369,5499.671,5477.931,5483.08,136673,1,473012
5483.08,5493.378,5469.35,5469.922,112087,1,419889
5470.494,5473.926,5458.479,5468.777,78846,1,307762
5468.205,5479.647,5465.917,5476.215,40918,1,167353
5475.643,5479.075,5465.345,5466.489,33487,1,135052
5466.489,5480.22,5466.489,5477.359,28891,1,121695
5477.359,5477.931,5471.638,5472.21,20844,1,86817
5472.21,5485.941,5470.494,5483.652,19560,1,91429
5475.071,5476.787,5453.903,5454.475,96606,1,325894
5455.047,5463.056,5448.182,5456.191,113246,1,386210
5456.191,5472.21,5451.614,5468.777,92691,1,341171
5468.205,5471.638,5460.768,5461.912,46150,1,170370
5461.34,5468.777,5460.768,5461.912,33861,1,127367
5461.912,5467.633,5456.191,5464.773,36834,1,148315
5464.773,5465.917,5449.898,5455.047,41698,1,168271
5455.047,5460.196,5453.331,5457.907,23744,1,102003
5457.335,5463.056,5455.619,5460.768,16113,1,69952
5459.052,5471.638,5437.884,5445.321,192968,1,628365
5445.321,5487.657,5441.888,5483.08,154046,1,557941
5483.652,5495.666,5474.499,5493.95,104388,1,440397
5493.95,5501.388,5485.369,5499.099,66266,1,299547
5499.671,5501.388,5487.085,5492.234,52135,1,224117
5492.234,5499.671,5487.657,5493.378,42155,1,188662
5493.95,5499.099,5485.369,5487.085,35624,1,176861
5486.513,5492.234,5485.369,5490.518,25038,1,101122
5491.09,5512.83,5490.518,5509.397,29903,1,161812
5512.258,5574.045,5504.82,5568.896,239766,1,902308
5568.896,5571.185,5551.733,5556.31,142728,1,545500
5556.31,5566.608,5547.728,5556.882,91841,1,365906
5557.454,5559.17,5539.147,5542.579,60805,1,261875
5542.579,5554.594,5540.863,5547.728,39324,1,151094
5548.3,5549.445,5536.286,5546.584,52309,1,210442
5547.156,5547.156,5535.142,5538.575,42131,1,193029
5538.575,5555.738,5536.858,5550.017,38253,1,163737
5550.017,5555.166,5540.863,5553.449,26063,1,125202
5547.156,5560.315,5527.705,5556.31,225003,1,745106
5556.31,5571.185,5552.305,5564.892,140181,1,491489
5564.892,5579.194,5561.459,5574.617,94503,1,389726
5574.045,5574.617,5549.445,5551.733,64880,1,290210
5551.733,5567.752,5549.445,5567.752,46422,1,202252
5567.752,5570.04,5555.166,5566.608,40567,1,179030
5566.036,5570.613,5559.17,5568.324,44294,1,190857
5568.324,5568.896,5547.156,5549.445,50722,1,221532
5549.445,5563.175,5538.575,5563.175,39700,1,178376
5567.733,5578.559,5524.431,5529.559,189693,1,634199
5529.559,5539.245,5514.176,5520.443,126605,1,469646
5521.013,5533.547,5509.617,5525.571,107684,1,443129
5525.571,5526.71,5508.478,5510.187,66830,1,307808
5509.617,5511.896,5486.257,5487.966,70010,1,303174
5487.966,5505.629,5486.827,5490.815,52684,1,223397
5490.245,5494.234,5478.85,5490.245,55525,1,244631
5490.245,5494.234,5480.559,5484.548,33745,1,152224
5484.548,5500.501,5478.85,5482.269,22738,1,118925
5493.664,5493.664,5450.932,5478.28,171427,1,539600
5478.28,5490.245,5465.176,5468.594,134332,1,428654
5468.025,5486.257,5462.327,5479.42,108569,1,378693
5479.99,5486.257,5473.722,5484.548,51302,1,184962
5484.548,5499.362,5475.432,5492.524,56507,1,210228
5493.094,5499.931,5487.966,5498.792,34323,1,162394
5498.222,5499.362,5489.106,5497.652,24084,1,93780
5497.652,5503.92,5495.943,5503.35,24820,1,105137
5503.35,5510.187,5501.641,5506.769,19951,1,106327
5495.943,5498.222,5477.711,5483.408,102028,1,303180
5483.978,5494.804,5481.129,5492.524,82040,1,239748
5493.094,5518.734,5492.524,5517.024,96026,1,323069
5517.024,5522.152,5511.327,5516.455,47753,1,181040
5516.455,5525.571,5514.176,5523.292,31583,1,115468
5522.722,5547.792,5519.873,5545.513,51331,1,211373
5546.082,5550.071,5536.396,5538.106,41520,1,170205
5538.106,5543.803,5532.978,5542.094,21534,1,78032
5542.094,5553.489,5540.954,5543.803,27259,1,134457
5547.222,5575.71,5541.524,5550.64,188041,1,563742
5550.64,5572.861,5537.536,5566.024,165058,1,527874
5565.454,5568.303,5544.943,5560.896,111497,1,420529
5560.326,5568.873,5552.35,5560.896,52439,1,219413
5561.466,5566.594,5555.768,5562.605,39846,1,149887
5562.036,5563.745,5535.827,5537.536,50939,1,193046
5538.106,5550.64,5535.257,5550.071,51181,1,182006
5550.64,5554.629,5543.803,5553.489,26005,1,108615
5554.059,5554.059,5542.664,5552.35,20464,1,89253
5550.071,5603.628,5542.094,5597.931,244838,1,806667
5597.931,5597.931,5571.722,5587.675,140084,1,452656
5588.245,5616.733,5588.245,5614.454,137481,1,535457
5614.454,5639.524,5609.326,5637.814,101473,1,400692
5638.384,5667.442,5629.268,5652.058,111880,1,455035
5652.628,5655.477,5632.686,5633.256,61525,1,265165
5633.826,5641.803,5623.57,5641.233,57115,1,224714
5641.233,5644.651,5637.814,5643.512,24602,1,103741
5643.512,5653.768,5629.268,5632.117,32182,1,152443
5631.547,5650.919,5574.57,5608.187,324137,1,994639
5608.187,5633.826,5577.989,5589.384,183201,1,620161
5589.384,5591.663,5561.466,5569.443,109844,1,395994
5569.443,5571.152,5562.605,5565.454,34185,1,143895
5566.024,5567.164,5552.35,5560.326,51362,1,189253
5559.757,5565.454,5548.361,5560.326,53064,1,198429
5559.757,5560.896,5549.501,5557.478,36027,1,135075
5556.908,5570.012,5556.338,5567.733,38084,1,143681
5567.164,5577.989,5564.885,5576.85,21001,1,84782
5570.012,5584.256,5555.768,5572.861,195737,1,548288
5572.861,5587.105,5557.478,5581.977,157763,1,505813
5581.977,5597.931,5572.861,5574.57,128540,1,426828
5575.14,5588.245,5564.315,5567.164,68208,1,225785
5567.164,5575.71,5564.885,5573.431,37203,1,120490
5574.001,5579.129,5564.315,5577.989,40254,1,135421
5577.989,5588.815,5572.861,5585.396,53022,1,182488
5584.826,5590.524,5581.977,5585.966,23694,1,82524
5585.966,5610.466,5584.826,5608.187,37857,1,158935
5602.489,5630.977,5584.256,5603.059,232055,1,684206
5602.489,5628.128,5593.373,5619.582,177573,1,576931
5619.012,5620.152,5587.675,5600.21,106560,1,359320
5600.21,5601.919,5582.547,5585.396,66718,1,217200
5585.396,5590.524,5574.57,5576.85,42708,1,154867
5576.85,5581.408,5560.896,5564.315,58571,1,222365
5564.315,5570.012,5556.908,5559.187,45594,1,168102
5559.187,5560.326,5552.35,5560.326,30133,1,105711
5559.757,5560.326,5549.501,5554.059,25616,1,102488
5546.652,5558.617,5488.536,5494.804,295412,1,873768
5495.373,5506.199,5481.129,5485.687,148340,1,486569
5485.687,5511.327,5470.873,5497.083,160461,1,583091
5497.083,5515.315,5496.513,5505.059,78658,1,277863
5505.059,5509.617,5494.804,5495.373,40634,1,145843
5495.943,5505.629,5491.385,5505.059,47300,1,167118
5505.059,5519.303,5500.501,5507.908,53253,1,199974
5507.338,5513.606,5505.059,5508.478,28258,1,115105
5507.908,5518.734,5506.769,5509.617,23293,1,100286
5487.966,5519.303,5484.548,5497.083,243701,1,753492
5497.083,5501.071,5481.699,5486.257,149017,1,494080
5486.257,5506.769,5485.118,5493.094,105543,1,385332
5493.094,5515.315,5491.955,5502.78,84700,1,310737
5502.78,5506.769,5477.711,5485.118,69802,1,266158
5485.118,5491.955,5478.85,5478.85,45489,1,157170
5478.85,5487.966,5473.153,5473.722,56548,1,229170
5473.153,5479.99,5472.583,5476.001,28395,1,114349
5476.571,5491.385,5474.292,5484.548,23003,1,124541
5490.815,5500.501,5461.757,5463.467,205417,1,627656
5462.897,5493.094,5458.908,5482.838,180051,1,608266
5483.408,5499.931,5476.571,5487.397,141676,1,478347
5487.397,5489.106,5472.583,5485.687,49181,1,177516
5485.118,5503.35,5479.99,5493.094,56596,1,210964
5493.094,5501.071,5486.257,5488.536,37880,1,150910
5489.106,5489.106,5466.885,5476.001,57993,1,316621
5476.001,5482.269,5475.432,5479.99,29378,1,130708
5480.559,5485.118,5473.153,5476.001,19964,1,84242
5486.827,5516.455,5481.699,5509.048,147083,1,445575
5509.617,5541.524,5506.769,5530.699,158852,1,538031
5530.699,5538.675,5523.292,5523.862,91568,1,319414
5523.862,5530.129,5513.606,5514.745,59670,1,233561
5514.176,5519.873,5504.49,5504.49,44413,1,180415
5505.059,5506.199,5483.978,5487.397,71333,1,293984
5486.827,5495.943,5483.408,5494.804,44699,1,169347
5494.234,5502.21,5490.815,5491.955,37368,1,156073
5492.524,5496.513,5489.676,5492.524,17484,1,67491
5490.245,5514.176,5478.85,5489.106,234830,1,748855
5489.106,5508.478,5485.118,5486.257,184075,1,559826
5486.827,5503.92,5477.141,5482.838,120883,1,463988
5483.408,5487.966,5477.141,5482.838,57802,1,246376
5482.269,5496.513,5477.711,5496.513,46816,1,201671
5495.943,5505.629,5493.094,5498.792,55376,1,240356
5499.362,5502.78,5490.815,5495.943,34139,1,144589
5495.943,5499.362,5490.245,5491.955,24807,1,108240
5491.955,5499.362,5491.385,5497.652,19751,1,98233
5500.501,5506.769,5487.397,5491.955,157101,1,498908
5491.955,5494.804,5461.187,5466.885,151098,1,531599
5466.315,5481.699,5463.467,5474.862,111655,1,398429
5474.862,5484.548,5473.153,5483.408,53760,1,219284
5483.978,5486.257,5477.711,5479.42,33500,1,132269
5479.42,5482.269,5468.594,5473.153,40119,1,161144
5473.153,5476.001,5459.478,5463.467,49533,1,191160
5462.897,5465.176,5460.048,5464.036,23578,1,102145
5464.036,5473.153,5461.757,5470.304,18428,1,86576
5470.873,5482.269,5464.036,5467.455,148774,1,457638
5468.025,5470.873,5445.804,5445.804,149536,1,498560
5446.374,5491.955,5444.664,5481.129,155915,1,628637
5481.129,5492.524,5473.722,5489.676,77820,1,311794
5489.676,5491.385,5477.141,5489.676,46684,1,175921
5490.245,5493.664,5477.711,5479.42,40280,1,187985
5479.99,5486.827,5470.304,5485.687,51937,1,213066
5485.687,5488.536,5478.28,5481.699,29648,1,112009
5482.269,5486.257,5476.001,5476.001,17034,1,91158
5501.641,5503.92,5448.653,5458.339,208378,1,707201
5458.339,5459.478,5432.699,5436.688,140715,1,487905
5437.257,5452.071,5434.978,5448.083,90880,1,316589
5448.653,5451.501,5434.409,5442.385,50139,1,193493
5441.815,5452.641,5440.106,5444.095,36071,1,178142
5444.095,5449.792,5442.385,5442.955,25429,1,109356
5443.525,5449.222,5440.106,5446.943,25862,1,111037
5447.513,5456.06,5446.943,5454.35,28478,1,109636
5454.35,5458.908,5446.943,5457.199,23063,1,98809
5444.664,5456.629,5423.013,5428.711,170948,1,583177
5428.711,5444.095,5425.292,5429.85,136545,1,472315
5429.85,5432.699,5396.234,5404.211,143148,1,537363
5404.211,5404.781,5388.827,5398.513,74929,1,320428
5398.513,5401.362,5393.955,5397.944,35211,1,156795
5397.944,5401.932,5392.816,5399.653,31193,1,126687
5399.083,5403.072,5393.955,5399.083,36248,1,144813
5399.653,5403.072,5397.374,5399.653,24157,1,151571
5399.083,5403.072,5393.955,5395.665,23282,1,113779
5391.107,5424.153,5381.421,5419.025,204795,1,690151
5419.025,5429.281,5404.211,5419.025,144103,1,527371
5419.025,5423.583,5392.816,5404.211,121450,1,471780
5404.211,5415.606,5403.641,5410.478,54664,1,189021
5410.478,5421.874,5404.781,5417.885,44438,1,163778
5417.885,5419.595,5410.478,5411.618,34266,1,134506
5412.188,5423.013,5409.909,5422.444,38395,1,182654
5421.874,5422.444,5413.897,5417.885,29197,1,161516
5417.885,5423.013,5415.037,5423.013,15599,1,79288
5409.339,5421.874,5394.525,5408.769,153726,1,515538
5408.199,5408.769,5391.107,5399.083,127348,1,435026
5399.083,5405.92,5391.107,5395.095,67246,1,269662
5395.095,5403.072,5394.525,5400.223,34840,1,162158
5400.223,5404.781,5396.234,5396.804,29676,1,120105
5396.804,5413.897,5396.234,5405.92,45067,1,254235
5405.92,5415.037,5384.269,5388.827,120874,1,411619
5388.827,5396.804,5387.118,5390.537,39760,1,167457
5390.537,5403.641,5389.397,5400.223,17618,1,84400
5385.979,5399.653,5370.595,5385.409,186764,1,592491
5385.979,5397.374,5368.886,5380.851,168216,1,596521
5380.851,5396.804,5380.851,5396.234,89392,1,387605
5395.665,5397.374,5377.432,5380.281,57915,1,267374
5379.711,5383.13,5374.583,5379.711,31128,1,120371
5379.711,5388.258,5375.723,5380.281,55032,1,215388
5380.281,5420.164,5379.711,5412.758,85399,1,383304
5412.758,5425.862,5403.641,5425.292,52115,1,245145
5425.292,5427.002,5407.63,5407.63,28161,1,123635
5389.397,5392.246,5352.363,5370.025,209871,1,738753
5370.025,5395.665,5370.025,5385.979,151357,1,558464
5386.548,5389.967,5375.153,5380.281,83309,1,334946
5380.851,5395.095,5379.711,5392.816,38089,1,158597
5392.816,5405.92,5391.676,5392.816,50406,1,196042
5392.816,5400.792,5386.548,5387.688,42852,1,171691
5387.118,5399.083,5384.839,5390.537,39111,1,147567
5389.967,5397.374,5387.688,5392.246,30493,1,157343
5392.246,5397.374,5386.548,5397.374,15689,1,86740
5395.108,5401.907,5373.01,5383.776,129722,1,435875
5383.776,5413.239,5380.943,5408.706,131786,1,481289
5408.706,5426.27,5400.773,5424.57,96662,1,396675
5424.004,5425.704,5404.74,5405.873,50438,1,223024
5405.873,5410.972,5404.173,5408.139,21743,1,94226
5408.139,5409.839,5393.974,5397.374,35114,1,139562
5397.94,5404.74,5391.141,5392.841,45308,1,197514
5393.408,5395.108,5388.875,5390.575,30673,1,128835
5390.575,5393.974,5386.042,5386.042,20038,1,102955
5388.308,5439.868,5388.308,5431.936,173828,1,590663
5431.936,5447.234,5429.67,5438.169,137618,1,478277
5438.169,5450.634,5425.137,5441.002,124549,1,461790
5441.002,5457.999,5438.169,5450.067,63922,1,256385
5450.634,5462.532,5448.934,5458.566,49603,1,201265
5458.566,5464.799,5456.866,5464.799,43853,1,192154
5464.799,5470.465,5460.266,5464.232,50696,1,234760
5464.232,5464.799,5457.433,5459.133,33955,1,156502
5459.133,5464.232,5455.733,5461.966,28009,1,138129
5469.898,5470.465,5447.234,5459.133,186818,1,598259
5459.699,5481.796,5454.033,5478.963,134641,1,460741
5478.963,5491.995,5469.331,5487.462,112299,1,431723
5487.462,5493.695,5479.53,5484.063,58718,1,256937
5484.063,5486.896,5471.598,5472.731,36762,1,155004
5472.164,5476.697,5457.433,5475.564,67446,1,263302
5475.564,5478.397,5471.031,5477.264,30993,1,122637
5477.83,5478.963,5466.498,5473.864,37084,1,158527
5473.864,5482.363,5472.164,5480.663,20494,1,102363
5519.758,5550.921,5516.359,5543.555,254636,1,884804
5542.989,5570.752,5540.722,5569.052,177339,1,661931
5569.618,5579.817,5554.887,5563.953,133456,1,551994
5563.953,5568.485,5550.354,5563.953,71401,1,283965
5563.386,5565.086,5548.088,5553.754,38704,1,166068
5553.187,5562.253,5552.054,5559.42,40285,1,163869
5559.42,5567.919,5553.754,5566.785,38934,1,189993
5566.785,5582.084,5561.686,5580.95,44793,1,209512
5581.517,5607.014,5575.851,5603.614,46088,1,233188
5603.614,5608.147,5545.255,5553.187,246657,1,862398
5552.621,5557.153,5524.858,5548.654,152173,1,598550
5548.088,5553.187,5521.458,5521.458,111826,1,421533
5522.025,5530.523,5519.192,5529.39,48971,1,193905
5529.39,5529.957,5520.891,5526.557,25828,1,106772
5526.557,5531.09,5520.891,5530.523,33776,1,154368
5530.523,5547.521,5529.957,5542.989,66675,1,277061
5542.989,5552.621,5540.722,5551.487,34892,1,164134
5551.487,5553.754,5538.456,5550.354,24164,1,99436
5546.955,5573.585,5542.422,5561.686,134644,1,410599
5562.253,5595.115,5561.12,5587.183,134748,1,486935
5587.183,5593.982,5581.517,5592.849,71776,1,279676
5592.849,5593.415,5574.718,5576.984,60134,1,245242
5576.984,5590.582,5575.284,5588.883,35505,1,139556
5589.449,5592.282,5578.117,5582.084,40436,1,167736
5582.65,5582.65,5572.451,5574.718,36668,1,155263
5574.718,5576.418,5571.318,5571.885,22845,1,136665
5571.885,5580.95,5571.885,5579.251,20684,1,88081
5614.379,5624.011,5597.948,5603.047,178995,1,583499
5602.481,5609.847,5591.149,5604.747,145429,1,492925
5605.314,5614.946,5596.815,5603.614,126453,1,495346
5604.181,5606.447,5581.517,5588.883,76935,1,281988
5588.316,5588.883,5577.551,5580.95,47992,1,187770
5580.95,5583.783,5565.086,5571.318,66578,1,259269
5570.752,5580.384,5568.485,5574.151,52892,1,206539
5573.585,5576.418,5571.885,5573.585,24309,1,121452
5573.585,5578.684,5570.752,5578.684,17909,1,78616
5569.052,5582.084,5545.822,5571.318,209266,1,650548
5571.885,5586.05,5558.853,5575.284,174820,1,566026
5574.718,5585.483,5568.485,5580.95,100870,1,379577
5580.384,5590.016,5573.585,5577.551,70094,1,290103
5577.551,5584.916,5570.185,5580.384,44628,1,159466
5580.384,5590.582,5570.752,5584.916,64325,1,300135
5584.35,5593.415,5578.117,5579.817,50495,1,214937
5579.251,5585.483,5578.684,5581.517,26611,1,110473
5581.517,5583.217,5576.984,5577.551,18178,1,84774
5563.386,5568.485,5524.858,5536.189,231355,1,764913
5536.756,5545.255,5515.792,5517.492,155476,1,520423
5517.492,5522.591,5510.126,5512.959,108895,1,417444
5512.959,5516.359,5507.86,5513.526,51324,1,211495
5513.526,5524.291,5511.259,5522.591,45570,1,186013
5522.591,5541.289,5520.325,5540.156,69117,1,288380
5540.722,5544.688,5536.756,5540.722,63934,1,267975
5541.289,5557.72,5540.722,5555.454,45478,1,180027
5555.454,5569.618,5552.621,5566.785,27939,1,133946
5545.822,5578.117,5531.09,5575.284,215134,1,665748
5575.284,5582.65,5565.086,5572.451,117836,1,393940
5573.018,5576.984,5546.955,5552.054,139632,1,489514
5551.487,5573.018,5545.822,5567.352,75770,1,278835
5567.352,5573.018,5562.819,5567.919,44643,1,205112
5567.352,5576.418,5564.519,5573.585,43518,1,174022
5573.585,5576.418,5567.919,5575.851,33861,1,133059
5575.284,5580.95,5571.318,5578.117,25338,1,96071
5578.117,5584.916,5575.851,5582.084,24113,1,117257
5588.883,5613.246,5584.916,5608.147,153117,1,486854
5607.58,5644.975,5606.447,5635.91,170984,1,633614
5636.477,5637.043,5624.578,5632.51,85506,1,345144
5631.944,5642.142,5628.544,5634.777,63078,1,246855
5634.777,5635.91,5623.445,5624.578,40423,1,161085
5625.145,5633.077,5620.612,5629.677,46891,1,195362
5629.677,5644.409,5629.111,5641.576,47822,1,213143
5642.142,5652.908,5639.876,5646.109,53402,1,244797
5646.675,5652.908,5641.576,5641.576,28519,1,136163
5658.007,5677.271,5639.876,5654.608,254227,1,824845
5654.608,5681.804,5637.61,5669.339,188325,1,641024
5669.906,5678.404,5654.608,5662.54,126351,1,461545
5662.54,5663.673,5652.341,5656.874,49763,1,199532
5657.441,5677.271,5654.608,5673.305,49158,1,201690
5673.305,5675.572,5662.54,5664.806,38197,1,176948
5664.24,5674.438,5661.407,5673.872,41467,1,176834
5673.305,5673.872,5667.073,5669.906,30527,1,139329
5669.906,5672.172,5663.673,5667.639,17330,1,117235
5655.174,5661.973,5640.443,5660.273,166403,1,504005
5660.273,5673.872,5654.608,5665.373,165555,1,547210
5664.806,5669.906,5646.675,5647.242,103045,1,376609
5646.675,5648.375,5626.278,5644.975,98889,1,377296
5644.409,5658.574,5642.142,5657.441,50010,1,234997
5658.007,5663.106,5647.808,5650.075,57531,1,219765
5650.075,5666.506,5640.443,5662.54,100429,1,364334
5663.106,5669.906,5657.441,5667.639,49999,1,205190
5667.639,5673.872,5664.806,5669.339,18037,1,153215
5651.208,5664.806,5638.743,5658.007,187770,1,572914
5657.441,5662.54,5635.91,5649.508,156611,1,497574
5649.508,5678.971,5646.109,5664.806,131317,1,455764
5664.806,5673.305,5652.908,5664.24,80616,1,298393
5664.806,5668.206,5650.075,5651.775,53326,1,184779
5651.775,5672.172,5650.075,5663.106,62869,1,260765
5663.106,5677.271,5661.973,5668.772,51898,1,194342
5669.339,5670.472,5658.007,5660.84,43809,1,149274
5660.84,5665.373,5654.041,5655.741,16525,1,95372
5657.441,5682.371,5651.775,5667.073,187456,1,565112
5667.073,5680.104,5650.075,5652.908,179917,1,558620
5652.908,5656.874,5634.777,5635.343,111078,1,387913
5635.343,5642.709,5631.944,5641.576,65416,1,273942
5641.576,5643.842,5631.944,5638.176,43926,1,197036
5638.743,5647.808,5636.477,5641.576,41211,1,143983
5641.576,5647.242,5638.743,5645.542,29985,1,112205
5646.109,5647.808,5641.576,5643.276,22237,1,88228
5643.276,5648.375,5641.009,5645.542,18112,1,92887
5643.276,5651.208,5630.811,5646.109,138531,1,424758
5646.109,5672.172,5641.009,5663.673,145285,1,472433
5663.106,5674.438,5658.007,5667.073,107993,1,370284
5666.506,5671.605,5660.84,5663.673,48182,1,189127
5663.673,5664.24,5655.174,5657.441,43111,1,168667
5657.441,5664.806,5656.874,5663.106,32206,1,115983
5663.673,5664.24,5651.775,5655.741,36424,1,137165
5656.307,5657.441,5651.775,5653.474,25781,1,83552
5654.041,5660.84,5652.341,5656.874,19788,1,86951
5637.61,5637.61,5612.113,5624.578,190180,1,617729
5624.011,5637.043,5613.246,5624.578,160853,1,522906
5625.145,5625.711,5592.849,5593.982,145071,1,541880
5594.549,5607.014,5591.716,5605.88,56789,1,217567
5605.88,5608.147,5601.914,5604.747,30307,1,117090
5605.314,5609.847,5597.948,5599.648,40140,1,145320
5599.648,5603.047,5595.115,5602.481,31357,1,118789
5601.914,5608.147,5599.648,5608.147,24250,1,97624
5607.58,5608.713,5602.481,5607.58,19079,1,88304
5592.282,5608.147,5589.449,5601.348,141193,1,455827
5601.914,5604.181,5554.32,5558.853,210113,1,769758
5558.853,5563.953,5542.422,5547.521,116448,1,485704
5547.521,5549.788,5536.756,5537.323,61718,1,280799
5536.756,5537.889,5513.526,5516.925,84223,1,383342
5517.492,5522.025,5514.092,5518.625,41824,1,171433
5518.625,5525.991,5515.225,5516.359,44901,1,190970
5516.359,5516.925,5505.027,5511.259,49457,1,222745
5511.259,5514.092,5499.361,5512.959,43576,1,193410
5528.824,5541.289,5521.458,5537.323,154079,1,507663
5536.756,5545.822,5514.092,5516.359,164838,1,559986
5516.359,5529.957,5509.559,5529.39,115554,1,400446
5529.39,5542.989,5527.124,5542.422,67005,1,275400
5542.422,5544.122,5531.09,5532.223,45294,1,189860
5531.657,5536.189,5525.424,5525.424,41153,1,155267
5525.424,5535.056,5524.291,5527.124,36187,1,142198
5527.124,5537.889,5525.424,5537.323,30235,1,123186
5537.323,5544.688,5536.756,5541.289,20096,1,111248
5537.889,5539.589,5510.693,5525.991,165531,1,527828
5525.991,5548.088,5522.591,5535.056,129890,1,453673
5535.623,5559.986,5518.058,5549.221,208964,1,756977
5548.654,5549.221,5531.09,5532.79,82061,1,329261
5532.79,5535.623,5523.158,5526.557,48237,1,182549
5527.124,5533.356,5522.025,5529.39,42753,1,145998
5529.39,5532.79,5516.359,5517.492,46065,1,194145
5517.492,5532.79,5516.359,5530.523,34146,1,150928
5529.957,5536.756,5526.557,5526.557,21940,1,105098
5530.523,5545.255,5517.492,5534.49,113835,1,328039
5533.923,5556.587,5532.223,5550.354,114133,1,333917
5549.788,5559.42,5544.122,5556.587,95532,1,299867
5556.02,5558.287,5548.088,5549.221,41589,1,141093
5549.221,5563.386,5548.088,5562.253,45573,1,167539
5562.253,5569.618,5556.587,5559.42,59556,1,237427
5559.42,5560.553,5528.824,5531.09,82339,1,341456
5531.09,5533.923,5525.991,5528.257,39176,1,155437
5528.824,5531.09,5525.424,5528.257,18698,1,84720
5533.356,5554.32,5528.824,5540.722,154649,1,465958
5540.156,5558.287,5532.79,5549.788,157237,1,530485
5550.354,5551.487,5508.426,5524.858,206935,1,739868
5525.424,5527.691,5499.361,5507.86,93407,1,355307
5508.426,5527.691,5506.727,5512.392,78407,1,302912
5512.959,5519.758,5507.86,5514.092,50668,1,247859
5513.526,5516.925,5503.894,5504.46,38079,1,193603
5505.027,5509.559,5498.228,5504.46,43491,1,237887
5505.027,5507.86,5500.494,5504.46,19040,1,82542
5509.559,5510.693,5489.162,5503.327,166770,1,544394
5503.327,5522.025,5496.528,5512.392,143247,1,491848
5512.959,5535.056,5511.826,5529.39,99483,1,387335
5529.39,5534.49,5508.993,5509.559,80048,1,355432
5508.993,5512.959,5503.894,5511.259,47566,1,200843
5511.826,5513.526,5503.894,5508.426,38700,1,172370
5508.426,5523.724,5507.293,5512.959,49991,1,299456
5512.959,5522.591,5511.259,5519.192,35310,1,194103
5519.192,5546.955,5518.625,5546.955,37678,1,185578
5535.665,5539.052,5514.78,5533.408,151703,1,486239
5532.843,5585.338,5531.714,5583.645,196281,1,794341
5584.209,5619.77,5583.08,5611.303,176456,1,810929
5611.303,5624.286,5591.547,5592.676,121248,1,561524
5592.112,5609.045,5591.547,5598.885,53965,1,247533
5598.885,5616.383,5596.063,5610.174,54512,1,278846
5610.174,5615.819,5592.676,5613.561,74025,1,328723
5613.561,5618.641,5607.352,5613.561,45940,1,209729
5613.561,5623.721,5610.174,5615.819,30983,1,216296
5601.707,5602.836,5555.422,5565.582,237485,1,796621
5565.582,5581.951,5554.293,5575.742,168617,1,559310
5575.742,5599.45,5567.275,5593.805,142816,1,491973
5593.24,5607.352,5593.24,5603.401,63396,1,228662
5603.401,5608.481,5591.547,5594.934,64614,1,237166
5594.934,5597.756,5591.547,5594.369,28191,1,114691
5593.805,5598.885,5590.418,5596.627,43026,1,161153
5596.627,5600.578,5594.369,5598.321,28865,1,103723
5598.321,5612.997,5597.192,5607.916,23028,1,150549
5593.805,5602.836,5583.645,5596.063,101483,1,335183
5596.063,5597.756,5570.098,5575.742,110559,1,354372
5576.307,5587.596,5568.404,5570.098,89983,1,307003
5570.098,5572.355,5562.76,5565.017,40669,1,164110
5565.017,5571.791,5563.888,5568.404,23255,1,86571
5568.969,5579.693,5563.888,5578.564,32189,1,130325
5578.564,5594.934,5576.871,5592.112,39105,1,171791
5592.676,5594.369,5589.854,5593.24,14052,1,56926
5593.24,5599.45,5592.112,5598.321,17589,1,102533
5624.286,5635.011,5615.254,5625.979,182155,1,615159
5626.544,5644.042,5625.415,5641.784,134327,1,474505
5641.784,5644.606,5635.575,5639.526,88813,1,313142
5639.526,5640.091,5625.415,5625.979,73794,1,296130
5626.544,5630.495,5618.641,5621.463,52451,1,207482
5622.028,5636.704,5621.463,5632.188,51817,1,207808
5632.188,5644.606,5628.237,5642.349,44540,1,188866
5642.349,5650.251,5637.268,5638.397,50156,1,236563
5638.962,5640.091,5627.673,5630.495,21192,1,100557
5637.833,5660.411,5637.833,5656.46,143008,1,514198
5656.46,5658.718,5614.125,5620.335,184062,1,666717
5619.77,5639.526,5616.383,5639.526,157082,1,574443
5639.526,5641.22,5631.059,5632.753,51484,1,195181
5632.753,5643.477,5627.673,5641.784,47259,1,189456
5641.22,5642.349,5631.624,5633.317,41314,1,168237
5633.317,5652.509,5631.059,5651.38,55814,1,221968
5651.38,5654.767,5647.429,5647.429,35471,1,170623
5647.429,5647.993,5635.575,5643.477,23361,1,116357
5646.3,5646.3,5625.415,5641.22,130293,1,415518
5640.655,5657.589,5638.397,5650.815,115029,1,362477
5651.38,5654.767,5638.397,5654.202,97768,1,349135
5654.767,5655.896,5636.139,5638.397,57489,1,221931
5638.397,5646.3,5633.882,5642.349,46694,1,171820
5641.784,5645.735,5635.011,5635.011,38016,1,153080
5635.575,5647.429,5633.317,5645.735,32135,1,134860
5645.735,5647.429,5642.349,5644.042,20413,1,77100
5643.477,5652.509,5641.784,5650.251,17054,1,71109
5618.641,5630.495,5602.836,5606.223,148622,1,489943
5606.788,5606.788,5583.645,5587.031,138138,1,504318
5587.596,5593.805,5581.387,5590.418,75828,1,305613
5590.418,5594.369,5587.596,5588.725,42353,1,187541
5588.725,5589.289,5577.436,5579.693,59124,1,257104
5579.129,5588.725,5571.791,5587.596,58232,1,280179
5587.596,5590.418,5581.951,5584.774,39870,1,171394
5584.774,5589.854,5583.08,5583.08,25444,1,115853
5583.08,5585.902,5578.0,5581.387,24884,1,126380
5597.192,5609.61,5585.902,5606.223,154470,1,541733
5606.788,5623.157,5604.53,5609.61,129153,1,441039
5609.045,5615.819,5601.143,5605.659,83931,1,280065
5605.659,5606.788,5593.805,5595.498,52560,1,207674
5596.063,5601.707,5593.805,5600.014,34134,1,132031
5600.014,5605.659,5593.24,5602.272,46588,1,179180
5601.707,5605.094,5596.063,5602.836,38410,1,144000
5602.272,5610.174,5599.45,5607.352,26592,1,119144
5606.788,5609.045,5599.45,5600.014,18064,1,83194
5607.916,5620.899,5576.871,5584.209,225503,1,766996
5584.209,5591.547,5563.324,5565.017,158406,1,566050
5565.582,5571.226,5538.488,5551.47,134393,1,580503
5551.47,5558.244,5547.519,5551.47,52303,1,234956
5551.47,5556.551,5548.084,5555.422,32882,1,147916
5554.857,5562.195,5552.035,5560.502,35459,1,157044
5561.066,5565.017,5553.164,5559.373,45052,1,204968
5559.937,5564.453,5559.373,5562.195,23887,1,101180
5562.195,5565.017,5558.808,5563.324,15269,1,77861
5565.017,5570.098,5528.892,5531.15,244278,1,845098
5531.15,5531.714,5513.087,5519.296,157375,1,590906
5519.296,5539.052,5506.878,5513.652,131118,1,518063
5513.652,5517.038,5506.878,5509.136,50897,1,253599
5508.571,5511.394,5502.362,5510.265,46266,1,213774
5510.265,5522.118,5508.007,5515.909,41323,1,178704
5516.474,5519.861,5511.958,5517.038,38200,1,148244
5517.038,5518.167,5512.523,5513.652,22173,1,97599
5513.652,5514.78,5509.136,5509.136,18869,1,80914
5506.314,5518.732,5497.847,5505.185,157879,1,559681
5505.749,5520.425,5497.847,5515.345,147660,1,529702
5514.78,5514.78,5497.847,5510.265,120840,1,484785
5510.265,5514.78,5499.54,5508.007,63303,1,296407
5507.442,5511.958,5502.362,5508.007,34711,1,143955
5508.571,5513.087,5501.798,5505.749,38731,1,159343
5505.749,5510.265,5503.491,5507.442,25877,1,102783
5508.007,5512.523,5506.878,5511.394,25845,1,112447
5511.394,5514.78,5500.669,5509.136,18954,1,108356
5513.652,5517.603,5489.38,5492.766,151614,1,522874
5492.766,5501.798,5485.428,5496.153,120619,1,465588
5496.153,5501.233,5479.219,5484.864,104590,1,431727
5485.428,5487.686,5479.784,5483.171,36887,1,219512
5482.606,5485.428,5478.09,5483.735,33986,1,145895
5483.735,5485.428,5475.833,5478.655,32453,1,154264
5478.655,5487.122,5475.833,5486.557,37891,1,174567
5485.993,5493.895,5484.864,5492.202,31150,1,150367
5491.638,5494.46,5487.122,5493.895,18994,1,86845
5481.477,5493.331,5473.01,5484.3,156058,1,537201
5484.864,5495.589,5481.477,5487.122,123829,1,425663
5487.686,5500.104,5487.122,5493.331,91787,1,356058
5493.331,5496.718,5489.38,5494.46,40750,1,155502
5494.46,5502.927,5491.638,5500.669,42352,1,184327
5500.669,5503.491,5496.718,5502.927,41433,1,200591
5503.491,5513.087,5501.233,5510.829,48330,1,260164
5510.829,5511.958,5506.314,5509.7,30004,1,153756
5509.7,5510.829,5502.362,5504.056,17764,1,98406
5492.202,5493.895,5480.348,5483.735,114392,1,394291
5483.171,5485.428,5473.575,5478.655,112928,1,427020
5478.655,5485.428,5475.833,5478.655,69121,1,284631
5479.219,5483.171,5474.704,5479.784,47536,1,192804
5479.784,5482.606,5475.268,5475.268,30955,1,130990
5475.833,5492.766,5475.268,5486.557,55124,1,288611
5486.557,5504.62,5478.655,5499.54,154433,1,625781
5500.104,5516.474,5496.153,5515.909,65694,1,283937
5515.345,5519.296,5508.571,5516.474,30134,1,158304
5533.972,5578.0,5528.327,5563.888,198277,1,761187
5563.888,5576.871,5561.066,5576.871,140412,1,562341
5576.871,5576.871,5545.826,5557.115,123301,1,536545
5557.115,5565.017,5548.084,5563.888,64135,1,280452
5563.888,5567.84,5562.195,5566.146,38493,1,150323
5566.146,5567.275,5556.551,5565.582,46249,1,206203
5565.582,5576.871,5563.324,5572.355,55766,1,258275
5572.355,5579.693,5570.098,5578.0,41328,1,242701
5578.0,5583.08,5574.049,5580.258,27274,1,147141
5554.293,5563.324,5546.39,5552.599,130862,1,470189
5552.035,5572.355,5551.47,5558.244,115876,1,428512
5557.679,5562.76,5541.31,5553.728,125347,1,520847
5553.164,5562.195,5550.906,5553.164,40554,1,174843
5553.728,5565.582,5553.164,5565.582,38543,1,162972
5565.582,5571.226,5562.76,5567.84,41778,1,176164
5567.84,5574.613,5563.324,5570.662,46572,1,203292
5570.662,5574.613,5567.275,5574.049,24225,1,171198
5573.484,5579.693,5572.355,5577.436,16457,1,132931
5587.031,5597.192,5577.436,5594.934,128923,1,449835
5594.934,5613.561,5589.854,5601.143,124955,1,497025
5601.707,5609.045,5593.24,5607.916,99996,1,386737
5607.916,5611.303,5601.143,5607.352,48343,1,189711
5607.352,5619.77,5606.223,5617.512,49114,1,194859
5617.512,5618.077,5602.836,5606.223,43979,1,196947
5606.223,5617.512,5604.53,5616.948,39872,1,167123
5616.948,5618.077,5609.045,5609.61,31555,1,126017
5610.174,5614.125,5604.53,5612.997,19353,1,140360
5618.641,5628.237,5592.676,5596.627,179276,1,614985
5597.192,5620.899,5596.627,5607.916,175689,1,663432
5607.916,5612.997,5600.578,5606.223,98779,1,401718
5606.223,5630.495,5605.659,5628.237,83951,1,387150
5628.801,5631.059,5623.721,5627.108,46542,1,237955
5627.108,5632.188,5616.948,5618.077,61576,1,296729
5618.077,5633.317,5617.512,5631.059,49443,1,222073
5631.059,5638.962,5625.415,5633.317,48284,1,233383
5633.317,5640.091,5627.108,5632.753,26757,1,176565
5629.93,5664.927,5629.93,5653.638,195023,1,745977
5653.073,5668.314,5640.655,5667.185,157372,1,627359
5667.749,5679.603,5663.234,5679.038,116554,1,544988
5679.038,5710.084,5672.265,5708.39,125696,1,589906
5708.955,5710.648,5698.795,5704.439,67869,1,333051
5705.004,5734.356,5700.488,5725.889,116317,1,600547
5725.324,5728.711,5695.972,5710.648,92776,1,500811
5710.084,5710.648,5695.972,5696.537,48143,1,223888
5696.537,5703.31,5692.021,5694.279,26053,1,138536
5689.763,5714.599,5662.105,5711.213,256235,1,879045
5711.213,5724.195,5698.23,5712.342,177725,1,604530
5712.906,5715.728,5696.537,5697.101,133907,1,567122
5697.101,5708.39,5680.732,5686.376,112410,1,535184
5686.941,5705.568,5685.248,5700.488,61487,1,336346
5701.052,5703.875,5689.199,5697.666,56636,1,283197
5697.666,5704.439,5693.15,5702.746,46324,1,221076
5702.746,5703.875,5685.812,5689.763,47305,1,224246
5689.763,5691.457,5679.038,5683.554,29714,1,155485
5659.964,5659.964,5631.88,5638.62,184127,1,691991
5639.182,5662.772,5638.059,5650.416,137279,1,530082
5649.854,5673.444,5642.552,5648.169,130646,1,573325
5647.607,5653.786,5627.387,5644.237,104944,1,489636
5643.675,5657.717,5643.114,5651.539,58649,1,241846
5651.539,5664.457,5650.416,5659.402,53746,1,213002
5659.402,5680.746,5649.854,5668.389,78736,1,397106
5668.389,5674.567,5664.457,5670.636,47378,1,200901
5671.197,5680.746,5667.266,5680.746,22358,1,168156
5715.569,5717.254,5681.307,5697.596,147762,1,556712
5697.034,5715.008,5695.349,5712.199,136703,1,513182
5712.761,5722.871,5699.281,5721.186,150664,1,564197
5721.186,5726.803,5703.774,5725.679,93172,1,397329
5725.118,5729.05,5718.939,5720.624,55632,1,270382
5720.624,5721.186,5707.706,5718.378,49580,1,212019
5717.816,5726.241,5713.323,5725.679,58277,1,286771
5725.679,5726.241,5713.323,5715.008,41149,1,185845
5714.446,5715.569,5702.089,5709.953,30046,1,190703
5727.926,5749.831,5723.994,5739.16,201404,1,743655
5739.16,5740.283,5717.816,5721.748,148070,1,530218
5721.186,5786.902,5720.624,5785.217,282991,1,1137302
5785.778,5793.08,5780.723,5790.833,111544,1,473861
5790.833,5792.518,5780.162,5786.34,64404,1,298891
5786.902,5791.957,5781.285,5790.272,55537,1,255372
5790.833,5817.232,5787.463,5805.999,99678,1,498234
5805.999,5818.917,5801.505,5812.739,63420,1,323464
5812.739,5832.959,5807.684,5827.342,45273,1,276195
5798.697,5803.19,5776.792,5784.093,220277,1,819309
5784.655,5824.534,5782.97,5818.917,184446,1,654949
5818.917,5838.014,5811.054,5821.725,179634,1,737710
5821.725,5826.219,5789.71,5790.833,115438,1,522306
5790.833,5795.327,5777.353,5790.272,84554,1,348236
5789.71,5806.56,5789.148,5805.999,71171,1,290877
5805.999,5815.547,5802.628,5805.999,65512,1,278382
5805.999,5809.93,5798.135,5809.369,49560,1,230012
5809.369,5819.479,5806.56,5811.054,32352,1,152021
5824.534,5839.699,5813.3,5817.794,207783,1,677059
5817.232,5823.972,5804.875,5812.177,166761,1,601783
5811.615,5840.822,5811.054,5834.644,161437,1,618590
5835.205,5848.124,5830.712,5839.699,117318,1,491295
5839.699,5841.946,5827.904,5834.644,60798,1,244974
5834.082,5839.137,5822.287,5826.219,63716,1,251093
5826.78,5831.835,5822.287,5825.657,43818,1,168328
5825.657,5834.082,5823.972,5826.219,38029,1,158040
5826.219,5828.465,5820.04,5824.534,22164,1,107210
5820.602,5882.948,5817.232,5872.837,290783,1,1011439
5873.399,5879.577,5855.426,5875.646,206775,1,716798
5876.207,5877.331,5835.205,5845.316,154627,1,581467
5845.877,5848.686,5799.258,5807.684,170480,1,648232
5807.684,5824.534,5805.437,5817.232,80430,1,302309
5817.232,5817.794,5802.067,5809.93,59666,1,264785
5809.93,5816.109,5803.752,5812.739,53529,1,237897
5812.739,5820.602,5811.054,5816.67,42901,1,165462
5816.67,5817.794,5797.012,5799.82,20690,1,105631
5832.397,5840.822,5805.999,5823.41,170540,1,565349
5822.849,5826.219,5811.054,5816.109,130819,1,467074
5816.109,5830.15,5812.177,5828.465,97752,1,366433
5829.027,5830.712,5820.04,5822.287,50634,1,202924
5822.287,5828.465,5818.355,5825.657,36075,1,132301
5825.095,5829.589,5777.915,5779.6,103911,1,417067
5779.038,5785.217,5771.737,5782.97,71396,1,268642
5782.97,5791.395,5779.6,5781.285,41687,1,171238
5781.285,5790.272,5780.162,5788.025,21195,1,97683
5790.833,5793.08,5747.585,5753.201,201864,1,698095
5753.763,5758.818,5738.036,5739.721,163609,1,587314
5739.721,5740.283,5711.076,5720.063,152466,1,637999
5720.624,5724.556,5704.898,5710.514,86849,1,409649
5709.953,5719.501,5708.268,5715.569,53905,1,219358
5715.569,5723.433,5710.514,5716.693,69498,1,284755
5716.693,5718.378,5702.089,5707.706,56565,1,227729
5707.144,5708.829,5695.349,5696.473,45793,1,219671
5697.034,5698.719,5687.486,5696.473,33226,1,174463
5681.869,5693.103,5666.704,5668.389,226735,1,811989
5667.827,5699.281,5665.581,5694.788,197420,1,689891
5694.788,5703.213,5686.362,5691.418,119404,1,474281
5690.856,5697.034,5684.677,5691.418,65506,1,278945
5691.418,5709.391,5690.294,5703.213,67919,1,289816
5703.213,5713.884,5697.596,5702.651,63059,1,251611
5702.651,5704.336,5688.048,5699.281,62926,1,259148
5699.281,5699.843,5687.486,5690.294,32722,1,159936
5690.294,5696.473,5684.116,5688.048,21447,1,109737
5707.144,5715.569,5685.239,5689.733,164166,1,585236
5690.294,5703.774,5682.431,5685.801,139855,1,476966
5686.362,5710.514,5686.362,5705.459,125245,1,458879
5705.459,5723.994,5704.336,5715.569,77834,1,319275
5716.131,5717.254,5708.829,5713.884,45413,1,173308
5713.884,5734.666,5712.199,5732.981,68639,1,284583
5732.981,5747.023,5730.173,5740.845,60588,1,269048
5741.406,5741.406,5729.611,5731.296,42952,1,179133
5730.735,5731.858,5714.446,5721.186,21253,1,98469
5690.856,5711.076,5687.486,5706.583,151833,1,507334
5706.583,5710.514,5694.226,5706.583,131975,1,425844
5706.583,5707.706,5684.677,5690.856,100164,1,338483
5690.294,5698.158,5688.048,5695.349,51365,1,210644
5694.788,5700.404,5691.979,5692.541,37362,1,133083
5692.541,5700.404,5683.554,5684.116,57854,1,216193
5684.116,5686.924,5670.074,5673.444,63648,1,264623
5673.444,5678.499,5667.266,5670.074,43130,1,217379
5670.074,5678.499,5666.704,5675.129,26174,1,137732
5684.116,5699.281,5658.841,5698.719,198335,1,729281
5698.158,5702.651,5691.418,5694.788,136086,1,480773
5694.788,5697.034,5652.662,5654.909,158344,1,621700
5655.471,5659.964,5642.552,5647.045,96433,1,417617
5647.607,5650.977,5639.182,5649.854,61789,1,255323
5649.854,5671.759,5647.607,5670.636,67684,1,286993
5670.636,5680.746,5667.827,5675.129,79351,1,325454
5675.129,5677.376,5661.087,5667.827,50193,1,223229
5667.266,5675.691,5666.704,5675.691,20225,1,114636
5689.733,5689.733,5659.402,5663.896,138355,1,503163
5664.457,5691.418,5662.772,5688.609,135861,1,535623
5688.609,5709.953,5679.622,5705.459,143444,1,584851
5706.021,5712.199,5693.103,5698.719,89918,1,362342
5699.281,5708.829,5691.979,5694.788,62642,1,257247
5694.788,5697.596,5669.512,5676.814,107008,1,466095
5676.252,5686.924,5673.444,5685.239,52778,1,217087
5685.239,5694.788,5684.116,5688.609,53145,1,225438
5688.048,5698.719,5686.924,5695.349,23355,1,115614
5714.446,5721.748,5684.677,5695.349,180492,1,630378
5694.788,5706.583,5691.979,5697.596,142033,1,499994
5697.596,5700.966,5686.362,5693.103,103776,1,487365
5693.664,5694.788,5670.074,5676.814,93824,1,385972
5676.814,5686.924,5649.292,5663.334,221901,1,788615
5662.772,5667.827,5650.416,5661.649,96698,1,387177
5661.649,5688.609,5655.471,5686.924,85210,1,393553
5687.486,5688.048,5679.622,5686.924,49525,1,196912
5686.924,5702.651,5686.362,5701.528,24965,1,130461
5691.418,5736.913,5686.362,5712.199,209964,1,745599
5712.761,5712.761,5678.499,5683.554,178135,1,649185
5683.554,5693.103,5667.266,5681.869,141786,1,514566
5681.869,5682.431,5662.772,5665.019,77629,1,293147
5665.019,5678.499,5664.457,5668.389,54045,1,204126
5668.389,5676.814,5654.347,5659.964,84496,1,356673
5660.526,5668.951,5653.786,5663.334,61084,1,255335
5662.772,5667.827,5658.279,5661.087,38546,1,181512
5661.087,5674.567,5659.402,5661.649,28572,1,135155
5678.499,5684.677,5654.347,5656.594,178742,1,657186
5657.156,5669.512,5644.237,5644.237,174404,1,639298
5644.799,5649.292,5629.634,5634.689,130881,1,556074
5634.127,5639.182,5622.894,5631.319,79868,1,358295
5631.319,5637.497,5618.962,5620.647,57370,1,244311
5620.647,5638.62,5620.085,5636.935,65549,1,317988
5636.374,5647.045,5635.25,5639.182,59463,1,261683
5639.182,5648.73,5634.689,5641.429,55555,1,257638
5641.429,5647.045,5634.689,5640.305,26940,1,136235
5640.305,5656.594,5630.195,5642.552,179694,1,602486
5642.552,5654.347,5624.017,5625.14,193791,1,750019
5625.702,5632.442,5609.975,5616.715,162928,1,630408
5616.154,5629.072,5613.907,5621.209,76371,1,337241
5621.209,5631.88,5620.085,5625.702,59502,1,262721
5626.264,5630.195,5617.839,5625.14,57050,1,289631
5625.14,5630.757,5618.4,5622.894,49626,1,215956
5622.894,5624.017,5609.975,5614.469,45541,1,197911
5614.469,5616.154,5611.099,5615.03,21253,1,133107
5618.962,5626.264,5605.482,5616.154,164168,1,561189
5615.592,5625.14,5605.482,5620.085,130144,1,536030
5620.085,5642.552,5616.715,5621.77,147883,1,589966
5621.77,5621.77,5609.413,5618.962,84489,1,348589
5618.962,5626.825,5615.03,5621.77,50017,1,218373
5621.209,5631.88,5615.03,5625.14,80768,1,341172
5625.14,5631.319,5621.209,5627.949,48412,1,203626
5627.949,5629.072,5616.715,5620.647,36937,1,162444
5620.647,5621.77,5613.345,5614.469,19035,1,92866
5622.894,5637.497,5607.728,5610.537,178713,1,637997
5610.537,5630.757,5609.975,5626.264,145415,1,575189
5626.825,5641.99,5613.907,5623.455,142428,1,591948
5623.455,5631.88,5620.085,5626.825,66668,1,296254
5626.825,5635.25,5620.085,5624.579,62463,1,289827
5624.579,5626.825,5610.537,5616.715,74764,1,373159
5616.154,5618.4,5609.975,5612.222,49009,1,203114
5612.222,5614.469,5606.043,5609.413,42473,1,195273
5609.413,5609.975,5605.482,5605.482,23725,1,157678
5605.482,5609.413,5566.726,5572.343,181534,1,728918
5572.343,5572.343,5540.89,5552.123,182057,1,790886
5552.685,5563.918,5548.191,5562.233,106399,1,466717
5562.233,5565.041,5558.301,5558.863,56579,1,288543
5558.863,5596.495,5554.931,5585.262,95349,1,446936
5585.823,5621.77,5579.645,5620.085,118305,1,597220
5620.085,5639.182,5618.962,5634.127,83307,1,391734
5634.127,5640.867,5627.949,5632.442,41262,1,201769
5632.442,5640.305,5631.88,5637.497,22704,1,117765
5611.099,5622.894,5586.385,5609.413,175914,1,642227
5609.413,5611.66,5590.878,5602.112,115925,1,433136
5601.55,5653.786,5598.742,5622.332,200449,1,765578
5622.332,5672.321,5604.92,5661.649,178280,1,735393
5662.211,5684.677,5655.471,5677.376,86423,1,352297
5677.376,5677.937,5664.457,5671.759,61911,1,251920
5671.197,5680.746,5663.334,5675.691,60085,1,211984
5675.691,5675.691,5659.402,5671.197,58743,1,239202
5670.636,5672.882,5659.402,5672.882,26561,1,100531
5651.04,5671.202,5631.438,5670.642,194498,1,722844
5671.202,5700.325,5670.082,5688.564,165193,1,707719
5688.564,5695.845,5668.402,5685.204,128856,1,520702
5685.764,5686.324,5662.801,5669.522,86838,1,411478
5669.522,5684.644,5666.722,5680.163,75313,1,327376
5680.163,5680.163,5662.241,5667.842,53938,1,235525
5667.842,5674.002,5661.681,5663.921,44910,1,193228
5663.921,5668.402,5657.201,5666.722,40880,1,176309
5666.722,5668.962,5660.561,5661.681,19185,1,91006
5661.121,5672.322,5641.519,5659.441,202868,1,669846
5660.001,5665.041,5635.918,5643.759,136353,1,512007
5643.759,5644.319,5626.397,5634.238,142968,1,557002
5634.798,5647.68,5631.438,5637.598,64747,1,279690
5638.158,5643.199,5631.438,5633.118,50301,1,233248
5633.118,5635.918,5611.835,5619.116,77078,1,307573
5619.116,5622.477,5589.993,5593.913,168839,1,639107
5594.473,5595.594,5583.832,5589.433,69629,1,316587
5588.873,5590.553,5566.47,5568.15,43190,1,228742
5546.308,5546.308,5479.66,5500.383,247162,1,855567
5500.383,5514.944,5484.701,5493.102,156103,1,532344
5493.102,5506.544,5483.581,5498.143,124512,1,471333
5498.143,5499.263,5493.102,5494.222,53450,1,188308
5493.662,5497.022,5484.701,5494.222,52700,1,194053
5493.662,5509.344,5490.862,5497.583,57462,1,206421
5497.583,5504.863,5496.462,5500.383,35382,1,132248
5500.383,5508.224,5500.383,5503.183,25698,1,97185
5503.183,5511.024,5500.383,5508.784,23150,1,111804
5498.703,5507.104,5491.982,5504.303,122934,1,364252
5504.303,5518.305,5498.143,5512.704,114363,1,393517
5512.704,5515.505,5497.022,5511.584,111735,1,378719
5511.584,5516.625,5494.782,5495.342,85403,1,321498
5495.342,5507.104,5490.862,5496.462,63534,1,232518
5496.462,5502.063,5493.662,5494.782,46697,1,155060
5494.782,5501.503,5490.862,5495.342,52037,1,212104
5495.342,5498.143,5487.501,5489.742,35703,1,143610
5490.302,5495.342,5489.742,5491.422,22135,1,99085
5490.862,5494.222,5483.581,5489.182,7204,1,29917
5509.904,5514.384,5467.339,5472.38,182778,1,648296
5471.82,5474.62,5456.698,5458.378,125291,1,481044
5458.938,5475.18,5457.818,5466.779,107791,1,425579
5466.779,5474.06,5463.979,5468.459,60909,1,331243
5467.899,5469.019,5460.618,5467.899,43909,1,177389
5467.899,5477.42,5466.779,5472.94,55515,1,238218
5473.5,5474.06,5462.299,5466.779,50091,1,223115
5467.339,5473.5,5464.539,5472.38,30959,1,148364
5472.94,5481.341,5472.38,5479.66,35350,1,170674
5479.66,5480.781,5470.699,5471.82,6993,1,40287
5489.182,5504.303,5485.261,5485.821,129833,1,421717
5485.261,5496.462,5480.781,5486.941,104297,1,355916
5487.501,5490.302,5469.579,5475.18,105552,1,383223
5474.62,5485.821,5474.62,5485.261,74253,1,285803
5484.701,5492.542,5483.581,5491.422,53266,1,211333
5491.982,5514.944,5490.862,5510.464,79467,1,336498
5509.904,5521.665,5502.623,5509.344,89162,1,375751
5509.344,5512.704,5504.303,5510.464,29895,1,128336
5510.464,5515.505,5508.784,5513.264,24622,1,108039
5513.264,5515.505,5510.464,5513.824,7001,1,41160
5512.704,5519.425,5503.743,5509.904,112024,1,354149
5509.904,5515.505,5495.342,5507.104,133417,1,454241
5507.104,5509.904,5493.662,5498.703,88205,1,340253
5498.703,5508.224,5496.462,5496.462,62906,1,233156
5497.022,5509.904,5495.342,5508.224,44640,1,180879
5508.784,5520.545,5504.863,5514.944,50978,1,201430
5515.505,5540.707,5513.264,5528.386,112236,1,446874
5528.386,5555.269,5527.266,5546.868,101893,1,405505
5546.868,5549.668,5536.787,5547.428,40103,1,198531
5547.428,5550.789,5538.467,5541.267,7637,1,34527
5539.027,5562.55,5528.386,5529.506,146453,1,461940
5529.506,5532.867,5516.065,5519.425,115739,1,406195
5519.425,5533.427,5518.865,5530.066,80747,1,311804
5528.946,5536.787,5518.865,5520.545,92080,1,348744
5521.105,5521.665,5507.664,5508.224,59556,1,237567
5508.224,5513.264,5504.863,5508.784,46107,1,170731
5508.784,5519.425,5505.983,5518.865,40001,1,151619
5518.865,5518.865,5509.344,5516.065,26367,1,102223
5516.065,5517.745,5509.344,5511.024,19902,1,86001
5510.464,5511.024,5502.063,5503.183,7700,1,41855
5511.024,5531.186,5508.224,5530.626,105580,1,339160
5530.066,5547.428,5527.266,5541.267,109018,1,412346
5541.267,5544.068,5532.306,5533.987,80943,1,302295
5533.987,5534.547,5514.384,5515.505,74991,1,306266
5516.065,5517.185,5507.104,5511.584,57602,1,313523
5511.584,5518.305,5509.904,5515.505,39354,1,165745
5515.505,5518.305,5505.983,5510.464,40048,1,164066
5510.464,5510.464,5507.104,5508.224,22241,1,107457
5508.224,5513.264,5507.104,5511.024,20184,1,91720
5511.024,5511.584,5507.664,5508.224,5882,1,27621
5497.583,5506.544,5491.422,5494.782,104963,1,309726
5494.782,5494.782,5439.896,5453.898,197347,1,764095
5454.458,5459.498,5440.456,5448.297,119433,1,515526
5448.297,5470.699,5446.617,5461.738,84902,1,370096
5461.738,5464.539,5453.337,5460.618,49804,1,201727
5460.618,5465.099,5459.498,5462.859,34593,1,157123
5462.299,5462.859,5453.898,5456.698,34452,1,134554
5457.258,5462.299,5452.217,5454.458,29837,1,134482
5455.018,5460.618,5452.777,5458.938,25283,1,145534
5458.938,5462.859,5457.818,5461.738,9264,1,41713
5456.698,5460.618,5437.096,5454.458,124578,1,432662
5454.458,5455.578,5427.015,5433.175,130660,1,458729
5433.175,5453.337,5432.615,5444.376,129262,1,489096
5444.376,5453.337,5438.776,5444.937,69994,1,267674
5444.376,5483.021,5444.376,5475.18,90625,1,379206
5475.18,5476.86,5455.578,5457.818,56445,1,235002
5458.378,5460.058,5448.857,5459.498,49506,1,221191
5459.498,5463.979,5457.818,5462.859,28396,1,138574
5463.419,5465.659,5458.938,5461.178,19189,1,83190
5460.618,5462.299,5455.578,5455.578,5890,1,28305
5446.057,5470.139,5441.576,5460.058,156180,1,534514
5460.618,5493.102,5453.337,5485.821,152295,1,620635
5485.821,5496.462,5477.98,5490.302,100493,1,414245
5489.742,5499.823,5485.821,5487.501,72653,1,304313
5487.501,5498.703,5485.821,5493.102,46062,1,206798
5492.542,5493.662,5479.66,5483.021,53474,1,232033
5482.461,5497.022,5481.341,5497.022,39572,1,168494
5496.462,5502.063,5493.662,5500.943,32306,1,165700
5501.503,5509.344,5499.823,5506.544,28440,1,134979
5507.104,5508.224,5497.022,5502.063,10515,1,49341
5489.742,5500.943,5484.701,5485.261,86835,1,340257
5485.821,5485.821,5465.099,5469.019,88908,1,334812
5469.019,5469.579,5451.097,5452.217,75081,1,296585
5451.657,5458.378,5446.057,5449.417,56542,1,234425
5449.977,5457.258,5449.417,5456.138,37884,1,181277
5455.578,5460.618,5453.337,5456.698,29553,1,127876
5456.138,5458.378,5434.295,5443.816,76859,1,325419
5443.816,5447.737,5436.536,5439.336,42754,1,192507
5439.896,5443.816,5436.536,5443.256,18972,1,96307
5443.816,5444.376,5435.976,5438.216,9817,1,45579
5439.896,5465.659,5429.815,5464.539,150461,1,477436
5464.539,5475.74,5460.058,5471.26,130826,1,471682
5471.26,5471.26,5455.578,5466.219,96443,1,341197
5466.779,5482.461,5461.178,5480.221,86645,1,324717
5480.221,5485.821,5474.62,5484.701,49756,1,195841
5484.701,5493.662,5483.021,5491.422,53802,1,220715
5491.982,5501.503,5490.302,5497.583,54170,1,232937
5498.143,5500.383,5488.621,5488.621,46788,1,203623
5489.182,5492.542,5487.501,5490.862,25037,1,109369
5491.422,5496.462,5488.621,5492.542,10636,1,49731
5493.662,5495.902,5467.899,5489.742,140090,1,469532
5489.742,5492.542,5474.62,5479.66,137112,1,525781
5480.221,5490.302,5475.74,5479.66,113445,1,408859
5480.221,5491.982,5477.98,5485.821,90005,1,363792
5485.821,5491.982,5479.1,5480.781,51987,1,207187
5480.221,5515.505,5479.66,5502.063,95859,1,425852
5502.063,5503.183,5484.141,5491.982,68105,1,252770
5491.982,5497.583,5490.302,5494.222,32333,1,130946
5494.222,5503.183,5491.982,5501.503,19621,1,74447
5502.063,5502.623,5495.902,5500.383,5717,1,30281
5493.102,5499.823,5477.98,5484.141,87280,1,269712
5484.701,5491.422,5483.581,5488.621,49213,1,155829
5489.182,5497.022,5479.66,5483.581,71781,1,256433
5483.581,5486.381,5477.98,5484.701,38362,1,139010
5484.701,5489.742,5481.341,5489.742,22365,1,88295
5489.182,5490.862,5485.821,5489.182,21103,1,98063
5489.182,5503.183,5488.061,5502.063,32464,1,143923
5501.503,5502.623,5497.022,5500.383,16175,1,81933
5500.383,5501.503,5495.342,5498.143,10524,1,49115
5498.143,5499.823,5493.662,5499.823,4276,1,25522
5492.542,5497.022,5475.18,5475.74,115130,1,352180
5476.3,5494.222,5471.82,5486.941,116771,1,422405
5486.941,5494.782,5477.42,5478.54,87152,1,311331
5478.54,5498.143,5472.38,5494.222,75026,1,316739
5494.222,5496.462,5486.941,5491.422,41706,1,176136
5491.982,5494.222,5485.261,5485.821,26358,1,100634
5485.821,5489.182,5479.66,5488.061,26131,1,129515
5488.061,5491.422,5486.381,5489.182,13452,1,64410
5489.182,5494.782,5488.621,5494.222,9021,1,42406
5494.222,5494.222,5486.941,5488.061,3361,1,20533
5490.862,5498.143,5475.74,5479.66,120758,1,402132
5479.66,5481.901,5458.378,5461.178,121553,1,471848
5461.178,5493.662,5458.938,5491.982,103028,1,431796
5491.422,5514.384,5488.621,5504.303,110969,1,512358
5504.303,5507.664,5497.022,5497.583,49757,1,228812
5498.143,5498.143,5481.341,5488.061,62772,1,293492
5488.061,5497.022,5484.701,5493.662,49666,1,205912
5493.662,5495.342,5485.261,5488.621,28497,1,130434
5489.182,5491.982,5487.501,5489.182,14739,1,65941
5488.621,5489.742,5483.021,5486.941,6304,1,33871
5486.941,5492.542,5469.019,5482.461,154859,1,476729
5482.461,5499.263,5469.579,5493.662,148738,1,533093
5493.662,5498.703,5466.219,5468.459,133429,1,503379
5467.899,5471.82,5442.136,5448.857,143475,1,665524
5448.857,5454.458,5444.937,5446.057,59752,1,251854
5446.057,5456.698,5444.937,5452.217,47046,1,198942
5452.777,5465.099,5450.537,5459.498,55522,1,254280
5459.498,5460.618,5455.018,5457.258,28577,1,139415
5457.258,5460.618,5456.138,5457.818,26023,1,110295
5457.818,5461.738,5456.698,5457.258,6681,1,36362
5459.498,5474.62,5448.857,5474.62,121289,1,380843
5474.62,5491.982,5474.06,5488.061,164687,1,593041
5488.061,5494.222,5461.178,5468.459,121140,1,472133
5469.019,5475.74,5459.498,5475.18,89888,1,355647
5475.18,5488.061,5473.5,5483.581,57653,1,235539
5483.581,5484.141,5466.219,5470.699,50833,1,219044
5470.699,5482.461,5466.219,5471.26,52705,1,219456
5471.26,5477.98,5467.899,5472.38,33961,1,135935
5472.94,5495.902,5472.38,5494.782,38073,1,154186
5494.782,5496.462,5489.182,5494.222,10381,1,48986
5508.19,5536.124,5507.072,5525.509,169437,1,572679
5525.509,5541.711,5515.453,5529.979,171419,1,634015
5530.537,5542.27,5518.246,5532.772,130482,1,534615
5532.772,5535.007,5517.129,5529.42,99011,1,412476
5529.979,5532.214,5523.833,5526.068,56087,1,251687
5526.068,5528.303,5514.335,5515.453,43063,1,174694
5515.453,5523.833,5514.335,5516.011,41098,1,194006
5516.011,5516.57,5508.748,5508.748,39173,1,174195
5508.19,5521.598,5507.072,5514.335,29569,1,122941
5514.335,5529.979,5513.777,5523.833,12638,1,58210
5503.72,5517.129,5494.222,5515.453,109901,1,358618
5515.453,5529.42,5510.424,5528.303,99467,1,345674
5528.303,5531.096,5515.453,5515.453,94074,1,407652
5515.453,5515.453,5485.842,5490.87,142698,1,571624
5490.87,5496.457,5465.729,5475.785,132140,1,495770
5475.785,5476.344,5456.231,5459.024,65085,1,255085
5459.583,5466.287,5454.555,5459.583,48399,1,176731
5459.024,5469.639,5458.466,5469.081,32327,1,142076
5468.522,5472.992,5465.17,5471.874,23509,1,149798
5471.874,5474.109,5466.846,5468.522,7689,1,42110
5483.048,5491.987,5478.02,5480.255,92988,1,318475
5480.813,5498.692,5479.137,5495.898,87178,1,335621
5495.898,5510.424,5492.546,5505.955,91888,1,369299
5505.955,5525.509,5499.25,5521.598,94545,1,318039
5522.157,5524.95,5516.57,5522.716,48521,1,179555
5522.716,5539.477,5522.157,5533.89,69976,1,291396
5533.89,5548.974,5533.331,5546.181,60684,1,254957
5546.181,5548.974,5541.153,5542.829,30007,1,132878
5542.27,5543.946,5536.683,5540.035,25952,1,118634
5540.035,5545.622,5536.683,5536.683,11875,1,58940
5546.74,5563.501,5535.566,5540.594,146708,1,483243
5540.594,5561.824,5535.566,5552.327,165098,1,597469
5552.327,5555.12,5542.829,5550.092,98349,1,359772
5550.092,5561.824,5527.185,5552.327,164025,1,591893
5552.885,5555.12,5538.918,5542.829,61985,1,213065
5542.829,5543.946,5519.922,5522.157,77424,1,313861
5522.157,5525.509,5516.57,5518.805,42604,1,159613
5518.805,5522.716,5514.335,5515.453,25897,1,125482
5516.011,5520.481,5513.218,5519.922,24885,1,97374
5519.922,5524.392,5519.363,5521.04,6829,1,31568
5508.748,5510.983,5499.25,5502.044,96668,1,313215
5502.044,5510.983,5491.429,5493.105,120424,1,410423
5493.105,5493.105,5472.433,5481.372,120530,1,494992
5481.372,5485.283,5474.109,5483.048,65383,1,247566
5482.49,5489.194,5480.813,5484.724,44738,1,177719
5484.166,5492.546,5482.49,5490.87,38235,1,169793
5491.429,5493.105,5481.931,5484.724,44519,1,189731
5484.724,5492.546,5483.048,5487.518,29397,1,120991
5487.518,5495.34,5486.959,5488.635,25905,1,126086
5488.635,5491.429,5486.959,5488.635,7524,1,35173
5483.048,5497.574,5469.639,5471.316,146033,1,504071
5471.316,5476.344,5464.053,5470.757,117995,1,438549
5470.757,5503.161,5470.198,5494.781,137741,1,540544
5494.222,5502.603,5488.635,5494.222,71759,1,248974
5494.222,5501.485,5486.959,5491.429,51824,1,179868
5491.429,5495.34,5482.49,5492.546,46578,1,170349
5491.987,5497.016,5487.518,5497.016,28989,1,99273
5497.016,5500.927,5494.222,5496.457,26814,1,119678
5496.457,5497.016,5489.194,5494.222,19159,1,89831
5494.222,5502.044,5492.546,5500.927,9151,1,45854
5481.931,5498.133,5480.813,5495.898,99400,1,310461
5495.898,5521.598,5486.4,5509.866,186760,1,662733
5510.424,5525.509,5498.133,5502.603,143492,1,508346
5502.044,5505.955,5488.635,5505.955,79597,1,265086
5505.396,5521.598,5504.279,5521.04,50370,1,199906
5521.04,5523.274,5509.307,5509.866,40263,1,163686
5509.307,5515.453,5508.748,5515.453,27709,1,106189
5515.453,5517.687,5510.983,5516.57,21240,1,93918
5516.011,5521.04,5511.542,5518.246,19643,1,90259
5518.805,5523.833,5516.57,5517.687,8153,1,39325
5522.716,5541.711,5516.011,5528.861,111972,1,362810
5528.861,5549.533,5522.716,5537.8,119339,1,432567
5537.8,5547.298,5533.89,5538.359,76042,1,275846
5538.359,5544.505,5528.861,5531.096,61933,1,232596
5531.655,5534.448,5524.392,5529.42,40370,1,158009
5528.861,5535.007,5527.185,5534.448,24814,1,96994
5533.89,5536.124,5518.805,5519.922,42185,1,166597
5519.922,5525.509,5516.57,5523.274,30732,1,143176
5523.833,5528.861,5522.157,5525.509,13086,1,63712
5524.95,5527.744,5521.04,5525.509,7006,1,29138
5512.659,5524.392,5506.513,5519.363,105817,1,357180
5519.922,5532.772,5506.513,5529.979,161385,1,617185
5529.979,5548.974,5521.04,5542.27,119242,1,474661
5542.27,5552.327,5537.8,5541.153,74119,1,317014
5541.711,5556.237,5538.918,5553.444,47384,1,209334
5552.885,5562.942,5550.651,5557.914,49047,1,246166
5557.914,5558.472,5547.857,5552.327,42994,1,178065
5552.885,5557.355,5551.768,5555.679,21486,1,91699
5555.12,5556.237,5551.209,5554.561,16834,1,86886
5554.561,5555.679,5547.857,5551.768,8182,1,49376
5550.651,5559.59,5532.214,5545.622,117210,1,435562
5546.181,5565.735,5543.387,5545.064,136151,1,528462
5545.622,5555.12,5536.683,5537.8,94362,1,384184
5537.8,5545.622,5529.979,5543.946,65077,1,273415
5544.505,5563.501,5542.829,5560.148,51967,1,232623
5559.59,5565.735,5553.444,5561.824,44783,1,217510
5562.383,5565.177,5555.12,5562.942,36364,1,155268
5562.383,5562.383,5495.34,5501.485,173101,1,734230
5502.044,5513.218,5497.574,5500.368,64666,1,289883
5500.368,5503.72,5497.016,5498.133,9538,1,54707
5458.466,5475.226,5453.996,5462.376,155372,1,581106
5462.935,5488.076,5457.348,5479.696,165477,1,611662
5480.255,5486.959,5453.437,5462.935,128443,1,528086
5462.376,5477.461,5461.259,5469.081,83050,1,355492
5469.081,5482.49,5466.287,5479.137,51748,1,217606
5478.579,5482.49,5473.55,5474.668,37127,1,151712
5474.668,5491.429,5473.55,5488.076,45306,1,219579
5488.635,5499.25,5481.372,5496.457,45196,1,243300
5496.457,5499.25,5488.076,5493.105,29626,1,137263
5493.105,5499.809,5492.546,5495.898,8931,1,38991
5489.753,5524.392,5482.49,5522.716,136156,1,489443
5523.274,5535.566,5515.453,5520.481,159504,1,623813
5521.04,5522.716,5497.574,5512.659,135567,1,559353
5512.659,5528.861,5509.866,5527.185,62934,1,259451
5527.744,5532.214,5518.246,5522.716,54969,1,229464
5522.716,5526.068,5518.246,5519.922,28684,1,143119
5519.363,5529.42,5518.246,5523.833,40758,1,187362
5523.833,5528.303,5519.363,5519.363,25344,1,118667
5519.922,5527.744,5516.011,5526.627,24483,1,125016
5526.627,5526.627,5519.922,5519.922,8140,1,37546
5519.363,5531.655,5517.129,5522.157,93261,1,323739
5522.157,5534.448,5508.19,5514.335,129370,1,464794
5514.894,5530.537,5513.218,5519.922,96233,1,331451
5519.922,5524.392,5512.659,5516.011,45490,1,166393
5515.453,5524.392,5514.894,5518.246,33433,1,141233
5518.805,5521.04,5505.396,5507.072,46876,1,193291
5507.072,5508.748,5465.729,5480.255,101930,1,434327
5480.813,5486.4,5476.903,5479.696,34641,1,147444
5479.696,5481.931,5477.461,5479.137,17088,1,83940
5478.579,5479.137,5469.081,5471.874,10349,1,48101
5463.494,5470.757,5432.766,5436.118,168117,1,633135
5436.118,5442.822,5428.855,5435.559,98013,1,411883
5436.118,5441.146,5432.766,5437.235,69097,1,317139
5437.235,5441.705,5421.592,5423.826,72686,1,330661
5423.826,5435.559,5423.826,5433.324,42065,1,207498
5433.324,5433.883,5426.061,5427.737,33924,1,143717
5427.179,5434.442,5418.798,5431.648,57726,1,313947
5431.089,5433.324,5426.62,5432.207,24169,1,135870
5431.648,5440.587,5430.531,5432.207,35381,1,167521
5432.207,5439.47,5431.648,5437.235,8420,1,32410
5441.705,5443.939,5424.944,5435.0,104743,1,383921
5435.559,5440.587,5432.207,5436.676,66011,1,281409
5436.676,5451.203,5436.676,5448.968,86390,1,355011
5448.968,5454.555,5444.498,5453.437,58201,1,253728
5452.879,5464.611,5445.057,5462.376,60845,1,253983
5462.376,5465.729,5455.672,5461.259,41015,1,169423
5461.259,5471.874,5460.7,5469.639,42506,1,168751
5469.081,5487.518,5468.522,5485.283,53758,1,261819
5484.724,5491.429,5480.813,5489.753,52604,1,224205
5489.753,5494.222,5486.959,5491.987,10956,1,45614
5461.259,5472.433,5450.644,5451.761,102932,1,385782
5452.32,5474.109,5448.409,5452.32,138963,1,512218
5452.879,5458.466,5437.794,5446.733,102073,1,415726
5446.733,5460.142,5441.146,5442.263,79079,1,319833
5442.263,5446.733,5434.442,5446.174,57999,1,243158
5446.174,5465.729,5443.381,5461.818,60677,1,245874
5461.818,5466.287,5457.348,5461.259,41912,1,166135
5461.818,5463.494,5455.672,5460.142,30665,1,145867
5460.142,5461.818,5452.879,5453.437,18729,1,87002
5453.996,5460.142,5450.644,5459.583,7719,1,33967
5443.381,5451.761,5435.559,5437.235,93574,1,335345
5437.235,5441.705,5429.972,5436.676,94889,1,380476
5436.676,5441.146,5427.737,5435.559,67639,1,265827
5436.118,5436.118,5420.474,5427.737,74267,1,332384
5428.296,5429.972,5422.15,5426.62,34088,1,163750
5426.061,5433.883,5415.446,5419.916,49387,1,233764
5419.916,5422.709,5415.446,5419.357,31603,1,164762
5419.357,5432.766,5418.798,5429.413,36496,1,166885
5428.855,5433.324,5428.296,5430.531,15888,1,61849
5430.531,5430.531,5425.502,5428.296,7396,1,33772
5417.122,5428.296,5410.976,5412.094,91083,1,304355
5412.094,5415.446,5399.802,5402.037,83799,1,315285
5401.479,5410.418,5400.361,5403.155,53755,1,222721
5402.596,5403.713,5387.511,5388.628,53190,1,225760
5388.628,5393.657,5387.511,5389.746,31697,1,130558
5389.746,5389.746,5379.131,5384.159,46957,1,189554
5384.159,5390.305,5379.131,5390.305,40180,1,192790
5390.305,5390.305,5382.483,5383.6,19985,1,80793
5383.6,5385.835,5381.924,5383.042,19757,1,163183
5383.042,5383.6,5373.544,5373.544,13276,1,61980
5372.426,5395.892,5361.811,5395.892,95083,1,367908
5395.892,5397.009,5387.511,5393.657,68904,1,257360
5393.098,5398.126,5389.746,5393.098,60232,1,259976
5393.098,5397.009,5380.807,5383.042,60720,1,254165
5383.042,5401.479,5381.924,5393.657,63711,1,239987
5393.098,5394.215,5381.365,5384.159,52621,1,184576
5384.718,5396.45,5379.131,5394.774,43356,1,181071
5394.774,5401.479,5390.305,5391.981,37251,1,149476
5391.981,5395.892,5389.187,5392.539,17567,1,73892
5392.539,5394.215,5388.07,5389.187,8260,1,34959
5383.068,5414.222,5380.286,5406.433,126004,1,414790
5406.99,5414.222,5396.419,5413.666,83449,1,317504
5413.109,5418.673,5393.081,5401.983,81931,1,333879
5401.983,5405.321,5392.525,5404.208,55537,1,252311
5404.208,5421.454,5399.757,5418.116,48213,1,230735
5418.673,5439.813,5417.004,5423.123,62173,1,278562
5422.567,5431.468,5409.771,5414.222,51001,1,211024
5414.222,5419.785,5413.109,5418.116,27196,1,134164
5417.56,5427.018,5417.004,5424.236,28720,1,140737
5423.68,5424.236,5414.222,5415.891,8857,1,38043
5434.25,5453.722,5414.222,5453.722,133751,1,464963
5453.165,5472.637,5452.609,5470.968,96665,1,386238
5470.968,5472.081,5444.82,5453.722,97232,1,348080
5453.722,5479.869,5446.489,5478.2,77351,1,314382
5478.757,5478.757,5465.961,5467.63,42350,1,184421
5467.074,5479.869,5465.961,5479.869,35462,1,153228
5479.313,5494.89,5477.644,5494.334,50456,1,220838
5494.89,5495.447,5477.088,5489.883,42834,1,196740
5489.883,5495.447,5487.658,5492.109,25609,1,135167
5491.552,5502.123,5490.44,5499.897,12238,1,66915
5515.475,5516.031,5492.109,5506.573,131629,1,452208
5506.573,5510.468,5487.102,5502.123,116201,1,385912
5502.679,5504.348,5485.989,5496.559,102808,1,366020
5497.116,5499.897,5470.968,5496.003,126063,1,516428
5495.447,5499.341,5487.658,5498.228,48193,1,197672
5498.785,5504.348,5492.109,5493.221,42191,1,153577
5493.778,5494.89,5485.989,5493.221,40793,1,153818
5493.221,5503.235,5480.982,5489.327,70348,1,294186
5488.771,5495.447,5488.214,5492.665,22782,1,85958
5492.665,5497.672,5491.552,5495.447,6137,1,31662
5484.876,5493.778,5476.531,5485.989,105019,1,366385
5486.545,5502.679,5479.313,5496.559,110184,1,398070
5496.003,5512.693,5490.44,5504.904,112649,1,403899
5504.348,5505.461,5484.32,5488.771,71892,1,289279
5488.771,5490.996,5478.757,5489.327,62726,1,262438
5489.327,5491.552,5481.538,5485.433,37946,1,151943
5485.433,5487.658,5480.426,5482.095,27003,1,99358
5482.651,5487.102,5477.644,5479.869,27088,1,157965
5479.869,5482.651,5469.299,5473.75,31730,1,149386
5473.75,5473.75,5466.517,5467.63,8299,1,44286
5482.095,5499.897,5473.193,5491.552,98818,1,336500
5491.552,5517.144,5458.729,5463.736,197956,1,744032
5463.736,5467.074,5445.933,5448.715,125582,1,438293
5448.715,5448.715,5425.905,5439.257,110009,1,418536
5439.257,5446.489,5435.363,5442.595,47526,1,183194
5443.151,5448.158,5438.701,5446.489,43758,1,180704
5446.489,5448.715,5433.694,5438.701,42319,1,187234
5438.701,5442.039,5434.25,5439.813,27573,1,142512
5439.257,5449.271,5438.144,5443.151,23762,1,102669
5442.595,5445.377,5438.701,5440.926,8056,1,47313
5445.933,5470.968,5442.039,5468.743,133839,1,441869
5468.743,5468.743,5454.834,5460.954,87975,1,274357
5460.398,5460.954,5440.926,5443.708,100988,1,322991
5443.708,5454.834,5439.257,5439.257,66337,1,224107
5439.257,5444.82,5432.025,5440.926,52524,1,186749
5441.482,5448.158,5438.701,5444.264,36207,1,133206
5444.264,5444.264,5428.687,5440.926,47141,1,190141
5440.926,5442.039,5433.694,5434.806,26500,1,103733
5435.363,5443.708,5434.806,5441.482,24308,1,101424
5441.482,5442.039,5434.25,5435.363,8217,1,43460
5447.046,5454.834,5441.482,5449.827,107469,1,331584
5449.271,5462.067,5447.602,5458.729,99444,1,385829
5458.729,5464.848,5447.602,5454.278,102475,1,345129
5454.834,5475.419,5454.278,5473.75,77345,1,326200
5473.193,5475.975,5463.179,5464.292,43379,1,185491
5463.736,5473.193,5462.623,5467.63,36035,1,128241
5467.074,5470.968,5459.841,5470.412,46257,1,191183
5470.968,5478.2,5467.63,5474.862,30251,1,123732
5475.419,5478.757,5471.524,5475.975,22924,1,91834
5475.975,5477.644,5470.968,5473.193,9051,1,41162
5468.743,5470.968,5449.827,5450.94,110803,1,367413
5450.384,5457.616,5442.039,5452.053,120866,1,417813
5452.053,5473.75,5450.94,5461.51,106618,1,405020
5461.51,5470.968,5455.391,5455.947,63633,1,253719
5455.391,5463.736,5453.722,5459.841,45922,1,179241
5459.841,5461.51,5453.722,5459.285,31430,1,118736
5458.729,5463.179,5455.947,5460.398,34220,1,135259
5460.398,5462.067,5456.503,5457.06,15864,1,71617
5457.06,5460.398,5454.834,5458.729,20317,1,81528
5458.729,5459.841,5455.391,5459.285,6096,1,28547
5455.947,5460.398,5443.708,5448.715,92243,1,342960
5448.715,5457.616,5429.799,5448.715,199603,1,773995
5448.715,5458.729,5419.785,5437.032,158481,1,610622
5436.475,5450.94,5434.25,5439.813,90231,1,345816
5439.813,5449.827,5433.694,5447.602,58829,1,225553
5448.158,5455.947,5438.701,5455.391,47229,1,195229
5455.391,5460.398,5443.151,5447.046,50054,1,214382
5447.046,5447.602,5437.032,5437.588,27096,1,133427
5437.588,5442.039,5432.581,5433.137,23374,1,116724
5433.694,5435.919,5432.025,5433.694,6237,1,37851
5434.25,5440.926,5429.243,5430.912,106733,1,364517
5430.912,5435.363,5390.856,5405.321,200533,1,828725
5405.321,5413.109,5387.518,5399.201,107135,1,396681
5399.201,5415.335,5397.532,5406.99,71462,1,309213
5407.546,5416.447,5405.321,5413.109,45994,1,190970
5413.109,5427.018,5411.44,5420.342,52910,1,224633
5420.342,5420.898,5413.109,5414.778,35292,1,141679
5415.335,5417.56,5411.997,5415.891,19882,1,76752
5415.891,5418.116,5410.884,5413.666,17505,1,70505
5414.222,5415.335,5410.328,5413.666,6127,1,31599
5396.419,5434.25,5396.419,5431.468,96431,1,337541
5430.912,5439.813,5430.912,5434.806,72228,1,274428
5434.806,5439.813,5433.694,5435.363,38647,1,160247
5435.919,5448.715,5435.363,5439.257,54497,1,233795
5439.257,5440.926,5432.581,5433.137,31872,1,124517
5433.137,5434.25,5425.905,5427.018,31857,1,139689
5426.461,5429.243,5418.673,5420.342,27804,1,153118
5420.342,5426.461,5419.785,5425.349,14832,1,70777
5424.792,5427.574,5423.68,5425.349,9854,1,45867
5425.349,5425.349,5419.785,5419.785,5127,1,23634
5460.954,5468.186,5448.715,5451.496,132178,1,478337
5451.496,5465.405,5447.046,5462.623,150589,1,557004
5462.623,5473.75,5453.165,5467.63,108033,1,410848
5468.186,5488.771,5465.405,5479.869,98078,1,437858
5479.869,5496.003,5473.75,5480.982,115417,1,482988
5480.982,5496.559,5479.869,5493.221,68119,1,303304
5492.665,5500.454,5489.327,5496.003,48957,1,217255
5496.003,5497.116,5488.771,5490.996,32280,1,145393
5491.552,5498.228,5490.996,5492.665,29120,1,133472
5492.109,5497.672,5490.996,5492.109,10389,1,47067
5515.475,5522.707,5489.327,5498.228,162473,1,543676
5498.785,5515.475,5491.552,5509.911,147240,1,557428
5509.911,5517.7,5503.235,5508.799,95170,1,361378
5508.799,5514.918,5494.89,5500.454,86996,1,327043
5501.01,5501.01,5487.658,5493.778,65556,1,287422
5493.778,5504.904,5491.552,5497.672,46852,1,226315
5497.672,5503.792,5495.447,5501.01,35026,1,135634
5501.566,5501.566,5490.44,5494.89,34684,1,161800
5494.89,5500.454,5494.334,5497.672,17511,1,69467
5497.672,5504.348,5497.116,5504.348,6991,1,35545
5492.109,5493.221,5476.531,5489.327,103187,1,371113
5489.327,5508.799,5486.545,5508.242,125721,1,431063
5508.799,5516.031,5497.672,5512.137,101522,1,386744
5512.693,5524.376,5503.235,5514.362,91773,1,417767
5513.806,5517.144,5503.792,5512.137,46611,1,219565
5512.693,5522.707,5506.017,5507.13,50661,1,228821
5506.573,5509.911,5493.221,5498.228,49122,1,209930
5497.672,5503.792,5496.003,5497.672,33191,1,164996
5497.672,5497.672,5489.327,5495.447,24483,1,102653
5495.447,5498.228,5490.44,5492.665,6972,1,33431
5478.2,5484.876,5469.299,5476.531,111291,1,477902
5476.531,5487.102,5463.179,5483.207,123617,1,434565
5483.764,5499.897,5481.538,5491.552,85037,1,334513
5490.996,5504.348,5486.545,5492.665,83149,1,359662
5492.109,5495.447,5487.658,5492.665,32700,1,142385
5492.665,5496.003,5480.426,5486.545,40179,1,177487
5486.545,5490.996,5482.095,5489.883,34617,1,160623
5489.883,5495.447,5488.771,5490.44,26926,1,119271
5490.44,5496.003,5488.214,5494.89,21149,1,105358
5494.334,5504.348,5492.109,5494.89,10963,1,59848
5487.102,5513.249,5484.876,5496.003,135307,1,507723
5496.003,5509.355,5489.327,5504.348,123543,1,455768
5504.904,5524.932,5504.348,5510.468,116340,1,525010
5511.024,5537.171,5511.024,5535.502,85808,1,370555
5535.502,5562.763,5534.946,5549.411,103394,1,528346
5549.411,5556.087,5547.185,5549.967,52809,1,293852
5549.967,5561.65,5547.185,5557.756,58997,1,299543
5557.756,5562.206,5553.861,5555.53,33470,1,161369
5556.087,5557.199,5547.185,5554.418,28460,1,142787
5553.861,5562.206,5553.305,5560.537,11840,1,58167
5554.418,5571.108,5530.495,5531.052,167123,1,616369
5530.495,5535.502,5521.038,5531.052,108027,1,433040
5531.608,5558.312,5529.383,5547.185,123321,1,502849
5547.185,5552.192,5538.284,5544.404,76096,1,315705
5544.404,5549.411,5533.277,5540.509,60462,1,259518
5540.509,5548.854,5528.826,5531.608,49716,1,214187
5531.052,5533.277,5511.58,5516.031,61545,1,283286
5516.031,5520.482,5512.693,5518.813,34577,1,195491
5518.256,5523.819,5512.693,5513.249,22236,1,116450
5513.249,5519.369,5509.911,5516.031,9770,1,47744
5490.996,5493.221,5468.743,5471.524,122946,1,484967
5472.081,5479.869,5465.961,5470.412,99762,1,399207
5469.855,5488.771,5468.186,5481.538,91928,1,411993
5481.538,5489.883,5474.862,5479.313,80028,1,334078
5479.313,5488.214,5476.531,5478.2,46019,1,208689
5478.2,5484.32,5474.862,5475.975,32437,1,155636
5476.531,5492.665,5474.862,5489.883,56126,1,262191
5489.883,5499.341,5488.771,5492.109,37601,1,189120
5492.109,5493.778,5487.102,5492.665,20476,1,104547
5492.665,5496.003,5491.552,5493.221,6868,1,37099
5490.44,5494.334,5485.433,5491.552,69704,1,239241
5492.109,5503.792,5472.637,5484.32,135221,1,513104
5484.876,5487.102,5472.637,5473.75,75928,1,288861
5473.193,5480.982,5464.848,5480.426,76248,1,328010
5480.426,5490.44,5475.975,5487.658,48204,1,229722
5487.102,5493.221,5482.095,5484.32,45798,1,200214
5484.876,5487.102,5478.2,5482.095,34036,1,129722
5482.095,5485.989,5478.757,5482.095,20406,1,125270
5482.095,5487.658,5474.306,5475.419,19363,1,87249
5475.419,5482.651,5474.862,5474.862,4529,1,27476
5462.623,5477.088,5458.729,5472.637,95472,1,346688
5472.637,5474.862,5458.172,5463.179,126750,1,508205
5463.179,5478.2,5460.954,5471.524,90849,1,351012
5472.081,5478.2,5469.299,5474.306,45621,1,199843
5474.306,5477.088,5470.412,5472.081,24768,1,110328
5472.081,5474.862,5467.074,5468.186,33302,1,159483
5468.186,5471.524,5465.961,5470.412,24805,1,109517
5470.412,5470.968,5465.961,5468.186,14813,1,99596
5468.186,5470.412,5464.848,5467.63,14531,1,79665
5467.63,5476.531,5467.63,5474.306,5489,1,30035
5473.75,5479.869,5463.179,5465.405,86908,1,337473
5465.405,5472.081,5460.954,5467.074,83633,1,328150
5467.074,5489.883,5467.074,5482.651,107054,1,434424
5482.651,5513.249,5480.982,5508.242,86207,1,429826
5507.686,5511.58,5499.897,5502.123,72695,1,409820
5502.123,5510.468,5501.566,5508.242,38101,1,187258
5507.686,5520.482,5507.13,5513.806,48302,1,236030
5513.806,5516.031,5508.799,5511.024,28153,1,148092
5511.024,5511.024,5500.454,5508.242,38039,1,181835
5508.799,5514.362,5506.017,5513.249,9106,1,41248
5502.123,5509.355,5491.552,5508.242,100708,1,375651
5508.799,5532.721,5507.13,5524.932,105491,1,469941
5525.488,5527.714,5515.475,5518.256,80466,1,346942
5518.256,5544.404,5516.031,5531.052,112191,1,565131
5530.495,5533.277,5523.263,5524.376,42749,1,190988
5524.376,5524.932,5515.475,5521.038,43227,1,187761
5521.038,5523.819,5501.01,5506.573,52221,1,255828
5506.573,5507.13,5498.785,5503.235,30134,1,145108
5503.235,5513.249,5501.566,5508.799,17790,1,81888
5508.799,5514.918,5507.686,5512.137,6735,1,33147
5504.37,5521.013,5500.486,5508.253,96477,1,367649
5507.698,5524.341,5503.815,5513.246,137903,1,620961
5513.246,5517.129,5482.179,5503.815,129059,1,610976
5504.37,5508.253,5489.391,5496.048,84207,1,395183
5496.048,5500.486,5480.515,5493.829,69021,1,315219
5493.829,5494.384,5481.07,5489.391,32976,1,145217
5489.391,5503.26,5488.282,5491.055,47400,1,213220
5491.61,5507.698,5478.296,5492.165,140987,1,537772
5492.165,5518.239,5490.501,5509.917,101118,1,383897
5509.917,5515.465,5504.925,5504.925,10612,1,43459
5504.37,5527.67,5501.596,5508.253,131499,1,475107
5508.253,5513.801,5487.727,5492.165,116341,1,441955
5492.165,5495.494,5481.07,5484.953,85171,1,348496
5485.508,5493.275,5464.982,5471.084,98940,1,429970
5471.084,5479.405,5467.201,5473.303,58816,1,269234
5473.303,5476.077,5464.982,5467.755,41766,1,170024
5467.755,5476.077,5466.646,5469.974,36648,1,164672
5469.974,5470.529,5464.427,5467.755,28465,1,134558
5467.755,5468.865,5461.653,5465.536,19544,1,106935
5464.982,5470.529,5463.317,5468.865,9182,1,58268
5462.763,5468.865,5459.989,5466.091,58197,1,218661
5466.091,5516.575,5453.332,5512.137,192810,1,851485
5512.137,5515.465,5497.158,5502.706,86191,1,341245
5503.26,5534.327,5500.486,5524.896,104106,1,455893
5524.896,5530.998,5522.677,5528.225,39039,1,187354
5527.67,5534.327,5527.115,5530.998,34390,1,165908
5530.998,5533.772,5522.122,5523.232,36966,1,187130
5523.232,5527.115,5518.794,5524.341,32260,1,160330
5524.341,5528.779,5521.013,5525.451,25489,1,128665
5524.896,5529.889,5522.677,5529.889,8299,1,48387
5535.437,5547.641,5526.006,5546.532,98706,1,375022
5545.977,5560.956,5545.977,5558.737,108593,1,446024
5558.737,5560.401,5552.08,5556.518,56225,1,242345
5556.518,5579.818,5556.518,5569.832,104908,1,507396
5569.832,5572.051,5560.956,5562.065,40759,1,201008
5561.511,5562.065,5543.203,5548.751,53444,1,261479
5548.751,5551.525,5542.094,5545.977,37030,1,179768
5545.977,5547.641,5536.546,5539.32,28757,1,153224
5539.32,5540.984,5534.327,5539.875,21396,1,118121
5540.429,5545.422,5539.875,5544.313,7140,1,41437
5533.218,5534.327,5527.115,5529.889,73312,1,305058
5529.334,5531.553,5516.02,5527.67,113531,1,469297
5527.67,5537.656,5512.137,5514.356,97059,1,429051
5514.91,5518.794,5504.37,5511.027,69374,1,343021
5511.582,5515.465,5504.37,5507.698,41114,1,180857
5508.253,5513.246,5503.815,5512.691,35866,1,174255
5513.246,5524.341,5510.472,5512.691,53170,1,249718
5512.137,5520.458,5511.582,5516.02,27624,1,138566
5516.575,5518.239,5512.137,5512.691,15997,1,78390
5512.691,5520.458,5511.582,5519.348,6914,1,38577
5517.684,5522.122,5508.808,5512.691,83790,1,311682
5512.137,5522.122,5507.698,5518.794,79665,1,302663
5518.794,5523.787,5504.37,5508.253,98736,1,390750
5508.253,5518.239,5506.589,5514.91,52760,1,225256
5514.356,5518.794,5512.691,5516.575,28626,1,119707
5516.02,5524.341,5513.246,5520.458,34397,1,157421
5521.013,5528.779,5512.691,5524.341,53092,1,226124
5524.341,5525.451,5518.239,5521.568,21612,1,123285
5521.013,5526.006,5519.348,5524.341,14337,1,76163
5523.787,5526.56,5521.568,5524.341,5306,1,33912
5530.998,5542.094,5528.225,5532.108,111008,1,455776
5532.663,5540.429,5531.553,5534.327,66654,1,292297
5534.882,5545.422,5528.779,5538.765,69698,1,292540
5538.765,5557.072,5534.327,5542.649,72202,1,347518
5542.094,5560.956,5542.094,5553.189,54927,1,292014
5552.634,5558.737,5544.868,5557.627,42809,1,217791
5558.182,5558.182,5545.422,5548.196,44836,1,254228
5548.196,5553.744,5543.758,5552.634,25335,1,134157
5553.189,5556.518,5549.306,5554.853,17192,1,91978
5555.408,5557.627,5549.306,5552.08,6764,1,41027
5546.532,5547.641,5537.101,5540.429,74688,1,290760
5539.875,5540.984,5510.472,5527.67,138871,1,594694
5527.67,5537.656,5518.794,5522.122,84897,1,362423
5522.122,5527.115,5516.02,5519.903,48770,1,216441
5519.903,5524.896,5519.348,5522.677,20978,1,113502
5523.232,5523.787,5507.144,5508.808,39221,1,208354
5508.253,5512.691,5503.26,5507.698,42812,1,224547
5507.144,5514.91,5506.589,5513.801,20864,1,118246
5514.356,5517.129,5506.034,5506.589,19228,1,106808
5506.589,5508.808,5502.151,5506.589,8464,1,46299
5524.341,5526.56,5515.465,5518.794,75605,1,396523
5518.239,5533.218,5518.239,5525.451,52958,1,230182
5525.451,5527.67,5520.458,5523.787,33578,1,157911
5523.787,5525.451,5521.013,5524.341,18574,1,108234
5524.896,5529.334,5523.787,5527.115,14398,1,78169
5527.115,5527.67,5521.013,5521.013,6775,1,35645
5508.808,5520.458,5508.808,5519.903,70184,1,271476
5519.903,5525.451,5507.698,5518.239,106676,1,481565
5518.239,5522.677,5512.691,5519.348,71790,1,337957
5518.794,5533.218,5515.465,5529.889,66452,1,318546
5530.444,5536.546,5526.56,5526.56,48731,1,388825
5527.115,5529.889,5523.232,5528.225,24486,1,115801
5528.225,5528.225,5519.903,5520.458,23465,1,137321
5521.013,5522.677,5517.684,5520.458,21850,1,113349
5519.903,5528.225,5519.348,5526.56,19924,1,126799
5526.006,5528.225,5524.896,5526.006,4790,1,29378
5521.013,5526.006,5517.684,5524.341,49475,1,209007
5524.341,5541.539,5521.013,5533.218,93772,1,440323
5533.772,5542.094,5527.67,5529.889,68915,1,288606
5529.889,5530.998,5508.808,5514.91,75642,1,370691
5515.465,5523.787,5514.356,5521.013,29362,1,148508
5521.013,5523.787,5519.348,5522.122,22162,1,105613
5522.122,5529.334,5518.239,5520.458,35661,1,188619
5520.458,5521.013,5514.91,5517.129,21246,1,123341
5516.575,5519.903,5514.356,5516.02,16402,1,91531
5516.02,5519.903,5514.91,5518.794,4802,1,31618
5518.794,5522.122,5504.925,5508.808,74437,1,288169
5509.363,5510.472,5503.815,5506.034,36520,1,162693
5506.034,5511.027,5499.932,5509.917,52399,1,236175
5509.917,5513.246,5508.253,5511.027,27463,1,150453
5511.027,5512.691,5507.698,5511.027,16559,1,74427
5511.582,5512.691,5508.253,5509.917,11452,1,64195
5509.363,5512.691,5507.698,5511.582,10918,1,62286
5511.582,5512.691,5509.917,5511.027,6764,1,39387
5511.027,5512.137,5507.698,5511.027,8052,1,48857
5511.027,5511.027,5506.589,5506.589,4144,1,30167
5512.137,5513.246,5498.822,5508.253,101844,1,417001
5508.253,5509.363,5479.96,5483.844,122642,1,599290
5483.844,5486.063,5471.639,5474.413,76428,1,403743
5474.413,5482.734,5473.858,5479.96,47884,1,264282
5479.96,5483.289,5476.077,5477.741,29598,1,176793
5477.741,5478.296,5468.865,5472.193,40246,1,219333
5472.193,5474.967,5471.084,5473.858,23137,1,128087
5473.303,5477.186,5471.639,5475.522,24399,1,131025
5475.522,5477.186,5469.974,5472.193,22733,1,112392
5472.193,5473.858,5469.42,5469.974,9449,1,52470
5474.967,5477.741,5465.536,5470.529,80352,1,327391
5470.529,5475.522,5464.427,5473.303,80193,1,346145
5473.303,5475.522,5468.31,5471.639,54138,1,249539
5471.639,5480.515,5469.42,5477.186,46520,1,225355
5477.741,5479.96,5467.201,5471.084,46357,1,231738
5471.084,5483.289,5471.084,5482.734,37272,1,185149
5482.734,5489.391,5480.515,5487.172,44197,1,214420
5487.727,5492.165,5479.405,5481.624,39954,1,171562
5482.179,5486.617,5479.405,5479.96,19396,1,96935
5479.405,5482.734,5478.296,5479.405,6692,1,37832
5469.974,5478.851,5461.098,5474.967,91910,1,375190
5474.967,5488.282,5473.858,5486.063,83581,1,360574
5486.063,5497.158,5484.398,5487.727,91706,1,445413
5487.727,5493.275,5484.398,5489.946,54655,1,244276
5489.946,5489.946,5483.289,5485.508,31852,1,155438
5486.063,5494.384,5485.508,5492.165,33124,1,194738
5491.61,5496.603,5489.946,5493.829,37293,1,203864
5494.384,5500.486,5493.275,5498.267,24773,1,139402
5498.267,5513.246,5497.713,5512.137,34703,1,225044
5512.137,5513.246,5505.479,5507.698,11388,1,65499
5506.589,5517.129,5504.37,5513.246,103090,1,472103
5512.691,5530.444,5511.027,5527.67,107058,1,521738
5528.225,5545.422,5526.56,5544.868,102861,1,554789
5544.868,5547.087,5534.327,5541.539,67944,1,367905
5540.984,5542.094,5521.013,5523.787,49979,1,260071
5523.232,5533.218,5522.677,5530.444,36950,1,180742
5529.889,5538.21,5527.67,5535.437,32724,1,159317
5535.991,5544.868,5535.437,5541.539,26455,1,132893
5541.539,5545.977,5540.429,5543.758,20410,1,115189
5543.203,5547.087,5538.765,5546.532,7849,1,50122
5532.108,5536.546,5525.451,5534.882,65985,1,241680
5534.882,5544.313,5530.444,5532.663,86632,1,344221
5532.663,5538.765,5516.02,5521.568,94494,1,379490
5521.568,5535.437,5518.794,5526.006,59280,1,246818
5525.451,5538.765,5524.896,5536.546,35003,1,153362
5537.101,5539.32,5531.553,5533.772,30965,1,134120
5534.327,5537.101,5523.787,5524.341,33173,1,146620
5524.341,5528.225,5522.677,5527.67,22186,1,105965
5527.67,5529.334,5524.341,5527.115,17417,1,98503
5527.115,5531.553,5526.56,5531.553,5097,1,26152
5524.341,5525.451,5507.144,5512.691,110190,1,414347
5513.246,5519.348,5511.582,5513.801,67789,1,289430
5513.801,5514.356,5492.165,5492.165,106079,1,442141
5492.165,5492.72,5478.851,5486.617,82485,1,420221
5486.617,5488.836,5483.289,5484.953,38806,1,182306
5484.398,5488.836,5476.632,5481.07,45520,1,212612
5480.515,5482.179,5468.31,5474.413,54726,1,303531
5474.413,5477.186,5472.748,5472.748,24853,1,145157
5473.303,5478.851,5472.748,5473.858,23472,1,132964
5474.413,5478.851,5473.858,5474.967,8138,1,44084
5484.953,5496.603,5482.734,5492.72,72828,1,301627
5492.165,5497.158,5482.734,5492.72,101525,1,403375
5492.72,5507.144,5492.72,5504.37,94188,1,408977
5504.37,5505.479,5496.048,5497.158,50070,1,212286
5496.603,5504.925,5493.275,5493.829,35929,1,166015
5493.275,5504.925,5491.055,5504.925,45431,1,202883
5504.925,5516.02,5499.377,5514.356,61604,1,311019
5514.356,5519.903,5510.472,5514.356,38610,1,203946
5513.801,5516.575,5511.027,5514.91,21333,1,116258
5515.465,5519.903,5508.808,5508.808,8340,1,43906
5500.512,5543.649,5498.853,5543.096,118946,1,465560
5543.096,5544.755,5523.187,5536.46,115109,1,549222
5536.46,5537.013,5512.679,5517.104,107158,1,540735
5516.55,5519.869,5504.384,5512.679,91276,1,580142
5512.126,5519.316,5509.361,5514.338,37747,1,219263
5514.891,5520.422,5512.126,5514.891,31258,1,165551
5514.891,5518.21,5508.255,5514.338,31418,1,163426
5513.785,5520.422,5512.126,5515.444,28662,1,152816
5515.444,5518.21,5510.467,5513.785,25348,1,122745
5513.785,5519.316,5510.467,5511.573,9861,1,56984
5501.065,5505.49,5496.088,5502.171,60456,1,217122
5502.171,5515.997,5496.641,5504.937,104064,1,414293
5504.937,5514.891,5493.323,5512.126,101604,1,428699
5511.573,5512.679,5484.474,5487.793,99609,1,427160
5487.793,5490.558,5485.027,5487.239,29658,1,140280
5487.239,5490.558,5484.474,5488.899,25512,1,113550
5489.452,5496.641,5486.133,5491.664,34904,1,172004
5492.217,5493.876,5490.558,5493.323,16024,1,80607
5493.323,5498.853,5493.323,5493.323,15576,1,88813
5493.323,5498.853,5492.217,5494.982,6302,1,35575
5491.664,5496.641,5486.686,5488.346,62085,1,234877
5488.346,5491.664,5480.603,5483.921,60145,1,295263
5483.921,5487.793,5478.944,5483.368,55816,1,242090
5483.368,5486.686,5480.05,5482.815,28032,1,143980
5482.815,5483.921,5476.732,5480.05,29532,1,152040
5480.603,5484.474,5479.497,5483.368,19149,1,98753
5482.815,5486.133,5481.709,5485.027,17965,1,87848
5485.58,5486.133,5480.603,5485.027,18880,1,92885
5485.027,5487.239,5483.921,5485.58,15706,1,72372
5485.027,5486.686,5481.709,5484.474,6750,1,33221
5490.558,5497.747,5485.027,5490.558,71164,1,266670
5490.005,5490.558,5483.921,5488.899,62116,1,251975
5488.899,5498.853,5487.239,5496.088,51544,1,227425
5495.535,5496.088,5475.626,5480.05,85196,1,371533
5479.497,5500.512,5479.497,5494.429,50752,1,248201
5494.429,5499.959,5490.005,5492.217,35289,1,174745
5491.664,5494.429,5488.899,5493.323,21442,1,92549
5493.876,5496.088,5490.005,5492.77,23255,1,110692
5492.217,5497.194,5491.664,5496.088,19180,1,97484
5496.088,5497.194,5492.77,5492.77,5262,1,29887
5480.603,5482.262,5471.201,5480.05,79769,1,305337
5479.497,5480.603,5468.989,5468.989,85871,1,317311
5469.542,5477.285,5466.777,5475.073,55437,1,248122
5475.073,5481.709,5470.648,5473.967,61915,1,261549
5473.414,5476.732,5467.883,5469.542,31639,1,164218
5469.542,5476.732,5468.436,5475.073,24645,1,112425
5475.073,5480.05,5472.307,5478.391,27741,1,139047
5477.838,5481.709,5477.285,5480.05,25499,1,115681
5480.05,5485.58,5479.497,5480.05,20891,1,106702
5480.603,5483.921,5478.944,5483.921,6943,1,34773
5472.307,5478.391,5470.648,5474.52,43748,1,181626
5474.52,5476.732,5469.542,5473.967,44758,1,208244
5473.967,5475.626,5467.33,5471.201,59786,1,274976
5471.201,5473.967,5466.224,5468.989,32733,1,152412
5469.542,5470.648,5465.118,5466.777,28907,1,163521
5466.777,5474.52,5465.118,5472.307,29694,1,152192
5472.861,5473.414,5466.777,5467.883,22088,1,115414
5467.883,5470.648,5466.224,5466.777,19632,1,122084
5466.777,5470.095,5466.224,5468.989,16783,1,108099
5468.989,5470.095,5466.224,5468.989,7034,1,36460
5486.133,5511.573,5485.58,5498.853,127238,1,540621
5498.853,5528.717,5496.088,5522.081,183316,1,785410
5522.634,5530.376,5507.149,5513.232,124374,1,534066
5513.232,5515.997,5503.278,5508.255,62773,1,304118
5507.702,5518.21,5506.596,5514.338,40026,1,166400
5514.338,5520.975,5512.679,5520.422,32335,1,149265
5519.869,5522.081,5514.891,5520.422,31394,1,144135
5519.869,5520.975,5515.444,5518.763,24550,1,119322
5518.21,5524.846,5518.21,5520.975,21984,1,123324
5520.422,5521.528,5515.997,5519.316,7521,1,46532
5519.316,5538.119,5515.997,5533.142,106332,1,472645
5533.142,5534.248,5506.596,5509.361,108768,1,470111
5509.361,5511.573,5493.876,5500.512,74545,1,377897
5500.512,5508.808,5499.959,5502.171,38188,1,185416
5502.725,5513.232,5501.618,5510.467,39980,1,217448
5510.467,5512.126,5506.596,5507.702,25018,1,133050
5507.702,5512.126,5506.596,5512.126,18921,1,102471
5512.126,5518.21,5509.361,5513.785,30003,1,148322
5513.785,5516.55,5512.126,5513.785,12133,1,67220
5513.785,5514.891,5510.467,5514.338,3952,1,20186
5508.255,5529.27,5490.005,5514.338,162330,1,670051
5513.785,5530.376,5511.573,5517.104,148852,1,600749
5517.104,5519.869,5503.831,5514.891,82362,1,335425
5515.444,5519.869,5511.02,5517.104,41307,1,173692
5517.104,5521.528,5514.891,5521.528,22223,1,90217
5521.528,5524.293,5512.679,5512.679,35606,1,176955
5512.679,5514.338,5497.747,5503.831,53223,1,287686
5503.831,5508.255,5503.278,5508.255,22777,1,112531
5508.255,5508.808,5503.831,5505.49,11826,1,57675
5505.49,5507.149,5500.512,5503.278,3795,1,19653
5497.194,5518.763,5493.876,5514.891,84794,1,355697
5514.891,5522.081,5511.573,5518.763,88245,1,385786
5518.763,5519.869,5509.361,5511.573,57039,1,263358
5512.126,5517.657,5508.808,5509.914,39094,1,193106
5509.914,5513.232,5505.49,5507.702,33208,1,174349
5508.255,5509.361,5499.959,5504.384,43296,1,198709
5504.384,5507.149,5501.618,5501.618,23476,1,117035
5501.618,5508.808,5501.618,5508.255,21061,1,112355
5508.255,5508.808,5502.725,5503.278,13392,1,69510
5503.278,5505.49,5501.065,5501.065,3527,1,20271
5496.088,5502.725,5483.921,5496.641,131660,1,585378
5496.088,5515.444,5495.535,5513.785,113524,1,511954
5513.785,5514.891,5498.3,5512.126,72963,1,359409
5511.573,5517.657,5509.914,5515.997,45625,1,238440
5515.997,5517.657,5507.149,5517.104,36478,1,182969
5517.104,5525.399,5515.997,5520.422,43167,1,227768
5520.975,5529.27,5518.763,5527.058,37776,1,206132
5527.058,5528.717,5520.975,5522.081,32426,1,199267
5521.528,5525.952,5519.316,5524.846,16271,1,100086
5524.293,5535.907,5524.293,5530.376,7444,1,34509
5522.081,5534.801,5514.891,5533.695,88383,1,425578
5533.695,5536.46,5523.187,5527.611,95455,1,455631
5528.164,5528.164,5514.891,5519.869,75851,1,365489
5519.869,5530.376,5518.763,5529.27,32605,1,202512
5529.823,5532.589,5527.611,5529.823,31073,1,188891
5529.823,5533.695,5527.058,5532.036,22753,1,131402
5531.482,5531.482,5527.058,5527.611,16040,1,89330
5527.611,5532.589,5525.399,5532.589,18461,1,109088
5532.589,5534.248,5528.717,5530.376,13418,1,78321
5529.823,5535.907,5529.27,5534.248,3933,1,20682
5522.634,5527.611,5515.444,5525.399,63370,1,261757
5524.846,5546.968,5520.422,5544.202,100487,1,464376
5544.202,5568.536,5539.778,5560.793,104305,1,553049
5560.793,5564.112,5554.71,5554.71,49832,1,268954
5555.263,5561.347,5551.392,5554.71,42147,1,221445
5554.71,5561.9,5554.157,5558.581,35797,1,187363
5558.028,5566.324,5557.475,5561.347,31440,1,172506
5561.347,5565.218,5560.24,5561.347,21844,1,132989
5561.347,5563.006,5558.028,5561.9,16247,1,89149
5561.9,5574.066,5559.134,5567.43,10069,1,46672
5582.362,5593.423,5576.279,5582.362,123421,1,538757
5582.915,5584.574,5571.854,5574.066,87648,1,408501
5574.066,5574.619,5556.922,5560.793,86025,1,460368
5560.793,5568.536,5551.945,5556.369,58590,1,328679
5556.369,5562.453,5555.263,5555.263,36520,1,218693
5555.263,5556.369,5543.096,5546.415,53586,1,315386
5546.968,5554.157,5545.861,5550.286,26636,1,137250
5550.286,5568.536,5550.286,5564.665,48416,1,263208
5564.665,5569.089,5560.793,5566.877,20196,1,113460
5566.877,5571.854,5565.771,5565.771,7358,1,32638
5566.877,5569.089,5548.074,5550.839,109378,1,440103
5550.839,5555.816,5542.543,5549.18,81612,1,364304
5549.18,5553.051,5537.566,5540.331,63390,1,310012
5539.778,5541.437,5534.801,5537.013,37154,1,200509
5536.46,5540.331,5533.695,5538.672,27699,1,144481
5538.672,5539.225,5525.399,5528.717,43203,1,222811
5528.717,5529.823,5500.512,5502.171,171554,1,764228
5502.171,5508.808,5499.406,5502.171,49953,1,234682
5502.725,5502.725,5492.217,5496.641,25834,1,152233
5497.194,5498.3,5492.217,5498.3,7797,1,38087
5482.815,5508.255,5481.156,5498.853,116665,1,545469
5498.853,5513.785,5495.535,5510.467,90175,1,438834
5509.914,5515.997,5506.043,5512.126,55056,1,291289
5512.126,5514.891,5507.149,5509.361,32217,1,174193
5509.361,5509.914,5503.831,5508.255,27501,1,147770
5507.702,5511.02,5498.853,5503.831,34499,1,181586
5504.384,5505.49,5500.512,5503.278,21100,1,111232
5503.278,5512.126,5501.065,5509.361,26964,1,138903
5509.361,5510.467,5507.149,5507.702,11630,1,60399
5507.702,5509.361,5502.171,5503.831,4326,1,19465
5524.846,5540.884,5523.187,5528.164,113827,1,474134
5528.717,5534.801,5510.467,5515.444,105752,1,455555
5515.444,5518.763,5509.914,5516.55,60266,1,295811
5516.55,5522.081,5514.891,5517.657,39173,1,194756
5517.104,5522.081,5514.338,5519.869,29649,1,148309
5519.316,5529.823,5519.316,5526.505,38816,1,198041
5527.058,5534.801,5524.846,5533.695,29987,1,159846
5533.142,5536.46,5528.717,5529.27,23767,1,125592
5529.27,5533.695,5524.293,5531.482,17114,1,85328
5531.482,5536.46,5530.929,5534.801,5103,1,24080
5523.187,5529.27,5514.891,5528.164,74077,1,288744
5528.717,5536.46,5504.937,5508.255,137469,1,661458
5508.255,5515.444,5502.725,5511.02,51791,1,231920
5511.573,5515.997,5506.596,5514.338,36058,1,180045
5514.338,5514.338,5504.937,5508.255,20867,1,105798
5507.702,5508.255,5498.853,5504.384,33348,1,172250
5504.384,5506.043,5499.406,5502.171,23503,1,126926
5501.618,5504.384,5499.406,5500.512,16613,1,97322
5501.065,5503.831,5499.959,5502.725,13066,1,69851
5502.171,5503.831,5499.406,5500.512,5550,1,21505
5496.641,5509.361,5489.452,5506.596,105454,1,449268
5506.596,5514.891,5503.831,5513.785,76398,1,374455
5514.338,5517.657,5509.914,5515.444,68450,1,377666
5515.997,5522.081,5514.338,5519.316,54273,1,244804
5519.316,5519.869,5512.126,5516.55,33405,1,176205
5515.997,5517.657,5504.384,5508.255,45716,1,222647
5507.702,5512.126,5507.149,5512.126,22004,1,123899
5512.126,5513.232,5509.914,5510.467,15911,1,91885
5510.467,5511.02,5505.49,5508.808,13346,1,73496
5508.808,5509.361,5502.725,5502.725,4667,1,21612
5499.406,5518.763,5498.3,5515.444,101881,1,428943
5515.444,5524.846,5513.785,5516.55,90560,1,381752
5517.104,5521.528,5505.49,5511.573,78714,1,390214
5511.573,5513.785,5502.725,5505.49,45948,1,233009
5505.49,5508.255,5503.831,5505.49,29924,1,169071
5505.49,5508.255,5503.278,5505.49,24727,1,136506
5506.043,5509.361,5503.831,5505.49,26090,1,138749
5504.937,5511.573,5503.278,5509.361,26854,1,141634
5509.361,5519.869,5507.149,5518.21,32068,1,178500
5518.21,5523.74,5514.891,5523.74,5734,1,22970
5528.706,5535.327,5525.395,5532.568,86015,1,383692
5532.568,5542.5,5516.015,5519.878,116677,1,577799
5519.878,5524.844,5512.705,5524.292,62256,1,312449
5523.74,5541.948,5523.74,5540.293,63717,1,375441
5540.845,5543.052,5533.672,5534.775,43549,1,291041
5535.327,5545.259,5534.775,5545.259,35113,1,192402
5545.259,5545.811,5539.741,5545.259,26344,1,149379
5544.707,5555.191,5541.948,5551.88,36641,1,249151
5552.432,5555.191,5550.225,5551.328,14810,1,78218
5551.328,5561.812,5550.777,5558.501,8528,1,33882
5544.707,5582.227,5544.155,5576.158,122465,1,540730
5576.71,5587.745,5566.778,5579.468,105553,1,467543
5579.468,5596.021,5579.468,5592.711,93938,1,449399
5592.711,5612.574,5591.607,5608.712,60918,1,294936
5608.712,5609.816,5599.884,5603.746,35804,1,183442
5603.746,5604.85,5594.918,5597.125,32879,1,175967
5597.677,5610.367,5592.711,5609.264,43319,1,222461
5608.712,5611.471,5597.677,5598.78,34848,1,183199
5598.78,5603.194,5593.814,5594.918,22088,1,117754
5594.918,5599.332,5592.159,5592.711,7569,1,30056
5567.33,5589.952,5566.778,5587.745,138250,1,595961
5587.745,5592.711,5579.468,5581.676,90514,1,390604
5582.227,5600.436,5569.537,5588.297,140589,1,670364
5588.297,5596.021,5579.468,5591.607,62928,1,314408
5592.159,5594.366,5586.641,5592.159,26878,1,129745
5592.159,5602.643,5592.159,5596.021,48260,1,226337
5596.021,5599.884,5590.504,5598.78,32780,1,153499
5598.229,5599.884,5596.573,5597.677,16277,1,76555
5597.677,5599.884,5597.125,5598.229,11877,1,60790
5598.229,5608.712,5597.677,5607.057,8176,1,42861
5610.919,5624.713,5608.16,5616.437,133801,1,551296
5616.989,5633.542,5607.057,5629.679,118192,1,543155
5629.679,5632.99,5613.126,5618.644,112214,1,539411
5618.644,5621.955,5596.573,5602.091,67106,1,312215
5602.091,5604.298,5581.676,5582.227,66174,1,302029
5582.227,5583.883,5572.847,5579.468,52220,1,259720
5579.468,5581.676,5571.192,5573.951,34241,1,189572
5574.503,5581.676,5573.951,5576.71,29536,1,128401
5576.71,5577.261,5571.192,5576.158,14282,1,74527
5575.606,5581.676,5573.399,5581.676,5856,1,24678
5578.365,5586.641,5568.985,5576.158,112538,1,410834
5576.158,5578.365,5554.639,5558.501,100180,1,406510
5558.501,5570.088,5548.018,5564.019,104396,1,486068
5564.019,5567.881,5538.086,5543.052,80191,1,403872
5543.604,5550.777,5541.397,5549.673,28908,1,130263
5550.225,5563.467,5549.121,5563.467,35769,1,182024
5562.915,5580.02,5560.708,5576.71,57942,1,296435
5577.261,5592.711,5576.71,5589.4,66848,1,318082
5588.848,5595.47,5584.986,5593.263,18755,1,97266
5593.263,5597.125,5592.711,5596.021,5670,1,23140
5589.4,5594.366,5562.915,5578.917,192078,1,720810
5578.917,5592.159,5577.261,5581.124,117637,1,448547
5580.572,5593.263,5575.054,5587.745,83765,1,357526
5587.745,5604.85,5586.09,5602.643,69059,1,265688
5602.643,5612.574,5596.573,5600.987,58279,1,257816
5600.987,5612.023,5599.332,5605.402,40950,1,211368
5605.953,5614.23,5600.987,5609.816,52384,1,265967
5609.264,5610.919,5599.884,5603.194,25580,1,124372
5602.643,5608.712,5602.643,5604.85,14453,1,72258
5604.298,5608.712,5603.746,5605.953,3501,1,16110
5608.16,5613.126,5595.47,5595.47,100077,1,343857
5596.021,5600.987,5570.088,5573.399,113286,1,439247
5573.951,5578.365,5570.088,5577.261,63354,1,268276
5577.261,5577.813,5562.915,5562.915,50253,1,212726
5563.467,5568.985,5561.812,5564.019,29658,1,124575
5564.571,5566.226,5557.95,5564.571,36337,1,152610
5565.123,5567.33,5559.053,5562.915,32197,1,153601
5562.915,5565.674,5560.708,5564.019,20514,1,89672
5564.019,5565.674,5560.157,5561.26,15709,1,84197
5560.708,5562.915,5556.294,5556.846,6625,1,26235
5556.846,5559.053,5535.327,5536.982,121763,1,440895
5536.431,5545.259,5534.775,5539.189,86126,1,336158
5539.189,5548.57,5529.258,5535.327,100016,1,410909
5535.327,5538.086,5528.706,5534.775,50249,1,234663
5534.224,5536.431,5529.258,5536.431,29930,1,139020
5536.431,5541.397,5534.224,5537.534,33184,1,161048
5536.982,5540.293,5534.224,5536.982,26002,1,111409
5537.534,5540.293,5534.775,5535.327,21371,1,98362
5535.327,5541.397,5534.224,5538.638,14429,1,76538
5538.638,5539.741,5534.775,5535.879,5258,1,22374
5533.12,5583.331,5525.395,5581.676,203221,1,815217
5581.676,5601.539,5581.124,5595.47,149396,1,601525
5594.918,5603.746,5587.193,5599.884,102613,1,439288
5599.884,5617.54,5599.332,5610.367,86645,1,426386
5610.367,5615.885,5607.609,5614.23,36476,1,171236
5614.23,5623.058,5604.85,5611.471,90037,1,445352
5610.919,5619.747,5609.264,5618.644,44312,1,175856
5619.196,5619.196,5612.023,5614.23,28719,1,168617
5614.782,5614.782,5608.16,5610.367,18535,1,89127
5609.816,5610.919,5602.091,5603.746,7797,1,39981
5609.264,5627.472,5592.711,5599.332,175953,1,680294
5599.884,5622.506,5597.677,5620.851,123025,1,474881
5621.403,5629.679,5617.54,5620.851,83355,1,374100
5620.851,5625.817,5614.23,5614.23,53679,1,228629
5614.782,5626.369,5612.574,5623.61,37721,1,164383
5623.61,5627.472,5616.989,5617.54,42556,1,204605
5618.092,5630.231,5613.126,5628.576,44655,1,218360
5628.576,5630.231,5624.713,5628.576,27501,1,132948
5629.127,5631.886,5626.369,5630.231,15308,1,83160
5629.679,5632.438,5628.024,5630.231,6407,1,32528
5652.853,5668.855,5646.232,5668.303,149256,1,568604
5668.855,5676.579,5662.234,5675.476,121972,1,514768
5674.924,5689.822,5671.614,5688.167,110774,1,539336
5688.718,5691.477,5676.579,5679.89,72449,1,459797
5679.89,5680.442,5666.096,5672.165,68883,1,364219
5672.165,5681.545,5667.199,5669.406,58432,1,282735
5669.958,5675.476,5667.199,5670.51,39887,1,192841
5670.51,5671.614,5658.923,5661.682,37025,1,210537
5661.13,5662.234,5657.819,5657.819,14356,1,76491
5658.371,5660.026,5655.612,5658.371,5316,1,32047
5646.784,5699.202,5641.818,5696.995,197098,1,762719
5696.443,5737.826,5692.581,5724.583,183727,1,799653
5724.031,5731.756,5714.1,5727.342,114895,1,460082
5727.342,5732.308,5720.721,5725.135,58222,1,264143
5725.135,5736.722,5724.583,5727.342,48156,1,199224
5727.342,5764.31,5727.342,5732.86,103331,1,514293
5732.308,5737.274,5721.824,5722.928,61215,1,282675
5723.48,5738.377,5722.928,5728.997,43282,1,204850
5728.997,5735.067,5724.031,5731.204,25143,1,114422
5730.653,5737.826,5728.997,5731.204,7869,1,32828
5746.102,5802.934,5743.895,5788.588,216508,1,823305
5789.14,5824.453,5785.829,5816.728,177168,1,714796
5816.728,5843.213,5804.589,5838.247,144571,1,638116
5837.695,5838.799,5818.384,5822.246,85457,1,385416
5821.694,5827.212,5806.245,5808.452,68577,1,396154
5807.9,5831.074,5807.348,5815.073,106334,1,436272
5815.073,5818.384,5791.899,5805.693,106353,1,464936
5805.693,5822.798,5804.589,5821.694,39456,1,182340
5822.246,5842.661,5821.142,5838.247,33179,1,154113
5838.247,5848.179,5836.592,5842.661,9300,1,37902
5835.488,5837.695,5801.831,5809.004,181894,1,625252
5809.555,5810.659,5773.69,5790.243,173335,1,700880
5790.243,5796.865,5779.208,5789.14,111478,1,453121
5789.692,5793.002,5773.69,5790.795,81078,1,324335
5790.243,5833.833,5788.588,5810.107,124539,1,502811
5809.555,5810.659,5775.346,5777.001,86147,1,381288
5777.553,5781.415,5766.517,5779.76,65776,1,261442
5780.312,5794.658,5779.76,5793.002,40246,1,160018
5792.451,5794.658,5788.588,5791.899,16979,1,68299
5792.451,5792.451,5776.449,5780.863,8363,1,31299
5778.656,5807.9,5776.449,5793.554,164949,1,553117
5793.002,5800.727,5780.863,5789.692,158637,1,560501
5789.692,5807.9,5781.967,5799.072,100451,1,418899
5798.52,5817.28,5796.865,5809.004,93450,1,433330
5808.452,5826.108,5807.9,5821.694,51310,1,215702
5822.246,5832.178,5813.418,5817.832,61065,1,259693
5817.28,5818.384,5801.279,5807.9,58308,1,265057
5807.9,5808.452,5795.761,5801.831,36648,1,161392
5801.831,5802.934,5796.313,5799.624,16095,1,80157
5799.072,5799.624,5789.14,5791.347,6949,1,27314
5822.246,5830.522,5797.968,5801.279,159364,1,564846
5801.279,5805.141,5780.312,5784.174,129300,1,467321
5784.174,5786.381,5755.482,5759.896,107809,1,468359
5759.896,5763.759,5746.654,5756.034,63508,1,304193
5756.034,5762.103,5742.24,5744.999,53293,1,237041
5745.55,5747.206,5733.411,5735.619,51645,1,240427
5735.619,5740.033,5727.894,5737.826,59103,1,263010
5737.274,5746.654,5737.274,5743.343,34647,1,147689
5743.343,5751.068,5738.929,5747.757,24778,1,129177
5747.757,5754.93,5746.654,5751.62,6176,1,27391
5751.62,5759.345,5737.274,5756.586,147509,1,529633
5757.137,5762.655,5747.757,5756.034,121541,1,449522
5755.482,5758.241,5728.446,5736.722,112803,1,458688
5736.722,5741.136,5730.101,5735.619,45964,1,192977
5735.067,5737.274,5720.169,5721.273,44524,1,202026
5721.273,5721.273,5711.341,5715.203,44292,1,200581
5714.651,5718.514,5713.548,5714.651,25062,1,113641
5714.651,5715.755,5708.582,5709.134,26667,1,131028
5709.134,5710.237,5702.513,5706.927,21401,1,109601
5706.375,5710.237,5703.064,5708.582,5310,1,24098
5712.444,5725.687,5706.375,5724.583,132186,1,455336
5724.583,5729.549,5688.718,5692.581,147554,1,548060
5692.581,5698.098,5678.787,5693.132,114426,1,480705
5693.684,5694.788,5687.063,5689.27,38401,1,164217
5689.27,5689.822,5667.751,5671.614,49892,1,222349
5671.062,5672.717,5652.302,5657.819,53210,1,255672
5657.268,5661.682,5652.302,5658.923,38893,1,186166
5658.371,5665.544,5658.371,5663.337,24765,1,107266
5663.889,5668.855,5659.475,5660.578,15661,1,77617
5660.026,5667.751,5660.026,5666.648,5474,1,22289
5667.199,5691.477,5656.716,5688.167,155785,1,588370
5688.167,5696.995,5683.752,5693.132,95683,1,373958
5693.132,5709.685,5692.029,5699.754,82550,1,359099
5700.305,5703.064,5690.374,5693.684,50849,1,233506
5693.684,5701.409,5687.615,5689.27,41331,1,188165
5689.27,5691.477,5677.683,5684.856,67768,1,314072
5684.856,5690.374,5680.994,5687.063,31620,1,145123
5687.063,5688.167,5679.338,5683.201,24080,1,109105
5682.649,5688.718,5681.545,5682.097,16205,1,77172
5682.097,5690.374,5681.545,5690.374,4170,1,17464
5689.27,5706.927,5640.163,5700.857,220223,1,893694
5700.857,5733.963,5697.547,5711.341,178441,1,754805
5711.893,5713.548,5699.202,5709.134,99570,1,439188
5708.582,5712.996,5700.305,5701.409,47538,1,208623
5701.961,5711.893,5699.754,5702.513,39385,1,166047
5703.064,5704.168,5688.718,5695.891,50165,1,210147
5695.891,5704.168,5695.34,5700.305,38860,1,174807
5700.305,5704.72,5697.547,5700.857,25045,1,110327
5701.409,5701.961,5694.788,5698.098,18258,1,88709
5698.098,5699.754,5694.788,5699.754,4545,1,19077
5704.72,5706.375,5654.509,5655.061,183081,1,649812
5654.509,5667.751,5646.232,5651.198,127246,1,499056
5651.198,5663.337,5641.818,5659.475,84840,1,401621
5660.026,5663.337,5645.129,5645.129,55633,1,280676
5645.681,5648.439,5640.715,5646.232,32574,1,148789
5646.232,5650.095,5642.922,5648.439,28805,1,123987
5648.439,5648.439,5639.059,5646.232,32975,1,160069
5646.232,5650.095,5646.232,5647.336,18633,1,92406
5647.336,5650.646,5645.681,5647.888,12586,1,62924
5647.888,5656.716,5645.129,5655.612,4862,1,24405
5639.059,5650.095,5631.886,5645.129,130996,1,462445
5645.129,5650.646,5632.438,5645.129,115348,1,448469
5645.681,5652.302,5637.404,5644.025,75377,1,336510
5644.025,5651.75,5640.163,5648.439,48900,1,247846
5647.888,5651.75,5636.3,5640.163,46215,1,233632
5640.163,5644.025,5637.404,5641.818,28318,1,113838
5641.818,5646.784,5636.3,5642.922,37456,1,179154
5642.922,5651.198,5641.266,5645.681,36019,1,167573
5645.681,5654.509,5643.473,5650.646,21431,1,112307
5650.646,5653.957,5647.336,5650.095,4493,1,16052
5647.893,5691.919,5645.692,5691.368,161658,1,589478
5690.818,5708.428,5682.563,5707.327,129923,1,621947
5706.777,5722.186,5701.274,5722.186,100161,1,501315
5722.186,5722.736,5708.428,5713.381,56880,1,297591
5713.381,5724.387,5711.18,5721.085,39512,1,190064
5721.636,5730.441,5718.884,5727.689,50377,1,243423
5727.689,5728.24,5718.334,5724.387,41912,1,214880
5724.938,5732.642,5723.287,5730.441,29218,1,138567
5730.991,5735.394,5727.139,5732.092,24199,1,113169
5732.092,5747.501,5730.991,5743.098,10855,1,41778
5693.57,5694.12,5660.551,5666.604,148566,1,582931
5666.604,5669.906,5638.538,5641.84,129829,1,586240
5641.84,5648.994,5632.485,5643.491,100201,1,484126
5644.041,5646.793,5639.088,5644.591,43711,1,251792
5644.591,5646.793,5637.437,5637.988,29759,1,143795
5637.437,5639.088,5629.183,5633.035,40822,1,203107
5633.035,5640.189,5632.485,5637.988,35584,1,172213
5638.538,5645.692,5637.437,5642.941,30742,1,146472
5642.941,5647.343,5639.088,5641.84,21766,1,104878
5641.29,5647.893,5640.739,5642.941,6182,1,27584
5630.834,5646.242,5566.447,5575.802,243028,1,944566
5575.802,5596.164,5574.151,5593.962,122025,1,530923
5593.412,5611.573,5575.802,5594.513,143987,1,637705
5594.513,5598.365,5589.01,5597.815,41914,1,200782
5597.264,5597.815,5590.661,5595.613,25446,1,119562
5595.613,5599.466,5591.761,5596.164,27501,1,127020
5596.164,5596.164,5585.708,5592.862,33921,1,148991
5592.862,5595.613,5592.311,5593.412,21847,1,94819
5592.862,5597.815,5592.862,5596.714,12071,1,59712
5596.714,5602.217,5596.714,5600.016,5342,1,23648
5585.708,5617.076,5585.157,5614.324,110453,1,394289
5613.774,5614.324,5595.063,5596.164,88441,1,327815
5596.714,5600.566,5590.661,5592.862,63973,1,262789
5592.862,5597.264,5587.909,5589.01,33341,1,160892
5589.56,5594.513,5587.359,5589.56,31717,1,149483
5589.56,5592.311,5584.057,5585.708,36922,1,159281
5585.708,5595.063,5582.406,5592.862,37623,1,179431
5592.862,5599.466,5591.211,5598.365,24814,1,117728
5597.815,5602.217,5596.714,5600.566,16136,1,80869
5600.566,5602.767,5598.915,5602.217,4138,1,16449
5601.667,5607.72,5579.654,5579.654,147476,1,559471
5579.654,5590.661,5576.352,5589.56,93448,1,401773
5590.11,5592.311,5568.648,5570.849,80164,1,335843
5571.399,5588.459,5570.299,5587.359,52141,1,254159
5587.909,5589.56,5582.956,5585.708,27722,1,131226
5586.258,5596.714,5583.506,5595.613,31626,1,149328
5595.613,5598.915,5591.761,5593.412,34671,1,162940
5593.412,5595.063,5587.359,5589.01,25321,1,116736
5589.01,5594.513,5588.459,5593.412,12846,1,60496
5592.862,5601.117,5592.862,5596.714,6333,1,33085
5598.365,5631.384,5597.815,5628.632,121154,1,484180
5628.082,5633.035,5608.821,5610.472,111760,1,450547
5609.922,5614.874,5601.117,5606.069,75878,1,355184
5606.069,5611.022,5602.217,5604.969,35277,1,159743
5604.969,5612.673,5604.418,5611.573,23249,1,111142
5611.573,5618.727,5609.371,5617.626,33337,1,162349
5617.626,5622.579,5617.076,5620.378,32689,1,169124
5619.827,5620.928,5612.123,5614.324,28198,1,150951
5613.774,5614.874,5607.17,5614.324,18181,1,93091
5614.874,5618.727,5609.922,5612.123,6025,1,25638
5671.007,5693.019,5664.403,5674.309,223391,1,942007
5673.758,5709.529,5673.208,5706.777,123459,1,554403
5706.777,5708.428,5685.865,5686.415,114525,1,508561
5685.865,5690.818,5681.463,5688.066,61703,1,289280
5687.516,5700.724,5686.966,5699.073,41474,1,191786
5699.623,5704.026,5688.066,5689.717,53227,1,247320
5689.167,5690.268,5671.557,5673.758,47845,1,245649
5673.208,5674.309,5668.805,5671.557,29911,1,142044
5672.107,5675.409,5667.154,5671.007,17036,1,84158
5671.557,5672.107,5664.403,5664.953,5831,1,25068
5666.604,5670.456,5643.491,5669.906,166806,1,603365
5669.356,5673.208,5656.698,5663.853,112671,1,449368
5663.302,5679.812,5660.551,5676.51,96620,1,425918
5677.06,5687.516,5675.409,5684.214,49250,1,210010
5683.664,5689.717,5682.013,5685.865,28629,1,119856
5686.415,5690.818,5680.362,5682.013,33359,1,253442
5682.013,5687.516,5677.06,5686.415,34247,1,189601
5685.865,5689.717,5684.214,5687.516,17077,1,80827
5686.966,5689.167,5683.114,5688.617,15588,1,75031
5688.617,5694.12,5685.315,5694.12,6452,1,26189
5673.758,5674.309,5653.947,5653.947,135246,1,488750
5653.947,5658.9,5648.444,5654.497,87229,1,355114
5655.047,5673.758,5653.397,5667.154,81582,1,332408
5667.154,5693.57,5666.604,5690.818,64531,1,272502
5690.818,5691.919,5683.664,5685.865,34498,1,156096
5685.315,5688.617,5680.362,5681.463,29565,1,145332
5681.463,5682.013,5675.409,5678.711,26197,1,119566
5678.161,5681.463,5676.51,5678.711,18660,1,78007
5678.711,5680.362,5675.409,5679.261,13909,1,61781
5679.812,5685.315,5677.61,5685.315,4639,1,24199
5674.859,5689.167,5647.893,5661.651,211968,1,815526
5662.202,5668.255,5651.746,5658.349,123989,1,500077
5658.349,5664.953,5647.893,5657.799,78248,1,327442
5658.349,5663.302,5656.698,5660.0,29761,1,134279
5660.0,5661.101,5649.544,5652.846,30752,1,153728
5652.846,5659.45,5652.296,5658.9,25014,1,124325
5658.9,5660.0,5652.296,5654.497,25536,1,115275
5654.497,5656.148,5653.947,5654.497,12535,1,56468
5654.497,5655.047,5651.746,5653.947,10730,1,59277
5654.497,5655.047,5649.544,5649.544,5578,1,25718
5690.268,5695.771,5647.343,5668.255,212834,1,805932
5667.705,5690.268,5663.302,5685.865,127111,1,475814
5685.865,5690.268,5655.047,5656.698,95516,1,420640
5656.698,5657.799,5642.941,5652.846,66389,1,323978
5652.846,5659.45,5646.793,5648.444,41665,1,178477
5647.893,5666.604,5647.343,5657.799,45512,1,217168
5657.799,5667.154,5656.698,5664.953,33263,1,154988
5664.953,5665.503,5657.799,5660.0,25098,1,110715
5660.551,5663.302,5658.9,5661.101,10393,1,48203
5661.101,5662.202,5657.249,5661.651,4439,1,17380
5663.853,5663.853,5625.881,5641.29,156729,1,624840
5641.29,5656.698,5637.988,5654.497,118576,1,503257
5654.497,5656.148,5642.39,5650.095,76155,1,351829
5650.095,5654.497,5648.994,5651.195,26650,1,126106
5651.746,5655.598,5646.242,5649.544,27783,1,130094
5649.544,5660.551,5648.444,5657.799,34703,1,161120
5657.799,5658.349,5648.994,5652.296,29671,1,160360
5652.296,5655.598,5651.195,5653.947,18714,1,87224
5653.397,5656.698,5651.746,5653.397,10251,1,50385
5652.846,5657.799,5652.296,5657.249,3904,1,19863
5659.45,5661.651,5639.088,5642.941,138523,1,542785
5642.39,5650.095,5635.786,5644.041,100715,1,415571
5644.041,5644.041,5625.33,5633.035,88497,1,422129
5633.585,5638.538,5629.733,5636.337,33265,1,169421
5636.337,5636.887,5625.881,5626.981,28592,1,139711
5626.981,5630.283,5625.33,5628.082,24729,1,135659
5628.082,5628.082,5621.478,5622.579,34536,1,190348
5622.579,5625.33,5619.277,5621.478,21833,1,115123
5620.928,5625.881,5620.378,5624.23,16200,1,77714
5624.23,5625.33,5618.727,5618.727,5909,1,27659
5622.029,5650.095,5622.029,5645.692,116010,1,479684
5645.692,5650.645,5633.035,5634.686,103886,1,414154
5635.236,5635.236,5607.17,5608.271,103672,1,496652
5608.271,5619.277,5607.72,5615.425,44025,1,210422
5615.425,5622.029,5614.324,5618.727,26724,1,139907
5618.727,5633.035,5616.525,5630.283,37227,1,214445
5629.733,5631.934,5625.881,5626.981,28695,1,133633
5626.981,5628.632,5622.579,5623.129,19395,1,86630
5623.129,5624.23,5620.378,5622.029,12567,1,56304
5622.029,5624.23,5620.378,5620.928,3703,1,19321
5614.324,5620.378,5606.62,5616.525,129869,1,451830
5616.525,5624.23,5598.915,5609.371,173949,1,700176
5609.922,5628.632,5600.566,5627.532,92609,1,434572
5627.532,5631.384,5620.928,5630.834,50187,1,226107
5630.283,5644.041,5627.532,5636.887,61006,1,294708
5636.887,5640.739,5630.834,5631.934,33213,1,142297
5632.485,5637.437,5630.283,5633.585,27821,1,128405
5633.585,5635.236,5630.834,5634.686,16946,1,89531
5634.686,5643.491,5634.135,5641.29,17186,1,88347
5641.29,5644.041,5640.739,5643.491,4846,1,23232
5657.249,5668.255,5652.846,5666.604,123201,1,524999
5666.604,5674.309,5663.302,5666.604,98623,1,436329
5666.604,5686.415,5665.503,5676.51,110358,1,552714
5676.51,5677.61,5663.853,5666.604,57941,1,303363
5666.604,5668.255,5660.551,5667.154,34408,1,170703
5667.705,5678.161,5661.101,5671.557,44360,1,212043
5671.007,5680.912,5669.356,5675.959,57921,1,277066
5675.959,5680.362,5672.658,5675.959,26227,1,107543
5675.959,5679.261,5671.007,5671.557,17101,1,85680
5671.557,5676.51,5669.906,5673.208,5635,1,25584
5663.853,5663.853,5645.692,5654.497,102724,1,399629
5653.947,5667.705,5642.941,5662.752,136372,1,584439
5662.202,5677.61,5657.249,5673.208,106559,1,495930
5673.208,5677.06,5667.705,5670.456,40061,1,207230
5670.456,5672.107,5664.953,5672.107,29667,1,163231
5672.107,5681.463,5671.557,5679.261,37613,1,190981
5678.711,5681.463,5673.758,5679.812,32686,1,184882
5679.812,5679.812,5672.658,5673.758,20674,1,100734
5673.208,5674.859,5663.302,5664.403,22251,1,133144
5664.403,5664.953,5660.0,5661.101,3822,1,17707
5657.249,5663.302,5647.343,5661.101,105804,1,403395
5661.101,5676.51,5661.101,5674.859,98696,1,404924
5674.309,5674.309,5658.349,5669.906,91873,1,410543
5669.906,5671.557,5664.953,5668.805,28503,1,140518
5668.805,5672.107,5664.953,5671.007,23471,1,113676
5671.007,5677.06,5668.255,5672.658,31072,1,164477
5672.107,5697.422,5672.107,5694.12,68344,1,380663
5694.12,5694.12,5687.516,5688.066,21416,1,98526
5688.617,5689.717,5684.214,5686.415,13741,1,69466
5686.415,5696.871,5685.315,5692.469,5818,1,24754
5679.261,5690.268,5675.409,5678.161,75577,1,287127
5678.161,5685.315,5674.859,5684.765,55886,1,212517
5685.315,5706.777,5684.214,5699.073,84413,1,417221
5699.073,5700.173,5691.919,5695.221,28686,1,140390
5695.221,5695.771,5686.966,5686.966,19607,1,92953
5687.516,5697.422,5685.315,5693.57,23818,1,108057
5693.57,5696.321,5693.019,5693.57,7902,1,45536
5694.12,5694.12,5690.268,5692.469,10332,1,51391
5692.469,5694.12,5690.818,5691.919,7432,1,44191
5692.469,5694.67,5690.818,5694.12,4150,1,18844
5686.415,5689.717,5653.947,5662.202,129952,1,535189
5662.202,5667.705,5651.746,5665.503,89347,1,419831
5664.953,5685.315,5664.403,5679.812,85717,1,369747
5679.812,5682.563,5671.007,5672.658,45162,1,244665
5672.658,5677.61,5671.007,5675.959,26518,1,143152
5675.409,5685.865,5672.658,5683.664,44132,1,231851
5684.214,5685.315,5677.06,5679.261,31823,1,162984
5678.711,5681.463,5672.107,5672.107,24117,1,125116
5672.107,5682.563,5671.557,5680.912,17235,1,98699
5681.463,5688.617,5679.261,5683.664,6100,1,28063
5697.422,5708.428,5690.268,5706.227,117941,1,452042
5705.677,5723.837,5704.026,5720.535,109863,1,544465
5721.085,5722.186,5712.831,5717.784,69119,1,334812
5717.233,5732.092,5715.032,5727.139,61311,1,327512
5727.139,5735.944,5727.139,5730.441,40304,1,218902
5730.441,5738.696,5728.79,5732.092,45086,1,254337
5731.541,5733.743,5723.287,5729.89,36285,1,189034
5730.441,5735.394,5726.038,5734.293,26709,1,122995
5733.743,5735.944,5726.589,5727.139,20273,1,109246
5727.139,5731.541,5726.589,5728.24,6956,1,30053
5722.201,5749.648,5717.81,5745.806,166973,1,672806
5746.355,5767.215,5745.806,5766.117,103602,1,469787
5766.117,5787.526,5757.334,5784.232,112292,1,583545
5784.781,5787.526,5763.372,5769.41,74154,1,375203
5768.861,5770.508,5761.176,5764.47,44731,1,230422
5765.019,5777.645,5762.823,5771.606,33362,1,162756
5772.155,5778.193,5768.312,5775.998,28992,1,140449
5776.547,5787.526,5775.998,5778.193,38945,1,190874
5778.742,5780.938,5771.057,5773.253,20570,1,106140
5773.253,5784.781,5773.253,5775.998,8234,1,32781
5783.134,5797.407,5767.215,5769.41,185161,1,685966
5769.959,5795.76,5765.019,5787.526,127953,1,503048
5786.977,5786.977,5744.708,5758.98,153070,1,703235
5758.98,5767.215,5748.55,5762.274,57320,1,240646
5762.274,5767.764,5757.883,5766.117,39179,1,161403
5766.666,5769.959,5743.061,5745.806,54484,1,242144
5745.257,5751.295,5738.669,5750.746,43703,1,179606
5750.197,5764.47,5748.002,5761.176,30285,1,144909
5761.725,5777.645,5760.078,5774.9,24895,1,133212
5774.9,5782.585,5773.253,5780.389,6390,1,29446
5789.172,5806.739,5782.585,5790.27,183166,1,700903
5790.819,5801.798,5777.645,5790.27,145253,1,551078
5790.27,5802.896,5776.547,5800.7,141166,1,629143
5800.7,5822.109,5796.858,5821.011,92598,1,446550
5821.011,5828.696,5813.326,5815.522,82556,1,400611
5815.522,5823.207,5805.641,5811.679,54306,1,234953
5812.228,5828.147,5811.679,5822.658,55987,1,251257
5822.658,5823.756,5815.522,5816.071,25188,1,98959
5815.522,5820.462,5815.522,5817.718,16618,1,82481
5817.718,5822.109,5816.62,5822.109,6450,1,25197
5801.798,5808.934,5788.074,5799.602,148423,1,559477
5799.602,5814.973,5799.602,5808.385,113456,1,498337
5807.836,5835.284,5800.151,5822.109,165802,1,752506
5822.109,5822.109,5808.385,5812.228,59970,1,291863
5812.228,5824.854,5809.483,5821.011,37321,1,180440
5821.011,5830.892,5819.364,5828.147,35717,1,155581
5828.147,5837.48,5827.05,5832.539,41432,1,206165
5832.539,5832.539,5827.05,5827.599,24468,1,117633
5827.599,5835.284,5827.599,5828.696,18699,1,92778
5828.147,5835.284,5827.599,5831.99,6298,1,31099
5824.305,5841.322,5810.581,5813.326,169789,1,643893
5812.777,5818.266,5789.172,5801.798,133150,1,581988
5802.347,5804.543,5783.683,5791.368,74089,1,364841
5791.368,5791.917,5779.84,5782.585,48921,1,249489
5782.585,5785.33,5774.9,5779.84,40017,1,212180
5779.291,5780.389,5766.666,5773.253,43966,1,220162
5772.704,5778.193,5768.312,5771.057,33617,1,156434
5771.057,5789.172,5770.508,5777.096,66369,1,297623
5777.096,5785.33,5775.449,5784.232,23112,1,112657
5784.781,5790.819,5782.585,5787.526,6225,1,30075
5780.938,5827.599,5765.568,5822.658,205515,1,772585
5822.658,5826.501,5800.151,5810.581,148283,1,533293
5810.581,5812.777,5790.819,5801.798,125669,1,528807
5802.347,5808.385,5794.113,5802.347,54836,1,217733
5802.347,5812.777,5800.7,5807.288,39032,1,152090
5806.739,5823.207,5806.19,5820.462,47110,1,193897
5820.462,5838.028,5819.913,5834.186,62567,1,271668
5834.735,5861.633,5833.088,5858.339,110315,1,531537
5858.339,5884.689,5850.105,5880.846,65919,1,320867
5880.297,5900.608,5879.748,5890.727,11143,1,47898
5880.297,5902.804,5846.812,5898.412,197412,1,736927
5898.412,5928.055,5894.57,5911.587,191798,1,768817
5912.136,5913.234,5898.961,5904.451,75581,1,293175
5904.451,5904.451,5890.727,5901.706,74056,1,301119
5901.706,5906.098,5895.668,5897.863,38430,1,155420
5898.412,5902.255,5891.825,5898.412,50691,1,190184
5898.412,5909.94,5880.297,5892.374,75837,1,337243
5892.374,5897.315,5884.689,5892.923,38794,1,160217
5892.923,5895.668,5885.787,5890.727,21937,1,97916
5890.178,5894.57,5888.531,5890.727,5966,1,27184
5894.57,5909.94,5881.395,5885.787,189824,1,651705
5885.787,5896.766,5874.808,5887.434,140916,1,582032
5887.982,5889.629,5868.769,5880.846,107201,1,443751
5880.846,5892.923,5877.004,5887.982,51631,1,208075
5887.982,5902.804,5886.885,5896.217,51350,1,220644
5895.668,5909.94,5888.531,5901.157,69774,1,315877
5901.157,5902.804,5892.374,5893.472,39472,1,168997
5892.923,5896.217,5890.178,5895.119,22604,1,103764
5895.119,5904.451,5895.119,5903.902,20788,1,92749
5903.902,5906.647,5900.608,5905.549,5834,1,21122
5905.549,5923.664,5868.22,5877.552,253628,1,895663
5877.552,5970.873,5869.867,5950.013,287043,1,1089295
5950.013,5965.384,5931.898,5940.681,146190,1,537042
5941.23,5949.464,5926.409,5929.702,66027,1,248128
5929.702,5935.192,5913.783,5918.723,61613,1,253098
5918.723,5926.958,5890.178,5905.0,47583,1,187428
5904.451,5931.349,5890.178,5921.468,143260,1,494309
5921.468,5949.464,5920.37,5941.23,74529,1,280893
5941.23,5956.601,5940.681,5952.758,29295,1,135984
5952.758,5952.758,5939.034,5942.328,4781,1,24384
5929.153,5956.052,5920.37,5940.132,225161,1,735718
5940.681,5951.66,5932.996,5946.72,134130,1,472519
5946.72,5954.954,5937.936,5940.681,90472,1,368397
5940.681,5946.72,5900.608,5914.881,123758,1,532676
5914.881,5926.958,5899.51,5903.353,80823,1,331745
5903.353,5918.723,5896.766,5906.098,58898,1,224261
5906.647,5910.489,5897.315,5905.549,42723,1,167547
5905.549,5910.489,5901.706,5902.255,24593,1,96721
5902.804,5905.0,5897.863,5899.51,19537,1,88716
5900.059,5900.608,5894.021,5898.961,6004,1,30883
5912.136,5917.625,5875.906,5892.923,193805,1,666584
5892.374,5912.685,5889.08,5904.451,138140,1,484769
5903.902,5911.038,5885.787,5886.336,107083,1,442607
5886.336,5895.119,5881.395,5889.08,59280,1,243515
5889.08,5909.94,5889.08,5905.0,48342,1,191491
5905.0,5919.821,5903.902,5916.528,55244,1,225745
5916.528,5922.566,5908.842,5913.783,44124,1,173811
5913.783,5918.174,5909.391,5915.979,25659,1,101999
5915.43,5919.821,5909.94,5910.489,17171,1,67696
5911.038,5915.43,5908.293,5909.391,5574,1,22633
5906.647,5949.464,5904.451,5943.975,150067,1,484245
5943.426,5948.366,5931.898,5943.975,104270,1,368641
5943.975,5956.601,5942.877,5952.209,71251,1,264410
5951.111,5964.286,5948.366,5953.856,62286,1,253747
5953.856,5954.405,5939.034,5942.328,46687,1,188215
5941.779,5952.209,5941.23,5948.915,31429,1,123708
5948.915,5968.128,5948.366,5960.443,55880,1,220841
5960.992,5963.737,5957.698,5957.698,22120,1,85076
5957.698,5959.894,5954.954,5954.954,15208,1,60239
5954.954,5964.286,5954.405,5963.188,7568,1,32918
5973.069,5983.499,5946.72,5958.247,181586,1,691580
5958.796,5964.835,5926.958,5930.8,154964,1,612122
5930.8,5950.013,5924.762,5943.975,99403,1,382618
5943.975,5948.366,5933.545,5939.583,44388,1,187465
5939.034,5946.171,5934.643,5942.328,30426,1,141442
5941.779,5949.464,5936.29,5945.622,43512,1,170605
5945.622,5963.737,5942.328,5959.894,66151,1,298213
5959.894,5976.363,5959.894,5969.775,55623,1,271584
5969.775,5976.912,5969.226,5972.52,21464,1,95592
5972.52,5981.303,5971.422,5978.009,7909,1,31987
5970.873,5995.576,5962.09,5993.38,125729,1,452066
5993.38,6012.593,5992.282,6011.495,104783,1,411728
6011.495,6012.593,6001.065,6005.457,72196,1,292882
6005.457,6007.652,5996.674,6002.712,43268,1,188254
6002.712,6015.338,6002.163,6009.848,39061,1,176150
6009.299,6024.67,6009.299,6013.691,45501,1,229897
6014.24,6015.338,5993.38,5993.929,38448,1,199459
5994.478,5995.576,5972.52,5977.46,50692,1,286892
5978.009,5980.205,5965.933,5973.069,21795,1,123074
5973.069,5973.618,5950.562,5951.111,9221,1,45814
5909.94,5947.268,5909.94,5945.073,206167,1,830703
5945.073,5956.601,5936.29,5948.366,136237,1,571876
5948.915,5971.422,5943.426,5964.835,105101,1,502372
5964.835,5991.733,5962.639,5984.597,100698,1,497567
5985.146,6009.299,5984.048,5999.967,72196,1,330009
5999.967,6001.614,5975.814,5986.244,80226,1,351302
5986.244,5991.184,5976.912,5981.303,54123,1,226187
5981.303,6003.81,5980.205,6001.065,53914,1,241008
6000.516,6002.163,5986.244,5986.793,26672,1,116869
5987.341,5997.771,5986.244,5988.439,8256,1,32760
5983.499,5991.733,5969.775,5976.912,155472,1,574416
5976.912,5988.439,5965.384,5967.579,121462,1,481525
5968.128,5983.499,5957.149,5983.499,109403,1,466956
5982.95,5999.418,5978.558,5991.733,77441,1,358698
5991.184,5992.831,5973.618,5975.265,43633,1,184652
5975.265,5984.597,5968.128,5979.107,55008,1,238087
5979.107,6000.516,5966.482,5985.146,87589,1,393833
5985.695,5987.341,5976.363,5976.912,40103,1,186308
5976.912,5979.107,5964.835,5965.384,25384,1,112897
5965.933,5970.324,5963.737,5970.324,4731,1,20828
5964.835,5972.52,5945.073,5946.171,135962,1,478476
5946.171,5948.366,5904.451,5906.098,144513,1,609348
5906.647,5924.213,5906.647,5922.566,78876,1,361397
5922.566,5940.681,5920.919,5934.094,57649,1,264473
5934.094,5940.681,5923.115,5924.213,46909,1,193901
5924.213,5929.153,5913.234,5918.174,47217,1,192094
5918.723,5924.213,5914.881,5921.468,33253,1,148684
5921.468,5926.958,5918.723,5919.821,30064,1,133114
5919.821,5925.311,5918.723,5924.762,17995,1,79352
5924.762,5924.762,5918.723,5924.762,6106,1,21717
5943.426,5953.307,5935.741,5953.307,159452,1,562208
5953.307,5970.324,5937.936,5963.737,152219,1,574584
5964.286,5975.814,5959.345,5966.482,103918,1,401938
5965.933,5981.303,5963.188,5969.775,81473,1,341673
5969.775,5985.695,5968.677,5984.048,54119,1,219286
5984.048,5987.89,5977.46,5981.303,54840,1,214573
5981.852,5987.89,5978.558,5985.146,34810,1,156294
5985.695,5991.733,5983.499,5988.988,33030,1,135395
5989.537,5989.537,5984.048,5986.244,23511,1,94075
5985.695,5997.771,5985.146,5993.38,12718,1,41297
6002.712,6053.215,5994.478,6050.47,253703,1,960868
6050.47,6061.998,6046.079,6049.921,145785,1,631284
6050.47,6051.568,6035.1,6044.432,108468,1,453704
6043.883,6048.823,6033.453,6048.274,65355,1,272204
6048.274,6058.704,6047.176,6055.411,54642,1,240715
6054.862,6058.704,6049.372,6052.666,40106,1,175641
6052.666,6064.194,6048.823,6062.547,43863,1,197435
6063.096,6068.036,6053.764,6059.253,52566,1,257114
6059.253,6062.547,6053.215,6059.802,23963,1,101604
6060.351,6079.564,6058.155,6071.33,11674,1,49246
6063.645,6065.292,6020.827,6043.334,198073,1,671098
6043.334,6063.645,6042.236,6058.704,158281,1,555237
6059.253,6071.33,6050.47,6069.683,124372,1,520484
6070.232,6082.309,6067.487,6072.977,89767,1,424429
6072.977,6078.466,6068.036,6070.781,39819,1,173216
6070.781,6074.075,6052.117,6055.96,60523,1,283281
6055.96,6073.526,6031.806,6034.551,96585,1,400770
6034.551,6049.372,6030.708,6048.823,62390,1,262337
6048.274,6049.372,6036.198,6042.236,27176,1,107986
6041.687,6047.176,6038.942,6041.687,6351,1,21181
6025.827,6077.236,6018.17,6077.236,194556,1,669081
6077.236,6124.817,6076.142,6124.817,176866,1,763205
6124.27,6130.286,6093.096,6098.565,136489,1,627631
6099.112,6103.488,6080.517,6102.941,97975,1,458011
6102.941,6120.442,6096.925,6112.238,63985,1,281677
6112.785,6121.535,6102.394,6117.707,55642,1,221909
6118.254,6145.053,6117.707,6129.739,79711,1,342373
6129.739,6139.583,6124.817,6135.208,50510,1,211395
6135.208,6145.599,6131.38,6137.943,35661,1,149265
6137.943,6145.053,6137.396,6137.396,8680,1,36227
6125.364,6150.522,6111.691,6137.396,215145,1,749452
6137.396,6146.693,6108.41,6119.895,142682,1,507990
6120.442,6138.49,6111.144,6133.567,112900,1,453066
6133.021,6136.302,6114.973,6133.567,76345,1,317004
6133.567,6153.803,6129.739,6148.881,61711,1,246031
6148.881,6155.991,6141.224,6151.069,47642,1,174944
6151.069,6177.32,6150.522,6177.32,82415,1,340444
6177.32,6208.494,6176.226,6203.572,80467,1,403210
6204.119,6216.15,6196.462,6212.322,48419,1,224180
6211.775,6214.51,6201.931,6204.665,13649,1,47698
6206.853,6208.494,6175.679,6198.649,177732,1,652071
6198.103,6224.354,6192.087,6206.306,186969,1,731332
6205.759,6238.027,6197.009,6212.869,189550,1,769819
6212.322,6236.933,6211.228,6227.636,78118,1,330594
6227.089,6252.793,6227.089,6247.871,72689,1,303824
6247.871,6253.34,6241.308,6247.324,60763,1,257432
6247.871,6251.699,6221.62,6223.26,72558,1,304483
6222.713,6225.995,6193.727,6215.057,108468,1,458620
6214.51,6232.011,6207.4,6228.182,44030,1,179653
6227.636,6230.37,6217.791,6227.089,9363,1,30262
6213.416,6218.885,6165.288,6166.382,174193,1,640665
6166.382,6168.023,6118.801,6131.927,174995,1,726685
6131.38,6131.38,6104.581,6116.066,149734,1,635952
6116.066,6146.146,6111.691,6113.332,105676,1,455234
6113.332,6117.16,6078.877,6080.517,94357,1,427923
6080.517,6105.675,6079.971,6100.753,55558,1,222019
6100.753,6113.879,6094.737,6095.831,59725,1,220684
6095.831,6112.238,6095.831,6109.504,31316,1,119814
6110.05,6110.597,6091.456,6096.925,31433,1,133966
6097.472,6103.488,6090.362,6093.096,8552,1,31154
6047.703,6050.984,5997.388,6000.122,202467,1,699071
6000.122,6012.701,5997.934,6008.873,111816,1,414159
6008.873,6028.561,6002.31,6028.014,99264,1,377211
6028.561,6034.03,6017.076,6034.03,58313,1,239201
6034.03,6037.859,6026.921,6027.467,37739,1,153806
6028.014,6032.39,6013.248,6018.17,43029,1,152227
6018.17,6035.671,6013.795,6023.639,47567,1,179844
6023.639,6025.827,6014.342,6018.717,24782,1,117302
6019.264,6023.639,6014.889,6023.639,15526,1,72471
6023.092,6023.639,6013.795,6013.795,4899,1,20336
5999.575,6038.952,5993.559,6032.39,242148,1,836336
6032.39,6070.673,6022.545,6060.829,181500,1,648245
6060.829,6063.016,6021.451,6021.998,120233,1,449453
6021.998,6026.921,6008.326,6012.154,74467,1,280036
6012.154,6018.717,6001.216,6014.889,59942,1,227856
6014.889,6017.076,5992.465,5996.841,55918,1,218627
5996.294,6001.763,5987.543,5989.184,56891,1,204091
5988.637,5997.934,5984.809,5991.918,38945,1,151484
5991.372,5999.575,5987.543,5989.184,24460,1,109961
5988.637,5991.918,5984.809,5987.543,5378,1,19591
5983.168,6011.607,5982.621,6002.857,146286,1,499967
6003.403,6025.827,6002.31,6018.717,120557,1,431124
6019.264,6025.827,6007.232,6007.779,110505,1,375570
6007.779,6009.419,5985.356,5986.449,101678,1,400850
5986.996,5995.747,5984.262,5993.559,40551,1,148141
5993.559,6001.763,5989.184,5995.747,40252,1,142622
5995.747,6007.779,5993.559,6005.591,35563,1,135061
6005.591,6009.419,6000.669,6006.685,30729,1,123120
6006.138,6007.232,5998.481,5999.028,15704,1,64768
5999.575,6002.857,5997.934,6001.763,4643,1,20952
6001.763,6007.232,5976.058,5982.621,151231,1,516729
5982.621,5983.168,5958.557,5961.839,134224,1,497825
5961.839,5976.058,5957.463,5964.026,96408,1,395179
5964.573,5974.417,5954.729,5956.369,62450,1,263980
5956.369,5956.916,5941.603,5949.26,57150,1,249699
5949.26,5949.807,5937.228,5942.697,43619,1,178714
5942.697,5943.244,5936.134,5939.415,27561,1,112068
5938.868,5943.244,5936.681,5937.228,21616,1,97996
5937.228,5948.166,5932.852,5946.525,27131,1,112705
5947.072,5947.619,5939.962,5941.056,5879,1,23540
5927.383,5938.868,5889.1,5894.569,225462,1,861898
5895.116,5923.008,5894.022,5921.367,125123,1,506717
5920.82,5925.196,5909.882,5919.18,94303,1,375577
5919.18,5926.29,5916.992,5923.555,37124,1,144152
5923.555,5944.337,5919.727,5942.697,61418,1,273965
5943.244,5949.26,5931.759,5937.775,69399,1,323553
5937.775,5939.415,5926.836,5932.306,45349,1,194163
5932.852,5936.681,5930.118,5933.946,26131,1,108822
5933.946,5943.791,5931.759,5937.228,22959,1,102589
5937.775,5940.509,5935.04,5938.321,4844,1,22289
5929.024,5945.431,5888.006,5925.196,234018,1,806420
5925.743,5942.697,5899.491,5928.477,191924,1,711898
5929.024,5957.463,5915.351,5946.525,148101,1,604775
5947.072,5958.557,5943.244,5950.353,67586,1,277847
5950.9,5979.34,5948.166,5968.948,73893,1,328653
5968.401,5976.605,5958.01,5966.214,60969,1,266265
5966.214,5970.042,5960.198,5961.292,38388,1,166255
5961.839,5970.042,5960.745,5966.214,21711,1,93622
5966.761,5973.87,5962.385,5962.932,20795,1,92651
5963.479,5967.854,5956.916,5962.385,6440,1,21899
5947.072,5958.557,5936.134,5956.369,182347,1,607478
5955.823,5991.372,5951.447,5985.356,181030,1,631938
5985.356,5988.637,5967.854,5985.356,106512,1,394593
5985.356,5986.996,5975.511,5981.527,45664,1,180366
5981.527,5983.168,5958.01,5958.01,48757,1,224544
5958.557,5963.479,5943.244,5946.525,44331,1,186660
5946.525,5961.292,5942.697,5953.635,53387,1,220436
5953.635,5956.916,5951.447,5952.541,21318,1,87435
5952.541,5954.182,5949.26,5951.447,11949,1,53760
5951.994,5953.635,5949.807,5950.9,3406,1,14343
5977.699,6002.857,5960.745,5993.559,162992,1,547928
5993.559,5997.934,5976.058,5988.09,157834,1,508143
5988.09,5995.2,5971.136,5976.605,88897,1,331917
5976.605,5978.246,5957.463,5961.839,51186,1,193312
5961.839,5976.058,5950.353,5971.683,73145,1,300070
5971.683,5983.168,5971.136,5974.964,56012,1,213097
5974.417,5977.699,5960.745,5964.573,42868,1,160815
5964.573,5969.495,5961.839,5968.401,28513,1,108397
5968.401,5968.948,5963.479,5968.401,13015,1,52999
5968.948,5972.23,5967.308,5972.23,4946,1,17001
5957.463,5961.839,5939.962,5955.823,201227,1,666962
5956.369,5958.01,5923.008,5931.212,169974,1,609574
5931.759,5946.525,5930.118,5936.134,92911,1,342204
5935.587,5983.168,5931.212,5978.793,104380,1,450521
5978.793,5985.356,5968.401,5972.23,77198,1,318527
5971.683,5977.699,5948.713,5951.994,79553,1,340215
5951.994,5952.541,5941.056,5948.713,44829,1,187803
5948.713,5954.182,5944.884,5948.713,32357,1,140368
5948.166,5952.541,5947.619,5948.166,11723,1,51607
5948.166,5953.088,5943.244,5943.791,4290,1,15693
5961.292,5977.152,5953.635,5975.511,155072,1,534183
5975.511,5998.481,5974.964,5988.637,164979,1,654141
5989.184,5999.028,5980.433,5985.902,104383,1,420584
5985.902,6003.403,5982.621,5999.575,67823,1,280135
5999.575,6011.06,5997.934,6003.95,57441,1,264201
6003.403,6006.138,5994.653,5997.934,50586,1,201978
5997.934,6011.06,5993.012,6011.06,51886,1,239635
6011.607,6011.607,6004.497,6008.326,28963,1,116055
6007.779,6008.326,6001.216,6006.138,22919,1,115518
6005.044,6014.889,6004.497,6014.342,8825,1,40247
6007.779,6067.939,6003.95,6064.657,209033,1,775765
6064.657,6078.33,6060.829,6065.204,145714,1,544427
6064.657,6082.705,6060.829,6073.955,111763,1,427245
6073.955,6078.877,6067.392,6069.579,47245,1,186911
6069.032,6100.753,6066.298,6094.737,76529,1,341612
6094.737,6103.488,6093.643,6098.565,54264,1,231020
6099.112,6119.895,6098.565,6108.41,82297,1,378143
6108.41,6123.176,6106.222,6123.176,41685,1,181885
6123.176,6123.176,6066.845,6076.689,68457,1,313050
6076.142,6089.815,6069.579,6079.971,17497,1,56799
6068.485,6082.705,6048.25,6077.236,129734,1,449909
6077.236,6100.753,6060.282,6071.767,118157,1,441011
6071.767,6088.721,6061.923,6078.877,70274,1,272674
6079.424,6105.675,6078.877,6087.08,55339,1,228376
6087.08,6115.52,6084.346,6110.05,65015,1,270554
6109.504,6113.332,6100.206,6110.05,62710,1,243808
6109.504,6134.661,6109.504,6132.474,63435,1,270911
6132.474,6141.771,6125.911,6137.943,45870,1,185385
6137.943,6143.959,6128.645,6129.739,28449,1,120979
6129.739,6148.881,6127.551,6146.146,11609,1,39624
6125.364,6144.506,6100.206,6102.394,223397,1,738422
6102.941,6107.316,6087.08,6089.815,135834,1,480016
6090.362,6098.018,6076.689,6081.611,104407,1,391530
6081.611,6089.815,6073.955,6076.689,73399,1,296582
6076.142,6081.064,6061.923,6074.501,69977,1,292149
6074.501,6083.252,6071.22,6082.158,44183,1,174222
6081.611,6104.034,6080.517,6099.112,67958,1,278964
6099.112,6105.128,6094.737,6098.565,43530,1,179829
6098.018,6108.957,6094.19,6108.41,22582,1,96354
6108.957,6108.957,6098.018,6101.847,6871,1,26609
6113.879,6139.583,6105.675,6119.895,205088,1,734223
6120.442,6134.661,6111.144,6123.723,167311,1,607031
6123.723,6125.364,6085.987,6093.096,164197,1,670106
6093.643,6107.316,6090.909,6096.925,75374,1,329028
6096.925,6119.348,6095.284,6108.41,69841,1,296826
6108.41,6128.098,6099.659,6127.005,79681,1,331262
6126.458,6128.645,6117.707,6123.176,47366,1,214289
6123.176,6127.551,6115.52,6117.16,28928,1,129366
6117.16,6121.535,6114.973,6117.16,20139,1,87565
6117.707,6122.629,6116.613,6117.707,6894,1,25087
6130.833,6172.945,6127.551,6160.913,202858,1,685409
6160.913,6183.336,6158.725,6174.586,165556,1,624530
6174.586,6176.773,6147.24,6149.428,125207,1,458340
6148.881,6170.21,6135.208,6169.663,111890,1,433920
6169.663,6177.867,6151.069,6160.366,81457,1,309544
6159.819,6171.304,6153.256,6170.21,65246,1,252201
6170.21,6197.556,6170.21,6194.821,89866,1,382402
6194.821,6195.915,6186.617,6192.087,37165,1,144872
6192.087,6194.821,6188.258,6189.352,19494,1,82860
6189.899,6194.821,6188.258,6189.899,6989,1,28794
6224.901,6234.198,6168.023,6174.039,258697,1,916541
6174.586,6187.711,6165.288,6186.071,170413,1,595921
6186.071,6199.743,6174.039,6177.32,153303,1,550869
6176.773,6180.602,6158.178,6158.725,70327,1,267880
6158.178,6168.57,6151.069,6157.631,65718,1,248724
6157.631,6178.414,6154.897,6168.57,78750,1,311086
6168.57,6189.899,6163.1,6184.977,84029,1,335238
6185.524,6185.524,6171.851,6182.789,42726,1,161045
6182.242,6188.805,6175.132,6180.055,22722,1,87812
6180.055,6181.695,6169.116,6169.663,5607,1,22584
6147.787,6185.524,6146.693,6158.178,213621,1,766679
6158.178,6184.977,6153.803,6172.945,173592,1,646903
6173.492,6193.18,6162.554,6190.993,146280,1,581856
6190.993,6201.384,6182.789,6190.993,80803,1,330439
6190.993,6196.462,6187.164,6188.258,44204,1,169681
6188.258,6208.494,6186.071,6203.572,68772,1,287220
6203.572,6204.119,6192.633,6202.478,45119,1,185736
6202.478,6203.025,6191.54,6192.087,34099,1,162864
6192.087,6193.727,6186.071,6190.446,24917,1,126434
6189.899,6203.025,6186.617,6200.837,8228,1,34193
6198.103,6198.649,6163.647,6178.961,166156,1,592236
6178.414,6184.43,6165.288,6179.508,158063,1,539282
6178.961,6199.196,6174.586,6197.009,105794,1,428756
6196.462,6203.025,6184.43,6185.524,81434,1,351082
6185.524,6186.617,6164.194,6173.492,74839,1,318916
6172.945,6182.242,6158.725,6162.007,66504,1,284051
6162.007,6166.929,6156.538,6163.647,46420,1,195778
6164.194,6164.194,6153.803,6155.444,29584,1,121414
6155.991,6157.084,6143.412,6146.693,25461,1,107971
6146.693,6147.24,6141.771,6142.865,6109,1,24250
6143.959,6189.352,6139.583,6188.258,157455,1,544842
6188.258,6195.915,6172.945,6186.071,161229,1,604999
6186.071,6194.274,6161.46,6170.21,147470,1,553282
6170.757,6187.711,6164.741,6187.164,81231,1,316364
6187.164,6187.711,6175.679,6180.055,47510,1,196787
6179.508,6180.602,6152.162,6153.256,64473,1,280740
6153.256,6157.631,6149.975,6154.35,45540,1,161006
6153.803,6158.725,6145.599,6147.24,32586,1,151744
6147.24,6149.428,6139.037,6140.677,25891,1,101142
6141.224,6143.412,6136.302,6137.943,6990,1,30625
6136.307,6207.735,6130.309,6207.19,248066,1,865346
6206.645,6218.095,6171.203,6181.563,207188,1,799904
6182.108,6190.287,6159.208,6185.38,137490,1,545561
6185.925,6196.83,6172.294,6195.195,87669,1,396758
6195.195,6196.285,6176.656,6181.563,65806,1,276138
6182.108,6210.462,6178.292,6191.378,60457,1,216847
6191.378,6201.192,6157.027,6166.296,123800,1,469728
6166.296,6197.921,6162.479,6186.47,90247,1,356702
6187.016,6189.742,6175.02,6181.563,31561,1,125980
6181.563,6194.104,6180.473,6191.378,6796,1,26679
6205.554,6230.091,6193.559,6203.919,276417,1,914754
6203.919,6210.462,6169.568,6172.839,182562,1,659444
6172.294,6203.919,6162.479,6197.921,147406,1,566270
6197.921,6231.727,6191.923,6230.091,101430,1,384245
6230.091,6272.621,6229.546,6260.08,134356,1,579887
6259.535,6275.892,6253.537,6261.716,92873,1,390344
6261.716,6283.526,6261.171,6282.435,78732,1,334737
6282.435,6283.526,6270.44,6274.802,49676,1,210356
6274.802,6292.795,6273.166,6287.888,52079,1,221303
6286.798,6296.612,6286.252,6292.795,10885,1,46367
6300.974,6337.506,6280.254,6294.976,334654,1,1115189
6294.976,6299.884,6240.996,6254.082,282999,1,1022512
6254.082,6289.524,6246.449,6288.433,163819,1,605463
6288.433,6293.886,6270.985,6275.347,107207,1,382416
6275.892,6279.709,6249.72,6250.265,81269,1,296446
6250.265,6258.444,6233.908,6253.537,90683,1,333266
6253.537,6266.078,6239.906,6264.987,82445,1,304659
6265.533,6265.533,6244.268,6245.903,48698,1,172311
6246.449,6267.714,6243.722,6266.623,28615,1,109099
6266.078,6269.895,6261.171,6269.349,6587,1,26090
6412.206,6415.478,6315.151,6318.968,400363,1,1124048
6319.513,6351.683,6301.519,6346.23,236818,1,720615
6345.685,6350.047,6311.334,6315.696,192232,1,643671
6316.241,6319.513,6282.435,6289.524,125381,1,444958
6289.524,6294.431,6267.168,6287.343,102395,1,358113
6287.888,6288.979,6248.63,6262.806,110089,1,380653
6262.261,6279.164,6252.446,6278.073,87200,1,302998
6278.073,6279.709,6267.714,6276.983,46604,1,152389
6277.528,6280.254,6252.992,6261.716,38138,1,130168
6261.716,6263.897,6250.811,6255.173,7697,1,27215
6246.994,6248.084,6188.652,6201.738,302890,1,1029147
6201.738,6212.098,6174.475,6193.014,252260,1,937784
6193.014,6204.464,6179.382,6194.649,166655,1,638161
6195.195,6205.554,6167.387,6170.113,113674,1,418236
6169.568,6179.927,6157.572,6177.746,94835,1,385265
6177.201,6183.199,6166.841,6176.111,75215,1,294131
6176.111,6182.108,6168.477,6180.473,56044,1,220497
6181.018,6191.923,6175.02,6188.652,56153,1,211978
6188.106,6194.104,6183.199,6192.468,26098,1,104444
6192.468,6193.014,6183.199,6185.925,8593,1,33500
6141.76,6166.841,6131.4,6149.393,268367,1,872843
6149.393,6149.938,6119.404,6126.492,194315,1,677014
6125.947,6152.119,6124.857,6135.762,131020,1,482761
6135.762,6136.852,6119.404,6123.221,88556,1,337349
6123.221,6141.214,6122.676,6135.216,60302,1,228329
6135.762,6142.305,6124.311,6135.762,72690,1,274687
6135.762,6158.117,6135.216,6149.938,84959,1,318141
6149.938,6153.21,6145.031,6148.303,43670,1,146758
6147.757,6161.389,6147.757,6160.843,29478,1,110424
6160.298,6165.751,6158.662,6165.751,5649,1,27302
6157.027,6183.199,6149.393,6176.111,261548,1,834072
6176.111,6176.656,6141.214,6141.214,221859,1,792100
6141.76,6147.212,6124.857,6131.945,130104,1,502850
6132.49,6140.669,6121.585,6124.311,83186,1,339598
6124.311,6124.857,6105.773,6111.77,73223,1,306282
6111.225,6117.768,6100.32,6109.044,60801,1,233607
6109.044,6113.951,6082.872,6089.415,77325,1,318062
6089.415,6097.049,6087.234,6093.232,42354,1,163189
6093.232,6096.503,6061.062,6067.06,52594,1,202583
6067.605,6071.967,6047.976,6049.611,13224,1,55991
6050.157,6071.422,6016.896,6027.801,261597,1,862060
6027.801,6047.976,6016.896,6031.073,178262,1,675450
6031.073,6039.251,6003.81,6007.081,150575,1,605852
6007.627,6025.62,6004.9,6023.439,80012,1,328529
6023.439,6027.801,6014.715,6021.803,39209,1,161856
6021.803,6025.075,6002.174,6020.713,73917,1,288561
6020.713,6033.799,6015.805,6020.713,62317,1,261398
6021.258,6032.708,6019.622,6027.801,36763,1,155553
6028.346,6029.437,6014.715,6019.622,24952,1,114884
6020.168,6023.984,6017.441,6020.713,5866,1,24065
6019.077,6019.622,5989.633,5997.267,215623,1,709109
5997.267,6013.079,5979.819,6009.262,210254,1,735725
6009.808,6010.898,5986.362,5993.45,130537,1,487153
5992.905,6036.525,5991.814,6017.441,119202,1,473056
6017.441,6028.346,6001.084,6007.081,79265,1,334226
6007.627,6029.982,6007.081,6018.532,68580,1,276827
6019.077,6025.62,6008.172,6009.262,54155,1,201974
6009.262,6019.077,6007.081,6008.717,38006,1,138805
6008.717,6014.715,6002.174,6010.898,25161,1,103890
6010.898,6015.26,5999.993,6004.355,7226,1,26305
5980.364,6006.536,5972.73,5995.086,226815,1,817575
5995.631,6012.534,5989.088,6000.538,181140,1,713199
6000.538,6009.262,5984.726,5993.995,122322,1,517597
5994.541,6001.084,5987.997,5996.176,51829,1,206968
5996.176,5997.812,5976.547,5977.092,43962,1,193310
5976.547,5985.816,5962.37,5969.459,82238,1,360012
5969.459,5971.095,5959.099,5962.916,45392,1,170032
5962.916,5965.097,5952.556,5953.646,43856,1,211898
5953.646,5962.916,5952.011,5960.189,23360,1,93959
5960.189,5964.006,5954.737,5962.916,6036,1,24331
5950.92,5965.097,5928.565,5949.284,244340,1,811405
5949.284,5970.004,5946.558,5953.101,188476,1,704842
5952.556,5958.554,5935.108,5943.832,122220,1,456993
5944.377,5964.006,5940.56,5962.37,68433,1,263449
5962.37,5986.362,5960.189,5981.454,85731,1,340616
5981.454,5994.541,5977.092,5978.728,64855,1,244689
5979.273,5986.362,5969.459,5974.366,47041,1,199945
5974.911,5981.454,5971.64,5974.911,33123,1,136865
5974.911,5980.909,5973.821,5979.273,22004,1,94251
5979.273,5982.0,5974.366,5974.911,5946,1,25647
5974.366,5994.541,5957.463,5972.185,211277,1,772617
5972.185,5991.814,5957.463,5959.644,161270,1,587316
5960.189,5982.0,5959.644,5979.273,95462,1,348566
5979.273,5979.819,5954.737,5966.732,69189,1,265229
5967.278,5974.366,5960.189,5971.64,37738,1,143614
5971.64,5989.088,5971.095,5988.543,57975,1,235257
5988.543,6003.265,5984.181,5990.178,69157,1,286568
5990.178,5995.631,5988.543,5990.724,24714,1,93429
5990.724,5995.631,5988.543,5990.724,18246,1,76525
5990.724,5995.086,5986.907,5992.905,6953,1,32601
5982.545,5990.178,5938.924,5943.832,198744,1,718385
5943.832,5965.642,5938.379,5958.008,129503,1,477536
5958.554,5992.359,5955.827,5985.816,132834,1,515253
5985.271,5989.088,5979.273,5981.454,45582,1,193506
5980.909,5982.0,5968.368,5973.821,45416,1,197565
5973.821,5986.907,5972.185,5977.638,45929,1,176183
5977.638,5986.907,5971.64,5973.821,40020,1,168014
5973.821,5979.819,5969.459,5970.549,30463,1,133479
5971.095,5982.0,5970.004,5980.364,19654,1,80895
5980.364,5981.454,5976.002,5980.909,4994,1,23143
5976.002,5977.638,5952.011,5959.099,166142,1,572137
5959.099,5960.189,5927.474,5930.746,182071,1,670911
5930.746,5936.198,5902.392,5909.481,138974,1,567456
5909.481,5917.659,5899.121,5903.483,70226,1,313844
5902.938,5921.476,5898.576,5901.302,71324,1,277374
5901.302,5902.392,5878.946,5882.763,90150,1,382401
5883.308,5905.119,5871.313,5902.392,78270,1,351177
5901.847,5913.297,5900.757,5912.207,44656,1,202280
5912.207,5914.388,5907.3,5911.116,20980,1,91487
5910.571,5911.662,5902.938,5904.573,7929,1,39697
5938.924,5964.006,5932.927,5943.832,233081,1,841206
5943.832,5958.554,5935.653,5937.834,158152,1,558286
5937.834,5971.64,5936.198,5962.916,129802,1,514606
5963.461,5979.273,5963.461,5975.457,71904,1,296239
5975.457,5985.816,5972.73,5984.181,60334,1,243877
5984.181,5996.722,5982.0,5990.178,64297,1,279249
5990.178,5996.722,5980.909,5986.362,64145,1,260110
5986.362,5990.178,5967.823,5990.178,63037,1,280003
5989.633,5990.178,5978.183,5980.364,28978,1,129908
5980.364,5989.088,5979.273,5981.454,9549,1,36854
5974.366,5987.997,5958.554,5975.457,190650,1,614596
5974.911,5982.545,5961.28,5971.64,167142,1,584861
5971.095,5984.726,5959.644,5978.728,162735,1,575250
5978.728,5981.454,5962.916,5976.547,72828,1,276092
5976.547,5998.903,5972.73,5995.086,63340,1,247769
5995.086,6015.26,5995.086,6005.446,89664,1,354369
6005.446,6007.081,5977.092,5978.728,102989,1,427586
5978.183,5986.362,5971.64,5984.181,37482,1,156438
5984.181,5995.631,5982.545,5988.543,24219,1,103670
5989.088,5991.269,5980.364,5980.364,6077,1,21994
5986.907,6053.973,5982.0,6052.338,231407,1,822823
6051.792,6068.695,6036.525,6055.064,177786,1,692727
6054.519,6073.603,6047.43,6062.697,128513,1,494702
6062.697,6085.598,6057.79,6079.055,86088,1,365113
6079.055,6093.232,6078.51,6079.055,56002,1,230596
6079.6,6092.141,6056.154,6089.415,110612,1,436135
6089.415,6110.135,6081.781,6106.863,108782,1,428350
6106.863,6107.954,6097.049,6102.501,38191,1,153906
6102.501,6105.773,6090.506,6098.139,39601,1,157042
6097.049,6122.13,6095.958,6113.951,7982,1,33634
6094.868,6094.868,6066.514,6075.784,194621,1,626315
6075.784,6082.327,6057.245,6062.152,135801,1,472603
6062.152,6064.878,5993.45,6003.81,238166,1,889588
6003.81,6020.168,5995.086,6016.351,78555,1,313860
6016.896,6016.896,5984.726,5995.631,70134,1,262442
5996.176,6010.353,5992.359,5994.541,59419,1,230833
5994.541,5998.357,5980.364,5981.454,55233,1,208972
5981.454,5986.362,5975.457,5980.909,43258,1,173418
5981.454,5993.995,5980.364,5989.633,28468,1,110487
5989.633,5990.178,5977.092,5980.909,5573,1,25566
5993.995,6002.719,5970.004,5987.452,213192,1,665349
5987.452,6007.081,5978.183,5984.726,171472,1,579414
5985.271,6001.629,5980.909,5997.267,113622,1,392552
5996.722,6016.351,5992.905,6001.084,85737,1,307176
6001.084,6003.265,5985.271,5993.45,49936,1,177842
5993.45,5993.45,5976.547,5982.545,65146,1,248403
5982.545,5989.088,5974.366,5985.271,53871,1,211230
5985.816,5993.45,5979.819,5992.359,32327,1,130360
5992.905,6004.9,5991.814,5998.357,34902,1,131731
5997.812,6002.719,5995.086,5997.812,7028,1,27401
5980.364,6012.534,5974.911,5990.724,222645,1,693171
5990.178,6005.446,5987.452,5996.176,151923,1,502203
5996.176,5999.448,5983.635,5996.176,93284,1,349132
5996.722,6021.803,5988.543,6005.991,90001,1,356728
6005.991,6011.989,5998.357,6004.9,54622,1,185523
6004.9,6015.805,5998.357,5999.993,58861,1,194347
5999.993,6005.446,5993.995,6001.629,44751,1,155478
6001.629,6005.991,5998.903,6003.81,21533,1,82231
6003.265,6019.622,6002.719,6010.898,35930,1,126555
6010.898,6016.896,6006.536,6011.443,7642,1,33759
6012.534,6049.611,6011.989,6043.614,193963,1,601781
6043.614,6043.614,6021.803,6032.708,166884,1,578816
6032.708,6038.161,6015.26,6027.801,113241,1,402600
6028.346,6047.976,6022.349,6038.706,84389,1,310296
6039.251,6056.7,6037.616,6044.704,69534,1,249010
6045.249,6053.973,6040.342,6047.43,60269,1,192478
6046.885,6058.881,6032.708,6051.792,81075,1,285732
6052.338,6069.786,6049.611,6059.971,58528,1,203647
6059.426,6076.329,6057.245,6070.876,39736,1,148739
6070.876,6075.238,6067.605,6070.331,7902,1,32978
6062.697,6112.316,6059.971,6110.135,201684,1,630123
6110.68,6158.117,6110.135,6152.119,210975,1,726236
6152.119,6177.201,6146.122,6149.393,159307,1,594711
6149.393,6166.296,6144.486,6147.757,106084,1,348551
6147.212,6160.298,6141.76,6145.031,90284,1,290863
6144.486,6147.757,6122.676,6130.309,84882,1,281455
6130.309,6139.579,6127.583,6131.945,75841,1,260662
6132.49,6144.486,6125.402,6131.4,52564,1,197749
6131.945,6145.576,6131.4,6138.488,31767,1,121944
6137.943,6145.031,6137.397,6138.488,7193,1,24697
6083.588,6181.973,6077.065,6165.123,282905,1,953460
6165.666,6206.977,6161.318,6177.625,225356,1,809286
6177.625,6199.911,6141.206,6180.343,216517,1,794276
6180.343,6180.886,6117.833,6128.704,144607,1,586919
6128.704,6166.21,6124.899,6165.666,100417,1,373815
6165.123,6181.973,6143.924,6166.753,67086,1,213314
6167.297,6172.733,6149.903,6160.774,50984,1,168166
6160.774,6170.558,6139.575,6145.011,41071,1,155879
6145.011,6147.185,6085.762,6118.376,78927,1,285501
6118.92,6122.725,6108.592,6120.007,5953,1,18358
6134.139,6155.882,6120.55,6130.335,248977,1,753530
6130.335,6166.753,6123.268,6150.446,168772,1,515066
6150.446,6172.189,6145.554,6148.272,108957,1,340060
6148.272,6149.903,6124.355,6124.355,81612,1,274701
6124.355,6133.052,6114.571,6127.073,61127,1,190287
6127.617,6136.314,6110.223,6121.637,54959,1,167989
6121.637,6133.596,6118.92,6130.878,31655,1,97182
6130.878,6130.878,6114.571,6124.355,34608,1,116105
6124.355,6127.617,6118.376,6125.986,16935,1,54751
6125.986,6125.986,6120.55,6122.725,4761,1,14581
6148.816,6149.903,6082.501,6091.198,235656,1,752621
6091.198,6139.032,6079.239,6135.77,207814,1,700499
6135.77,6162.948,6128.16,6141.206,191338,1,633980
6141.206,6161.318,6139.032,6160.231,83217,1,284101
6160.231,6160.774,6142.293,6147.729,57023,1,185734
6147.729,6155.339,6140.662,6150.99,55504,1,176050
6151.534,6154.251,6141.749,6150.99,48027,1,176307
6150.446,6158.6,6148.272,6151.534,38005,1,126615
6152.077,6157.513,6145.554,6154.251,29457,1,99294
6154.795,6162.405,6153.708,6156.969,6094,1,21028
6154.795,6171.646,6125.442,6142.293,257079,1,738759
6141.749,6158.056,6137.401,6140.119,167137,1,554128
6140.662,6152.077,6121.637,6126.53,165821,1,557960
6125.986,6151.534,6125.442,6148.816,74407,1,271826
6148.272,6159.143,6144.467,6147.729,53910,1,191014
6148.272,6152.621,6140.662,6142.293,48934,1,168760
6142.293,6149.359,6136.857,6141.749,42265,1,151971
6141.749,6150.99,6141.206,6146.098,34231,1,124362
6146.641,6153.164,6146.098,6148.272,20898,1,76983
6148.816,6153.164,6147.729,6149.903,5912,1,25539
6146.641,6158.6,6108.592,6122.181,247916,1,767780
6122.181,6125.442,6102.069,6108.592,153232,1,483327
6108.592,6128.16,6105.874,6116.202,111331,1,386953
6115.658,6121.094,6095.546,6096.633,79794,1,291606
6096.633,6102.069,6072.717,6085.762,99011,1,355690
6085.762,6093.372,6080.326,6086.306,52506,1,179986
6086.306,6088.48,6078.152,6085.219,32947,1,117580
6085.219,6085.219,6072.173,6074.347,33533,1,125197
6074.347,6086.849,6072.717,6077.065,30428,1,103329
6077.609,6077.609,6066.194,6072.717,5988,1,26334
6079.783,6087.393,6025.97,6046.082,282040,1,830604
6046.082,6065.107,6033.58,6062.389,178039,1,571393
6062.389,6099.351,6062.389,6092.828,155255,1,508532
6092.828,6102.613,6060.215,6092.285,142529,1,472706
6092.285,6104.787,6083.044,6093.372,59860,1,195402
6093.372,6095.003,6083.044,6090.111,46571,1,161046
6089.567,6105.33,6086.849,6092.285,52239,1,188665
6092.828,6099.351,6091.198,6091.741,24594,1,83137
6092.285,6103.7,6090.111,6103.156,20272,1,72820
6103.156,6104.243,6096.09,6103.156,5312,1,22382
6087.936,6146.641,6083.588,6137.401,205377,1,632366
6137.944,6137.944,6116.202,6118.92,163037,1,536073
6119.463,6123.268,6101.526,6101.526,114020,1,367237
6102.069,6112.94,6098.808,6107.505,55736,1,193379
6106.961,6108.048,6093.372,6097.721,41153,1,151837
6097.721,6098.264,6074.891,6089.567,69151,1,257398
6089.024,6092.828,6079.783,6083.044,44381,1,162141
6083.044,6087.393,6077.065,6081.414,27650,1,100213
6081.414,6089.024,6080.87,6085.762,22209,1,75446
6086.306,6087.393,6081.957,6086.849,4832,1,17909
6075.434,6108.048,6067.281,6103.7,250504,1,766885
6103.7,6120.55,6096.09,6119.463,147481,1,492443
6119.463,6139.032,6113.484,6131.965,144435,1,540665
6131.965,6155.882,6128.16,6154.251,96544,1,350643
6153.708,6158.056,6140.119,6150.99,68079,1,237856
6150.99,6167.841,6149.903,6162.948,64204,1,234089
6163.492,6179.255,6155.882,6159.687,77115,1,298592
6160.231,6167.297,6153.708,6159.143,40797,1,152473
6159.143,6169.471,6158.6,6166.21,23893,1,89567
6166.21,6177.081,6165.666,6171.102,8832,1,37354
6139.032,6160.231,6124.355,6129.791,275355,1,815812
6130.335,6147.185,6106.961,6145.554,204867,1,671128
6145.011,6180.886,6133.596,6164.036,178960,1,594045
6164.036,6167.841,6146.641,6148.272,86593,1,292369
6148.816,6160.231,6134.683,6146.641,70986,1,246435
6146.641,6158.6,6134.683,6152.621,63511,1,222586
6152.621,6158.056,6143.38,6153.164,44229,1,148717
6152.621,6160.231,6150.99,6153.708,29077,1,99000
6153.164,6169.471,6152.621,6167.841,26084,1,86774
6168.384,6175.994,6167.841,6172.733,7417,1,27826
6152.621,6162.948,6136.314,6147.185,189627,1,570810
6147.185,6171.646,6142.293,6163.492,160768,1,508004
6162.948,6183.604,6148.272,6176.538,140313,1,458592
6176.538,6176.538,6153.708,6155.882,77482,1,284210
6155.882,6156.969,6138.488,6142.293,72645,1,252610
6142.293,6149.359,6137.401,6140.662,52791,1,185953
6140.119,6143.924,6125.442,6126.53,64513,1,215915
6126.53,6127.617,6115.658,6119.463,43276,1,157087
6119.463,6135.227,6119.463,6130.878,33755,1,118582
6130.878,6134.139,6126.53,6126.53,4980,1,20841
6109.679,6120.007,6089.024,6099.351,199764,1,591074
6098.808,6111.853,6060.758,6070.542,194688,1,663409
6071.086,6079.239,6037.928,6043.364,145669,1,551837
6043.908,6056.953,6042.277,6047.169,60424,1,229700
6047.169,6054.235,6039.015,6042.277,51446,1,193767
6042.82,6049.887,6040.103,6047.713,34847,1,132607
6048.256,6068.368,6047.713,6062.389,68882,1,266209
6062.389,6065.107,6056.953,6062.932,27002,1,89344
6062.932,6069.455,6059.671,6061.302,21276,1,74391
6060.758,6061.302,6056.953,6060.215,4877,1,19933
6058.04,6077.065,6042.277,6056.953,208402,1,656441
6056.953,6057.497,5985.746,6001.509,238932,1,860726
6001.509,6013.468,5993.356,5998.792,109433,1,405750
5998.792,6009.119,5989.007,6001.509,75554,1,262101
6001.509,6009.119,5999.335,6008.576,29523,1,100153
6008.576,6012.381,5996.617,5998.792,46474,1,158487
5998.792,6011.837,5994.987,6002.597,43568,1,163236
6002.597,6007.489,5997.704,5999.879,32081,1,117681
6000.422,6002.053,5995.53,6000.422,18994,1,66221
6000.422,6002.053,5992.269,5993.356,5680,1,26609
5999.879,6003.684,5972.7,5991.182,221815,1,712714
5991.182,5998.248,5976.505,5981.941,144599,1,504797
5981.398,6004.771,5979.223,5992.269,107998,1,392800
5991.725,5995.53,5985.202,5990.095,53003,1,185985
5989.551,5993.9,5971.613,5986.833,65326,1,248370
5986.29,5994.443,5973.788,5974.331,53522,1,206078
5974.331,5989.551,5964.003,5966.178,88188,1,340476
5966.178,5975.962,5965.091,5972.7,34098,1,126158
5972.7,5975.418,5967.808,5968.895,18030,1,66311
5968.895,5969.439,5964.003,5966.178,7102,1,31086
5960.742,5982.485,5952.589,5968.895,195200,1,581484
5969.439,5977.593,5944.979,5952.045,153606,1,512472
5952.589,5961.286,5940.63,5950.958,94312,1,340091
5950.958,5971.07,5948.24,5966.178,65302,1,250082
5966.178,5972.7,5958.568,5968.895,47160,1,165891
5968.895,5970.526,5954.219,5962.373,55724,1,197502
5962.916,5963.46,5888.991,5922.692,240546,1,877117
5922.692,5949.871,5918.344,5942.261,144658,1,463650
5942.261,5946.609,5925.41,5943.891,38599,1,126270
5943.891,5948.784,5939.543,5943.891,7062,1,30982
5879.207,5922.149,5872.141,5920.518,247159,1,769066
5919.975,5921.062,5890.622,5903.124,170265,1,582957
5903.124,5915.082,5884.643,5902.58,132381,1,506352
5902.037,5905.842,5881.381,5883.012,81426,1,289792
5883.012,5901.493,5881.925,5896.601,48656,1,176304
5896.601,5908.56,5888.448,5904.211,51947,1,218664
5904.755,5912.908,5902.58,5905.842,45637,1,180437
5905.298,5910.734,5901.493,5902.58,24579,1,105619
5902.037,5911.821,5900.406,5905.298,21240,1,79004
5905.298,5906.385,5900.95,5900.95,4056,1,19193
5913.452,5924.867,5895.514,5923.78,214800,1,678660
5923.236,5973.788,5921.605,5961.829,219723,1,827496
5961.829,5979.223,5954.763,5977.593,110805,1,412930
5978.136,5983.572,5963.46,5973.244,84698,1,317722
5973.244,5998.248,5969.983,5994.987,82651,1,314076
5994.987,6003.684,5985.202,5994.443,64047,1,255743
5994.443,6009.663,5992.269,6000.966,49473,1,192941
6000.422,6010.75,6000.422,6005.858,37912,1,148185
6006.402,6010.206,5994.443,5996.074,27239,1,94342
5995.53,6005.314,5994.443,5999.879,7752,1,32447
6058.584,6091.741,6044.451,6050.43,271094,1,870470
6050.974,6052.605,6027.057,6043.908,163705,1,553577
6044.451,6047.169,6018.36,6019.447,111069,1,390144
6019.447,6027.601,6015.099,6021.621,58408,1,211598
6021.621,6039.559,6021.621,6028.144,60417,1,211162
6028.144,6029.775,6011.837,6017.816,52163,1,181605
6017.273,6024.883,6015.099,6017.816,41290,1,160247
6018.36,6023.796,6014.555,6019.991,27334,1,96448
6020.534,6028.688,6016.729,6023.796,26376,1,98898
6023.252,6029.775,6020.534,6023.796,5748,1,21409
6003.14,6011.837,5950.414,5959.655,244376,1,807276
5959.111,5962.373,5927.584,5941.717,166908,1,620157
5941.717,5945.522,5922.692,5943.891,133348,1,509599
5943.891,5950.958,5932.477,5944.435,67490,1,260480
5944.435,5946.609,5929.759,5931.933,49656,1,195277
5931.933,5943.891,5929.215,5937.912,41661,1,160311
5937.912,5938.456,5929.215,5930.302,37775,1,138269
5930.302,5941.174,5929.215,5938.456,27552,1,105104
5937.912,5946.066,5928.672,5932.477,33252,1,132912
5931.933,5933.564,5925.41,5928.128,6183,1,24262
5930.846,5956.937,5915.082,5948.784,221063,1,697334
5948.784,5953.676,5940.087,5944.979,112986,1,387913
5944.979,5973.788,5944.435,5969.983,113645,1,452521
5969.983,5976.505,5956.937,5960.198,77973,1,289226
5960.198,5963.46,5950.958,5958.568,43132,1,161231
5958.568,5972.157,5946.066,5949.871,63899,1,263188
5949.871,5959.111,5945.522,5956.393,42304,1,160921
5956.393,5958.024,5952.045,5954.763,20001,1,82317
5954.219,5961.829,5951.501,5953.132,21883,1,88101
5953.132,5956.393,5949.871,5952.045,5701,1,26163
5919.431,5920.518,5877.576,5914.539,237823,1,792450
5915.082,5923.236,5903.124,5923.236,133419,1,494090
5923.236,5925.954,5909.103,5915.626,106723,1,406924
5915.082,5921.062,5897.145,5909.647,74094,1,300839
5909.647,5919.975,5907.473,5916.17,53965,1,212078
5916.713,5931.389,5912.365,5916.17,61208,1,226500
5916.17,5920.518,5912.365,5916.713,39112,1,126185
5916.713,5926.497,5912.365,5921.605,36607,1,149699
5921.605,5923.78,5911.821,5914.539,21656,1,91895
5913.995,5916.17,5910.734,5911.821,4723,1,22469
5903.124,5934.651,5899.319,5930.846,200404,1,603729
5930.846,5932.477,5910.734,5921.062,124091,1,403124
5921.062,5924.867,5903.668,5910.734,106308,1,377594
5911.278,5913.995,5903.124,5906.929,51028,1,188775
5906.929,5922.149,5903.668,5905.298,55824,1,214137
5905.298,5918.344,5903.668,5908.016,53274,1,196596
5907.473,5912.365,5903.668,5908.56,33943,1,143625
5909.103,5913.995,5908.56,5910.734,22153,1,99635
5910.19,5911.821,5900.95,5900.95,15269,1,42419
5897.162,5902.032,5867.403,5890.128,158388,1,514022
5890.669,5944.777,5890.128,5939.907,141176,1,558525
5939.907,5943.154,5906.36,5914.477,87343,1,347699
5915.018,5925.839,5906.36,5920.428,50140,1,210756
5920.428,5921.511,5909.607,5909.607,33434,1,127946
5909.607,5924.757,5909.607,5918.805,31024,1,117520
5918.805,5937.202,5915.559,5917.182,65901,1,261423
5917.182,5927.462,5915.559,5917.723,31082,1,135442
5917.723,5921.511,5911.771,5918.264,23464,1,90307
5917.723,5923.675,5915.559,5920.428,4543,1,21431
5948.564,5949.105,5896.08,5902.032,203342,1,713310
5902.573,5945.859,5896.621,5938.284,189430,1,704624
5938.825,5948.564,5925.839,5933.414,151571,1,556252
5933.414,5939.907,5912.312,5914.477,71656,1,295246
5914.477,5934.496,5909.607,5924.757,75656,1,305619
5924.757,5949.105,5924.216,5935.578,97913,1,394073
5935.578,5935.578,5923.675,5930.168,44977,1,169145
5930.168,5935.037,5925.298,5932.332,31779,1,114280
5932.873,5938.284,5900.409,5904.737,52582,1,225303
5904.737,5906.902,5886.882,5890.669,12854,1,60940
5881.471,5894.998,5867.944,5879.307,213672,1,669044
5879.307,5905.278,5878.225,5899.868,146513,1,487676
5899.868,5903.114,5882.553,5901.491,95210,1,323211
5901.491,5913.936,5897.703,5902.032,74132,1,289590
5902.573,5913.394,5898.785,5909.066,36746,1,137035
5909.066,5918.264,5905.278,5910.148,42782,1,170667
5910.689,5915.559,5906.902,5912.312,39866,1,149432
5912.312,5915.018,5909.066,5911.23,17709,1,65578
5911.23,5912.312,5899.327,5907.984,22661,1,82121
5907.984,5910.689,5905.278,5907.443,5190,1,24834
5922.052,5954.516,5917.182,5942.612,184492,1,597786
5943.154,5962.091,5936.12,5953.434,123696,1,401860
5952.893,5984.275,5951.27,5966.42,149203,1,561882
5966.42,5968.584,5955.598,5963.173,53526,1,202411
5963.714,5965.879,5949.646,5949.646,41003,1,159009
5949.646,5962.632,5948.564,5955.057,35742,1,144408
5955.598,5956.139,5932.332,5937.202,56124,1,241311
5937.202,5945.318,5936.12,5943.154,32505,1,137544
5943.695,5950.729,5942.071,5947.482,22497,1,83688
5948.023,5949.646,5944.236,5946.4,5474,1,22385
5940.989,5992.932,5929.627,5984.275,233223,1,750671
5984.275,5984.816,5936.661,5943.695,193588,1,656713
5943.154,5950.187,5922.052,5922.593,120358,1,450323
5923.134,5938.825,5919.346,5927.462,65225,1,250829
5926.921,5931.25,5919.887,5930.168,38365,1,147817
5930.709,5936.12,5924.757,5935.578,37165,1,155757
5935.578,5936.661,5925.298,5930.168,30952,1,127221
5930.709,5932.332,5922.052,5923.134,28151,1,103364
5922.593,5928.545,5920.969,5923.134,15252,1,58992
5923.134,5924.757,5913.936,5913.936,4910,1,25862
5936.661,5938.825,5883.635,5902.573,190719,1,598134
5902.573,5932.332,5897.703,5922.052,160859,1,567357
5922.052,5946.4,5913.394,5944.777,100097,1,370349
5944.236,5962.091,5942.071,5954.516,78935,1,312444
5954.516,5957.762,5944.236,5945.859,36566,1,138452
5945.859,5952.352,5944.236,5946.4,36079,1,157116
5945.859,5961.55,5945.318,5958.845,53491,1,211921
5958.845,5961.55,5951.27,5953.975,32196,1,128494
5953.975,5959.386,5953.434,5959.386,17296,1,64548
5958.845,5968.043,5958.304,5966.961,8871,1,35631
5974.536,5992.932,5968.043,5972.371,226511,1,701315
5972.913,5986.98,5964.255,5981.029,162285,1,557372
5981.029,6005.377,5976.7,5997.261,123182,1,469877
5996.72,6003.754,5996.179,6001.048,47081,1,188928
6001.589,6002.672,5986.439,5996.179,53354,1,200055
5996.72,6008.623,5990.227,5999.966,61984,1,224043
6000.507,6002.131,5993.473,5999.425,32925,1,127684
5999.425,6004.836,5998.343,6002.672,24928,1,99731
6003.213,6010.788,6001.048,6007.0,23308,1,93580
6006.459,6013.493,6005.918,6007.0,7078,1,35742
6003.754,6040.006,6000.507,6034.054,202366,1,632936
6034.595,6058.943,6031.349,6047.581,139697,1,503328
6047.581,6064.895,6042.17,6054.074,101355,1,384447
6054.615,6058.402,6043.793,6056.238,54537,1,208758
6056.779,6069.224,6051.368,6063.813,55140,1,236429
6063.272,6067.6,6061.649,6064.354,32504,1,140927
6064.354,6074.634,6062.19,6067.6,54897,1,224499
6067.6,6067.6,6054.615,6061.108,36529,1,147846
6061.108,6070.306,6060.025,6069.224,24771,1,105460
6069.765,6076.258,6067.6,6070.847,8896,1,33018
6054.615,6080.045,6043.793,6057.32,292276,1,848687
6056.779,6071.388,6038.382,6069.224,169773,1,585579
6069.765,6069.765,6041.088,6053.533,116935,1,423821
6054.074,6060.566,6050.286,6056.779,45202,1,182270
6056.238,6067.059,6051.368,6062.731,55240,1,215315
6062.19,6073.552,6052.991,6052.991,59740,1,218451
6053.533,6061.108,6048.663,6056.779,37749,1,149306
6056.779,6059.484,6054.074,6058.402,23802,1,95954
6057.861,6064.354,6054.615,6056.779,22307,1,83138
6056.779,6058.943,6055.156,6057.861,4694,1,15297
6046.499,6073.552,6028.102,6068.683,218746,1,671943
6068.683,6131.988,6064.895,6122.79,211149,1,838760
6122.79,6123.872,6101.147,6114.674,135069,1,529387
6114.674,6117.379,6102.229,6110.886,59410,1,247648
6111.427,6122.79,6106.017,6112.51,45634,1,193126
6112.51,6113.051,6096.818,6102.229,45325,1,188990
6102.77,6113.051,6099.524,6103.311,41730,1,180924
6103.311,6104.935,6087.62,6088.161,40666,1,188022
6088.161,6091.408,6078.963,6086.538,29102,1,125220
6086.538,6087.62,6075.717,6077.34,7656,1,30947
6089.243,6129.824,6088.161,6110.886,181624,1,587060
6110.886,6113.051,6063.813,6076.799,186426,1,620131
6076.799,6089.784,6071.388,6074.634,105582,1,370133
6074.634,6083.292,6052.991,6056.238,82684,1,331764
6056.779,6057.32,6041.088,6049.745,63262,1,238635
6050.286,6055.697,6033.513,6047.04,60280,1,231795
6046.499,6054.074,6039.465,6049.204,45680,1,184747
6048.663,6057.861,6048.663,6052.991,36014,1,134175
6052.991,6069.765,6051.909,6067.6,36195,1,134042
6067.059,6070.847,6054.615,6057.32,5375,1,23597
6062.731,6098.442,6050.827,6094.113,242719,1,764103
6094.654,6121.708,6087.62,6111.968,176276,1,632950
6111.968,6133.07,6111.968,6117.92,118729,1,443211
6118.461,6122.79,6109.263,6120.626,64705,1,252440
6120.626,6142.269,6120.626,6135.776,76082,1,310495
6135.776,6141.186,6126.577,6129.283,53892,1,216924
6128.742,6139.563,6128.201,6131.447,43885,1,168282
6130.906,6139.022,6126.577,6135.235,38893,1,158557
6134.694,6135.776,6116.838,6127.66,53553,1,211465
6128.201,6134.694,6126.577,6131.447,7604,1,33675
6130.365,6179.062,6103.852,6168.781,301502,1,1003764
6168.781,6176.356,6157.419,6167.158,155735,1,541119
6167.158,6167.158,6135.235,6136.858,139773,1,502259
6136.317,6142.81,6127.119,6134.153,81365,1,305650
6134.694,6143.351,6127.66,6137.94,45627,1,162965
6137.94,6141.728,6117.92,6124.954,51879,1,204555
6125.495,6149.303,6123.872,6139.022,59524,1,244862
6139.563,6144.433,6135.235,6138.481,25290,1,104208
6139.022,6147.138,6134.153,6141.186,25409,1,96221
6140.645,6145.515,6137.94,6145.515,5198,1,20124
6157.96,6166.617,6147.679,6155.254,227240,1,697794
6155.254,6166.076,6136.858,6146.597,174650,1,567398
6146.597,6159.583,6137.94,6152.549,101547,1,366765
6152.549,6161.206,6140.645,6153.631,58034,1,219857
6153.09,6159.583,6149.303,6152.549,29932,1,117461
6152.008,6155.254,6147.138,6149.303,26962,1,109925
6149.303,6149.303,6137.94,6146.597,44636,1,190991
6146.597,6148.762,6132.529,6134.694,35166,1,148542
6134.153,6136.317,6126.036,6129.824,27111,1,111555
6129.283,6130.365,6125.495,6125.495,5391,1,23904
6108.181,6133.07,6100.606,6126.036,195678,1,604570
6126.036,6147.138,6120.626,6146.597,152344,1,511333
6146.056,6154.713,6133.611,6144.974,105933,1,380465
6145.515,6163.912,6142.269,6154.172,70703,1,273814
6154.713,6159.583,6150.926,6155.254,31480,1,119066
6155.795,6169.863,6150.385,6167.158,44605,1,198101
6167.699,6170.946,6162.288,6166.617,32129,1,134547
6166.076,6180.685,6164.453,6176.897,59005,1,247263
6176.897,6177.438,6166.076,6169.322,32077,1,129639
6169.863,6177.979,6168.24,6177.438,7244,1,33359
6180.144,6214.231,6173.651,6197.458,230820,1,743430
6196.917,6213.149,6187.178,6188.26,172949,1,559820
6188.26,6191.506,6171.487,6178.521,143690,1,489794
6178.521,6183.39,6167.158,6179.062,62031,1,234409
6179.062,6188.801,6176.897,6179.603,57115,1,235440
6179.062,6180.685,6172.569,6175.815,30420,1,117202
6175.815,6183.931,6174.192,6180.144,35032,1,130585
6180.144,6180.685,6161.206,6168.24,33660,1,144724
6167.699,6174.733,6161.206,6169.322,25293,1,100671
6169.863,6171.487,6162.829,6164.453,5939,1,25003
6159.042,6188.801,6157.96,6183.931,176215,1,521320
6183.39,6193.671,6146.597,6169.863,216753,1,734253
6170.404,6180.685,6159.042,6167.699,109547,1,383234
6167.699,6178.521,6162.288,6166.076,65791,1,238064
6166.076,6168.781,6154.713,6161.206,45875,1,172643
6160.665,6179.603,6157.96,6178.521,43639,1,178785
6178.521,6190.965,6176.356,6179.603,71526,1,279018
6179.603,6180.685,6169.863,6169.863,27289,1,112980
6170.404,6172.028,6161.206,6162.829,27466,1,110546
6162.829,6168.24,6162.829,6166.617,4675,1,19094
6192.047,6205.574,6185.555,6196.376,188663,1,562579
6196.917,6196.917,6177.979,6195.294,152755,1,520096
6194.753,6207.739,6190.965,6201.246,111614,1,414350
6201.787,6202.869,6176.897,6177.979,91531,1,384412
6177.979,6187.178,6172.028,6186.637,55776,1,208391
6186.637,6188.801,6176.356,6180.144,54038,1,219188
6180.144,6183.39,6157.419,6165.535,74551,1,298403
6165.535,6166.076,6156.337,6164.994,37657,1,144905
6164.994,6169.863,6157.96,6160.665,24658,1,103240
6160.665,6160.665,6157.419,6158.501,4442,1,16373
6155.795,6192.047,6145.515,6176.897,221380,1,700126
6176.897,6194.753,6175.815,6182.849,132954,1,451546
6182.849,6186.637,6170.946,6176.897,102129,1,390330
6176.356,6182.308,6172.569,6181.226,51465,1,205346
6181.226,6187.719,6175.815,6185.013,39026,1,169611
6185.555,6186.637,6144.433,6164.994,110421,1,466909
6165.535,6173.11,6155.795,6161.747,52718,1,207763
6161.747,6164.453,6131.447,6133.611,64451,1,279289
6133.07,6140.104,6130.365,6135.235,26278,1,93571
6135.235,6136.858,6130.906,6136.858,5449,1,23585
6141.186,6164.994,6138.481,6161.206,170108,1,518904
6161.206,6176.356,6155.795,6167.699,139142,1,450927
6167.158,6168.24,6141.728,6164.994,126677,1,476369
6164.994,6176.356,6160.124,6174.733,61323,1,220223
6174.192,6179.062,6161.206,6172.569,56271,1,221216
6172.028,6186.637,6169.322,6181.767,56896,1,229278
6181.226,6183.931,6175.274,6177.979,37575,1,158450
6177.979,6182.849,6176.356,6177.979,27433,1,114508
6177.438,6181.226,6173.651,6180.144,21835,1,93684
6180.685,6188.801,6178.521,6183.39,9789,1,39593
6173.651,6192.588,6155.254,6156.878,201165,1,630933
6156.337,6176.356,6154.713,6165.535,125086,1,434774
6166.076,6177.979,6163.912,6172.569,72361,1,263233
6172.569,6180.144,6168.24,6176.897,49443,1,189591
6176.897,6182.849,6174.192,6175.815,38878,1,155232
6175.274,6181.226,6159.583,6164.994,59623,1,250336
6164.994,6175.274,6161.747,6172.569,40320,1,167460
6172.028,6183.39,6170.946,6178.521,34370,1,137366
6179.062,6183.39,6175.274,6180.685,24172,1,84586
6180.685,6184.472,6179.062,6183.39,7381,1,27555
6179.062,6210.444,6175.815,6188.801,214416,1,689257
6188.801,6194.212,6176.356,6183.931,152874,1,545287
6183.931,6184.472,6166.076,6175.815,134940,1,474565
6175.815,6203.951,6174.192,6196.376,88937,1,389717
6196.917,6237.498,6193.671,6223.43,137983,1,578453
6223.43,6234.251,6212.067,6227.758,82298,1,327195
6227.758,6239.121,6213.69,6233.169,76158,1,309637
6233.169,6241.826,6228.84,6235.874,48710,1,182174
6236.415,6238.58,6228.84,6235.333,29501,1,120610
6235.333,6240.744,6232.087,6238.039,9994,1,42351
6235.333,6265.092,6234.251,6257.517,217166,1,676885
6257.517,6268.339,6245.073,6250.483,169139,1,553919
6249.942,6254.271,6237.498,6244.532,125535,1,420886
6244.532,6261.305,6243.449,6253.189,92337,1,332590
6253.189,6256.976,6249.942,6253.189,42607,1,160245
6253.189,6258.058,6238.58,6243.99,62892,1,254554
6243.449,6245.614,6232.087,6233.71,50440,1,204021
6233.71,6240.203,6226.676,6236.957,47115,1,203118
6236.957,6239.662,6234.792,6236.957,18083,1,86643
6236.957,6243.99,6234.792,6241.285,5505,1,27481
6240.746,6254.775,6227.796,6242.904,179485,1,536204
6242.904,6260.17,6226.717,6255.854,166917,1,579494
6255.854,6261.249,6248.839,6256.933,82387,1,309307
6256.393,6270.962,6253.695,6266.645,75789,1,280770
6267.185,6272.041,6255.854,6256.933,63776,1,277238
6256.933,6267.185,6252.616,6258.012,57029,1,232326
6258.012,6261.249,6249.918,6255.314,42898,1,159107
6255.314,6260.71,6253.695,6259.091,27463,1,101548
6258.552,6268.264,6257.472,6266.645,30864,1,116047
6266.645,6273.66,6263.947,6271.501,9662,1,41014
6265.026,6282.832,6236.968,6243.983,196529,1,642259
6243.443,6291.466,6242.364,6277.437,188740,1,670512
6276.897,6315.207,6272.041,6304.955,157326,1,581933
6304.955,6313.049,6298.48,6310.351,59740,1,239001
6309.811,6312.509,6302.257,6309.811,48691,1,203264
6310.351,6336.251,6306.574,6331.394,76365,1,328407
6331.394,6355.136,6328.157,6354.596,88896,1,404451
6354.596,6359.992,6346.503,6352.977,57563,1,236070
6353.517,6357.834,6348.121,6352.438,31496,1,134727
6351.898,6371.863,6351.359,6361.611,14100,1,64251
6315.747,6319.524,6275.278,6278.516,230453,1,667348
6278.516,6295.243,6276.358,6279.595,142829,1,458471
6280.135,6282.832,6245.062,6254.235,151997,1,536803
6253.695,6260.17,6230.494,6240.746,104606,1,376943
6240.746,6249.918,6228.875,6245.062,64916,1,241576
6245.602,6253.695,6240.206,6247.22,50020,1,174339
6247.22,6261.789,6236.429,6242.904,67173,1,250665
6243.443,6258.552,6241.825,6258.012,31336,1,125898
6258.012,6269.343,6256.933,6258.552,45583,1,170783
6258.552,6269.883,6258.012,6268.804,10038,1,41161
6259.091,6280.674,6253.156,6259.091,227931,1,669592
6259.091,6267.724,6245.602,6257.472,153857,1,508670
6258.012,6278.516,6250.458,6255.854,136519,1,510657
6255.854,6269.343,6253.695,6266.645,80120,1,305986
6266.106,6272.581,6243.983,6245.062,67574,1,270705
6245.062,6248.839,6216.465,6224.019,100692,1,375867
6224.019,6226.717,6209.99,6224.019,53856,1,202982
6224.019,6226.717,6208.91,6217.004,38456,1,144594
6216.465,6219.162,6211.069,6214.846,23524,1,89755
6214.846,6223.479,6214.306,6221.86,9382,1,43505
6332.474,6340.028,6275.818,6282.293,326266,1,930840
6282.293,6286.61,6242.904,6246.141,216098,1,735656
6245.602,6266.645,6229.954,6245.062,176469,1,624286
6245.062,6246.141,6181.932,6182.471,176952,1,646670
6183.011,6190.025,6160.349,6170.061,118649,1,465784
6170.061,6179.773,6154.953,6157.111,78906,1,328253
6157.111,6158.73,6126.355,6149.557,119669,1,486478
6149.557,6153.874,6137.686,6139.845,58138,1,205677
6140.384,6141.463,6130.672,6139.845,32389,1,118664
6139.845,6183.011,6133.909,6180.313,23483,1,114727
6158.73,6175.457,6129.593,6158.73,279131,1,840476
6159.269,6165.744,6093.441,6104.772,265412,1,897035
6104.772,6127.434,6091.822,6119.88,148068,1,516673
6119.88,6144.161,6106.391,6138.765,95685,1,365801
6139.305,6179.234,6137.686,6167.363,127734,1,459370
6167.903,6189.486,6145.78,6177.075,139584,1,540948
6177.075,6184.09,6138.226,6142.003,80148,1,299073
6142.003,6158.19,6129.053,6137.686,108232,1,359217
6137.147,6160.888,6124.197,6156.032,56463,1,180460
6155.492,6166.284,6149.017,6158.73,14306,1,45676
6198.119,6220.242,6190.565,6213.227,205188,1,580797
6213.227,6236.429,6212.688,6224.558,158277,1,507398
6224.019,6243.983,6212.688,6238.048,119201,1,398036
6238.587,6255.314,6232.112,6252.077,85484,1,314226
6252.077,6259.091,6242.364,6259.091,70995,1,259000
6258.552,6260.71,6235.35,6238.048,81751,1,324755
6238.048,6243.443,6223.479,6229.414,75819,1,279415
6228.875,6232.112,6198.119,6201.356,62460,1,229662
6201.356,6205.673,6186.248,6199.198,59860,1,204654
6199.198,6215.385,6198.119,6212.688,10801,1,43965
6245.062,6283.912,6238.587,6276.897,186094,1,588320
6276.897,6288.228,6262.329,6269.343,148919,1,473772
6269.343,6275.818,6248.3,6271.501,130554,1,416870
6271.501,6275.278,6250.997,6255.854,77693,1,259671
6255.854,6259.091,6238.048,6242.364,50189,1,182090
6241.825,6242.904,6231.573,6235.35,49712,1,187426
6235.35,6242.904,6229.414,6235.35,48863,1,180446
6234.81,6242.904,6234.81,6237.508,33816,1,130365
6237.508,6237.508,6214.846,6223.479,49440,1,184752
6223.479,6233.191,6220.242,6228.875,12038,1,47872
6253.695,6263.408,6220.781,6229.954,197419,1,613257
6230.494,6251.537,6217.544,6249.379,162166,1,540373
6249.379,6256.933,6227.256,6229.414,146235,1,541568
6229.414,6253.156,6222.939,6248.3,108980,1,410976
6248.3,6248.839,6232.652,6244.523,71538,1,253756
6245.062,6266.645,6243.983,6259.091,87689,1,318748
6259.091,6260.17,6225.637,6232.112,84582,1,342991
6232.112,6240.206,6229.954,6238.587,37448,1,149817
6238.587,6239.127,6219.162,6221.321,29759,1,122544
6220.781,6221.321,6204.054,6213.767,13631,1,67466
6194.342,6225.098,6189.486,6209.99,176895,1,513145
6209.99,6221.86,6187.327,6209.45,200887,1,685895
6208.91,6259.631,6208.371,6254.235,165639,1,564013
6254.235,6282.293,6249.379,6272.581,121381,1,449941
6272.581,6287.149,6269.343,6284.451,76612,1,276867
6284.451,6285.53,6272.041,6280.674,59963,1,227624
6281.214,6290.387,6275.278,6284.991,48464,1,196270
6284.451,6286.61,6259.631,6262.329,78083,1,303648
6262.329,6270.962,6258.012,6267.185,42026,1,149824
6267.185,6280.674,6266.645,6277.976,16142,1,62799
6275.278,6301.178,6263.947,6282.832,232137,1,661469
6282.832,6289.307,6245.602,6250.458,189950,1,645611
6250.458,6261.789,6242.364,6258.012,110002,1,395527
6258.012,6258.012,6228.875,6249.379,100552,1,360058
6249.379,6251.537,6238.048,6245.062,54429,1,207314
6244.523,6263.408,6236.968,6244.523,69071,1,268092
6244.523,6255.314,6241.285,6248.839,51900,1,191073
6248.839,6259.091,6240.206,6255.854,40776,1,150493
6256.393,6276.897,6253.156,6263.947,69459,1,249743
6263.947,6269.343,6246.681,6247.76,11432,1,46884
6242.904,6268.264,6233.191,6255.854,167400,1,503320
6255.854,6263.408,6228.335,6233.731,144816,1,486835
6233.191,6235.889,6203.515,6206.752,117785,1,418559
6206.752,6217.004,6199.198,6203.515,73195,1,250457
6202.975,6220.781,6202.975,6209.99,60656,1,223435
6209.45,6226.717,6205.133,6207.831,63914,1,243979
6208.371,6211.069,6198.659,6204.054,50728,1,181560
6203.515,6213.227,6199.738,6211.069,31501,1,112789
6211.069,6221.86,6205.673,6214.846,29809,1,100757
6215.385,6215.925,6208.371,6209.99,9069,1,44798
6226.717,6239.127,6209.45,6238.048,197750,1,605605
6238.048,6263.408,6229.414,6233.731,171172,1,651520
6233.191,6242.904,6215.925,6241.285,135173,1,505296
6241.285,6253.695,6233.191,6238.587,74185,1,269501
6238.587,6242.904,6220.781,6222.4,51121,1,190530
6222.4,6240.746,6220.242,6239.666,47184,1,182816
6239.666,6250.997,6234.271,6238.587,56582,1,233173
6239.127,6240.206,6228.875,6231.573,30072,1,123663
6231.573,6239.127,6228.335,6236.429,22871,1,97309
6236.429,6236.968,6228.875,6232.652,8320,1,38048
6248.3,6290.926,6246.141,6280.135,220057,1,691185
6280.135,6296.322,6272.581,6286.07,176089,1,624140
6286.07,6293.084,6276.358,6285.53,100711,1,377216
6285.53,6288.228,6269.343,6281.214,83634,1,325733
6280.674,6302.797,6277.437,6297.941,88955,1,307203
6297.401,6301.718,6273.12,6276.897,72581,1,275752
6277.437,6288.228,6272.041,6281.214,59287,1,223551
6281.753,6287.689,6278.516,6279.055,30216,1,117737
6278.516,6284.991,6276.897,6280.674,24466,1,90801
6280.674,6286.07,6279.055,6283.372,9382,1,43618
6289.307,6294.164,6252.616,6255.854,222747,1,654346
6255.854,6300.099,6254.235,6297.401,190029,1,662940
6297.941,6299.559,6279.055,6297.401,102860,1,382738
6296.861,6297.941,6267.724,6277.437,97773,1,348643
6277.437,6279.055,6263.408,6270.422,52406,1,201922
6270.422,6289.307,6268.264,6284.991,50885,1,189308
6285.53,6286.07,6273.66,6275.278,42091,1,161790
6275.278,6280.135,6272.041,6279.595,26060,1,106225
6279.055,6281.753,6269.343,6269.883,23195,1,91384
6269.883,6271.501,6261.789,6269.883,15311,1,68818
6248.3,6268.804,6239.127,6267.724,212559,1,627160
6268.264,6275.278,6247.76,6260.71,166432,1,506245
6260.71,6261.249,6236.429,6255.314,125206,1,423566
6255.314,6283.912,6245.602,6282.293,115217,1,470468
6282.293,6283.912,6268.264,6275.818,74501,1,294633
6275.278,6284.991,6271.501,6273.12,43066,1,172587
6273.12,6281.753,6267.724,6268.804,44656,1,163840
6268.804,6276.358,6260.17,6265.566,45647,1,186797
6266.106,6279.055,6265.566,6275.278,31427,1,113356
6275.278,6276.358,6258.012,6260.71,14117,1,61431
6275.818,6289.847,6240.746,6247.76,205762,1,631945
6247.76,6270.962,6243.983,6263.947,163008,1,549724
6263.947,6272.581,6258.552,6260.17,102700,1,408032
6260.71,6266.645,6252.077,6262.329,74262,1,294922
6261.789,6273.12,6260.71,6270.422,48973,1,191910
6270.422,6282.293,6260.71,6278.516,61569,1,259400
6279.055,6283.912,6262.868,6266.645,55906,1,229435
6266.106,6271.501,6263.408,6268.804,30031,1,115834
6268.804,6296.322,6267.185,6273.66,64799,1,244495
6273.66,6274.199,6264.487,6270.962,10683,1,45767
6266.106,6295.782,6264.487,6293.084,192370,1,587164
6293.084,6295.782,6277.437,6287.689,134741,1,526843
6287.689,6287.689,6275.278,6284.991,82209,1,345119
6285.53,6312.509,6284.451,6305.495,113607,1,455583
6305.495,6370.244,6293.624,6338.948,162940,1,656464
6338.409,6375.1,6337.869,6358.373,189750,1,647300
6358.373,6400.46,6348.661,6389.129,125339,1,461848
6389.129,6395.064,6372.402,6383.733,71747,1,257358
6383.733,6413.95,6364.848,6406.396,72784,1,275257
6406.396,6438.231,6398.302,6435.533,31047,1,115385
6450.641,6478.159,6417.727,6448.483,267684,1,793772
6449.022,6468.447,6431.216,6462.512,144934,1,457580
6462.512,6477.08,6456.576,6465.209,108382,1,378187
6465.209,6472.764,6456.037,6468.987,55304,1,211449
6469.526,6482.476,6461.432,6470.066,74094,1,281260
6469.526,6471.684,6448.483,6459.274,63599,1,245040
6459.274,6464.13,6453.339,6460.353,31484,1,128229
6459.814,6475.461,6454.958,6465.209,35693,1,142505
6465.749,6503.519,6464.13,6492.188,43996,1,149966
6491.649,6507.296,6485.713,6500.822,15057,1,61915
6476.1,6548.653,6465.888,6548.116,269619,1,819547
6548.116,6597.56,6548.116,6572.838,218296,1,805124
6572.838,6578.75,6506.733,6531.455,213894,1,710384
6531.455,6535.217,6424.506,6441.166,246217,1,779078
6441.166,6485.236,6437.942,6469.113,126482,1,389855
6468.575,6495.985,6463.201,6490.073,94263,1,291532
6490.073,6491.148,6476.1,6488.461,42822,1,137828
6488.461,6497.597,6451.915,6473.95,70655,1,239798
6473.95,6475.562,6430.417,6446.003,56114,1,180650
6446.003,6459.976,6438.479,6457.827,11362,1,44420
6477.174,6510.495,6473.95,6498.134,219488,1,650379
6498.134,6550.803,6494.372,6540.054,179689,1,583057
6540.054,6563.702,6538.442,6542.742,157601,1,520589
6542.742,6563.164,6531.455,6551.878,121981,1,410821
6551.878,6568.001,6538.442,6549.191,105021,1,364430
6549.728,6556.177,6518.019,6522.319,81737,1,288593
6521.782,6547.041,6520.169,6538.979,64539,1,239796
6539.517,6548.116,6531.993,6542.204,61327,1,222709
6542.742,6551.878,6540.592,6542.204,51349,1,169262
6542.204,6547.578,6529.306,6535.755,18251,1,62185
6522.856,6546.504,6502.434,6541.667,212071,1,603918
6541.667,6556.715,6525.544,6545.966,178493,1,544426
6545.966,6570.688,6543.816,6550.266,139567,1,504536
6550.803,6559.402,6528.231,6528.768,110321,1,390212
6528.768,6543.279,6522.319,6537.905,73047,1,253848
6537.905,6555.64,6535.217,6546.504,59339,1,209256
6547.041,6550.803,6508.346,6512.108,74685,1,286418
6512.108,6536.292,6511.57,6533.605,72078,1,278451
6533.068,6533.605,6518.019,6520.707,46957,1,168206
6520.169,6523.394,6512.108,6512.645,12676,1,47751
6524.469,6545.429,6519.094,6537.905,182808,1,524304
6537.905,6542.742,6514.795,6530.381,155858,1,505416
6530.381,6536.83,6520.707,6531.455,103459,1,359182
6530.918,6536.83,6499.209,6503.509,126715,1,478708
6503.509,6512.645,6495.985,6501.359,70213,1,250462
6501.359,6508.346,6487.923,6490.073,57460,1,223047
6490.61,6519.632,6489.535,6513.183,82377,1,317757
6513.183,6516.407,6501.896,6514.795,49866,1,184055
6514.257,6519.632,6504.584,6508.883,30259,1,122932
6508.346,6513.72,6506.733,6509.421,6310,1,28067
6501.896,6505.658,6468.575,6471.263,196731,1,564136
6470.725,6471.8,6454.602,6461.051,150085,1,533890
6460.514,6461.589,6423.431,6426.655,153595,1,598277
6426.655,6447.078,6422.893,6436.867,85195,1,340257
6436.867,6442.779,6429.88,6440.091,47354,1,205604
6439.554,6464.276,6439.554,6458.902,71215,1,273444
6458.364,6469.65,6456.214,6461.589,55092,1,206016
6461.051,6478.249,6458.364,6475.025,48460,1,190276
6475.562,6481.474,6470.188,6475.562,33312,1,125771
6475.562,6481.474,6469.65,6481.474,11325,1,46822
6486.848,6497.597,6457.827,6462.664,202395,1,599497
6462.664,6479.324,6447.615,6471.8,169858,1,538278
6471.8,6516.945,6466.963,6513.72,152645,1,569440
6513.72,6542.204,6509.421,6532.53,117814,1,453077
6533.068,6545.966,6526.618,6545.429,56978,1,214773
6545.429,6563.164,6543.816,6552.953,80131,1,326926
6552.953,6564.239,6548.653,6559.939,65316,1,274443
6559.939,6564.776,6544.891,6545.966,47787,1,196928
6545.966,6562.089,6540.592,6561.014,40530,1,150899
6561.552,6565.851,6557.79,6558.327,15005,1,63065
6548.116,6552.415,6509.421,6522.856,180737,1,558817
6522.856,6535.755,6506.196,6533.605,130515,1,405413
6533.605,6536.83,6503.509,6514.257,120400,1,410177
6514.257,6545.429,6512.645,6533.068,106813,1,404020
6533.068,6541.667,6527.156,6534.143,61894,1,210895
6533.605,6550.803,6530.918,6550.803,57608,1,200788
6550.266,6557.252,6539.517,6557.252,51391,1,179374
6557.252,6561.014,6547.578,6551.878,50412,1,193451
6551.878,6557.252,6549.728,6553.49,22990,1,79896
6552.953,6555.64,6548.116,6548.116,9384,1,41199
6521.244,6538.979,6480.936,6516.407,281176,1,904924
6516.407,6535.217,6499.209,6512.108,146725,1,494223
6512.645,6524.469,6494.372,6506.196,119368,1,395138
6506.733,6520.169,6504.584,6515.332,75520,1,278583
6515.87,6528.231,6513.183,6520.707,63648,1,247794
6520.707,6532.53,6509.958,6529.843,55441,1,196638
6529.306,6533.605,6520.707,6526.081,41830,1,148753
6525.544,6530.918,6509.958,6512.645,38211,1,147998
6512.108,6520.169,6504.584,6518.019,35026,1,135806
6518.019,6521.782,6509.958,6511.033,10238,1,49935
6535.217,6539.517,6505.658,6526.618,186091,1,582256
6526.618,6527.156,6488.461,6494.372,202726,1,685071
6494.372,6496.522,6473.95,6488.461,134390,1,511424
6488.461,6515.87,6485.773,6501.359,105011,1,393591
6501.896,6504.046,6464.276,6469.113,92677,1,388480
6469.113,6476.637,6462.664,6474.487,49751,1,180562
6475.025,6490.073,6472.337,6476.637,61074,1,236089
6476.637,6477.712,6405.695,6412.145,159328,1,589084
6412.682,6448.153,6393.334,6417.519,116421,1,385830
6416.982,6423.968,6394.409,6411.607,21834,1,77056
6340.666,6364.313,6317.019,6351.952,278468,1,927111
6351.414,6376.674,6337.441,6375.599,170089,1,562861
6375.599,6405.158,6366.463,6398.709,163069,1,633354
6398.709,6475.025,6394.947,6465.888,163050,1,648988
6465.351,6477.712,6442.779,6471.263,95071,1,370020
6471.263,6512.645,6470.725,6494.372,137282,1,534164
6493.835,6501.896,6486.848,6493.297,66252,1,236878
6493.297,6502.434,6443.316,6472.337,104710,1,423861
6471.8,6478.249,6450.303,6457.827,68544,1,219430
6457.827,6463.201,6428.268,6432.567,21633,1,88761
6441.166,6497.597,6428.268,6497.06,226122,1,652398
6497.06,6505.658,6463.201,6478.787,197396,1,621317
6478.787,6491.148,6470.725,6487.923,136605,1,417957
6487.923,6510.495,6485.773,6509.958,122117,1,386593
6509.958,6536.292,6508.883,6528.231,103399,1,364339
6528.768,6541.129,6465.888,6495.985,161700,1,607363
6496.522,6513.183,6481.474,6510.495,90138,1,303599
6510.495,6516.407,6484.698,6490.61,65907,1,229422
6490.073,6523.394,6490.073,6520.707,52062,1,184443
6520.169,6523.394,6484.161,6501.359,18838,1,64628
6533.605,6564.239,6485.236,6510.495,337277,1,1070409
6509.958,6519.094,6484.161,6502.971,157169,1,467142
6502.971,6548.116,6502.971,6518.019,159626,1,509050
6518.557,6542.204,6515.332,6532.53,99222,1,309603
6532.53,6534.68,6513.72,6522.319,74070,1,237282
6522.856,6550.266,6520.169,6547.041,78733,1,256925
6547.041,6556.715,6539.517,6542.204,71214,1,245087
6542.204,6561.552,6537.905,6558.327,51988,1,170890
6558.327,6610.458,6557.79,6601.322,98174,1,333437
6601.322,6622.282,6599.71,6621.745,23579,1,105645
6615.833,6634.643,6561.014,6607.234,377528,1,1066939
6607.771,6647.004,6607.234,6619.057,213754,1,654622
6619.595,6660.977,6617.445,6659.365,162314,1,502539
6659.903,6683.012,6626.581,6640.017,259738,1,926975
6640.017,6646.467,6570.151,6580.899,194503,1,550928
6580.899,6597.023,6556.715,6557.79,143044,1,398922
6557.79,6571.226,6521.782,6558.327,180190,1,486773
6558.327,6569.613,6536.292,6562.089,111715,1,298617
6562.089,6579.825,6553.49,6572.838,75891,1,189925
6572.838,6576.063,6562.627,6571.763,18616,1,67609
6564.776,6612.608,6556.715,6608.846,309651,1,802675
6608.846,6629.806,6608.309,6628.731,146989,1,440052
6628.731,6637.33,6598.635,6621.207,184866,1,577375
6621.207,6658.828,6615.833,6654.528,135411,1,450751
6654.528,6668.501,6651.304,6663.127,107637,1,375650
6662.59,6678.175,6651.841,6672.264,86439,1,279497
6672.264,6696.448,6669.039,6687.849,101216,1,336461
6687.312,6748.579,6685.699,6742.668,183594,1,544652
6742.13,6798.023,6734.069,6769.002,160361,1,422490
6769.002,6782.438,6721.708,6721.708,30839,1,109762
6717.946,6775.989,6708.272,6739.98,325283,1,875048
6740.518,6780.826,6653.453,6659.903,447572,1,1436160
6659.903,6668.501,6607.771,6618.52,298431,1,980645
6618.52,6656.678,6599.71,6600.247,200083,1,616735
6600.785,6618.52,6585.199,6609.921,152208,1,523742
6610.458,6619.057,6585.199,6589.498,123354,1,314238
6589.498,6595.948,6569.613,6577.675,117538,1,325064
6577.675,6597.023,6574.45,6590.573,95534,1,288282
6590.573,6615.833,6579.287,6612.071,91566,1,252551
6612.608,6629.806,6610.458,6626.044,25365,1,85170
6563.164,6576.6,6509.958,6519.632,309251,1,785079
6520.169,6579.825,6518.557,6558.865,243037,1,660166
6558.865,6564.239,6533.605,6541.667,199670,1,519945
6542.204,6558.327,6529.306,6545.966,158411,1,509224
6545.966,6562.627,6528.768,6545.966,116187,1,363400
6545.429,6558.865,6531.455,6555.103,91819,1,261045
6555.64,6569.613,6504.046,6516.945,184184,1,538360
6516.407,6536.292,6514.257,6531.455,69957,1,207343
6531.993,6549.191,6525.006,6545.966,52877,1,151677
6545.429,6565.314,6537.367,6557.252,18515,1,69772
6581.437,6622.819,6570.688,6619.595,230985,1,594709
6619.057,6627.656,6605.084,6620.67,121935,1,328324
6620.67,6636.255,6609.384,6624.969,128445,1,352382
6624.969,6645.392,6620.67,6635.18,116273,1,345249
6635.18,6652.916,6630.881,6647.004,66237,1,201224
6646.467,6664.739,6645.392,6655.066,66846,1,203634
6655.066,6670.651,6648.616,6658.828,79282,1,248533
6658.828,6662.052,6648.616,6652.916,55149,1,170522
6652.916,6667.964,6649.154,6659.365,53442,1,142298
6659.903,6669.039,6653.453,6665.814,17207,1,53622
6626.581,6662.052,6612.608,6630.881,228238,1,615884
6630.344,6666.352,6624.969,6641.63,182292,1,517610
6641.63,6658.29,6627.119,6629.269,119999,1,374315
6629.269,6639.48,6610.996,6615.833,98442,1,325195
6615.833,6628.194,6612.608,6623.894,67517,1,217404
6623.894,6646.467,6621.745,6637.868,83687,1,238118
6637.868,6644.854,6625.507,6639.48,72188,1,222029
6640.017,6650.766,6638.405,6644.854,56316,1,152965
6644.317,6650.229,6641.092,6647.004,35748,1,103962
6646.467,6651.304,6642.167,6649.154,12835,1,40007
6664.202,6683.55,6634.106,6645.929,219859,1,558610
6646.467,6682.475,6645.929,6675.488,159815,1,435460
6674.951,6680.862,6653.453,6664.202,112434,1,301668
6664.202,6678.175,6653.453,6668.501,109697,1,303588
6667.964,6678.175,6664.739,6669.039,68222,1,179443
6669.576,6671.189,6654.528,6662.59,68619,1,184979
6662.052,6672.801,6656.678,6669.039,50895,1,148900
6668.501,6669.576,6651.841,6657.753,49378,1,143257
6657.753,6660.977,6637.33,6653.991,53654,1,145568
6654.528,6663.127,6653.991,6662.59,9359,1,27166
6672.213,6687.717,6636.393,6647.085,184142,1,470598
6646.551,6668.471,6615.007,6635.323,170164,1,498624
6635.323,6652.432,6627.839,6649.759,112319,1,357179
6649.224,6695.202,6639.066,6689.856,111114,1,358073
6690.391,6712.311,6648.689,6669.005,127360,1,397431
6669.005,6672.213,6625.165,6643.878,119260,1,356784
6643.878,6660.451,6641.204,6648.689,54748,1,171090
6648.689,6650.828,6635.323,6645.481,44716,1,128805
6645.481,6648.689,6639.066,6642.808,33420,1,89899
6642.808,6646.016,6632.116,6633.72,8237,1,32050
